<annotationInfo>
<annotationInfo>
<item  id="30" filename="PartA/parta1_4.cpp" linenumber="7" name="i_cast" contextFuncName="parta1_4" moduleName="parta1_4" rtlName="i_cast_fu_204_p1" latency="0" BRAM="-1" DSP="-1" FF="-1" LUT="-1" fileDirectory="C:\Users\Patel\Downloads\ECE527\exp\MP3"><\/item>
<item  id="31" filename="PartA/parta1_4.cpp" linenumber="7" name="tmp" contextFuncName="parta1_4" moduleName="parta1_4" rtlName="tmp_fu_208_p2" latency="0" BRAM="-1" DSP="-1" FF="0" LUT="18" fileDirectory="C:\Users\Patel\Downloads\ECE527\exp\MP3"><\/item>
<item  id="32" filename="PartA/parta1_4.cpp" linenumber="7" name="i_1" contextFuncName="parta1_4" moduleName="parta1_4" rtlName="i_1_fu_213_p2" latency="0" BRAM="-1" DSP="-1" FF="0" LUT="38" fileDirectory="C:\Users\Patel\Downloads\ECE527\exp\MP3"><\/item>
<item  id="47" filename="PartA/parta1_4.cpp" linenumber="10" name="j_cast" contextFuncName="parta1_4" moduleName="parta1_4" rtlName="j_cast_fu_234_p1" latency="0" BRAM="-1" DSP="-1" FF="-1" LUT="-1" fileDirectory="C:\Users\Patel\Downloads\ECE527\exp\MP3"><\/item>
<item  id="48" filename="PartA/parta1_4.cpp" linenumber="10" name="tmp_2" contextFuncName="parta1_4" moduleName="parta1_4" rtlName="tmp_2_fu_238_p2" latency="0" BRAM="-1" DSP="-1" FF="0" LUT="18" fileDirectory="C:\Users\Patel\Downloads\ECE527\exp\MP3"><\/item>
<item  id="49" filename="PartA/parta1_4.cpp" linenumber="10" name="j_1" contextFuncName="parta1_4" moduleName="parta1_4" rtlName="j_1_fu_243_p2" latency="0" BRAM="-1" DSP="-1" FF="0" LUT="38" fileDirectory="C:\Users\Patel\Downloads\ECE527\exp\MP3"><\/item>
<item  id="55" filename="PartA/parta1_4.cpp" linenumber="12" name="tmp_6" contextFuncName="parta1_4" moduleName="parta1_4" rtlName="tmp_6_fu_249_p1" latency="0" BRAM="-1" DSP="-1" FF="-1" LUT="-1" fileDirectory="C:\Users\Patel\Downloads\ECE527\exp\MP3"><\/item>
<item  id="57" filename="PartA/parta1_4.cpp" linenumber="15" name="tmp_s" contextFuncName="parta1_4" moduleName="parta1_4" rtlName="tmp_s_fu_253_p2" latency="0" BRAM="-1" DSP="-1" FF="0" LUT="21" fileDirectory="C:\Users\Patel\Downloads\ECE527\exp\MP3"><\/item>
<item  id="58" filename="PartA/parta1_4.cpp" linenumber="15" name="tmp_12_cast" contextFuncName="parta1_4" moduleName="parta1_4" rtlName="tmp_12_cast_fu_258_p1" latency="0" BRAM="-1" DSP="-1" FF="-1" LUT="-1" fileDirectory="C:\Users\Patel\Downloads\ECE527\exp\MP3"><\/item>
<item  id="64" filename="PartA/parta1_4.cpp" linenumber="13" name="k_cast" contextFuncName="parta1_4" moduleName="parta1_4" rtlName="k_cast_fu_263_p1" latency="0" BRAM="-1" DSP="-1" FF="-1" LUT="-1" fileDirectory="C:\Users\Patel\Downloads\ECE527\exp\MP3"><\/item>
<item  id="65" filename="PartA/parta1_4.cpp" linenumber="13" name="tmp_5" contextFuncName="parta1_4" moduleName="parta1_4" rtlName="tmp_5_fu_267_p2" latency="0" BRAM="-1" DSP="-1" FF="0" LUT="18" fileDirectory="C:\Users\Patel\Downloads\ECE527\exp\MP3"><\/item>
<item  id="66" filename="PartA/parta1_4.cpp" linenumber="13" name="k_1" contextFuncName="parta1_4" moduleName="parta1_4" rtlName="k_1_fu_272_p2" latency="0" BRAM="-1" DSP="-1" FF="0" LUT="38" fileDirectory="C:\Users\Patel\Downloads\ECE527\exp\MP3"><\/item>
<item  id="70" filename="PartA/parta1_4.cpp" linenumber="15" name="tmp_10" contextFuncName="parta1_4" moduleName="parta1_4" rtlName="tmp_10_fu_278_p1" latency="0" BRAM="-1" DSP="-1" FF="-1" LUT="-1" fileDirectory="C:\Users\Patel\Downloads\ECE527\exp\MP3"><\/item>
<item  id="71" filename="PartA/parta1_4.cpp" linenumber="15" name="tmp_11" contextFuncName="parta1_4" moduleName="parta1_4" rtlName="tmp_11_fu_282_p2" latency="0" BRAM="-1" DSP="-1" FF="0" LUT="21" fileDirectory="C:\Users\Patel\Downloads\ECE527\exp\MP3"><\/item>
<item  id="72" filename="PartA/parta1_4.cpp" linenumber="15" name="tmp_13_cast" contextFuncName="parta1_4" moduleName="parta1_4" rtlName="tmp_13_cast_fu_287_p1" latency="0" BRAM="-1" DSP="-1" FF="-1" LUT="-1" fileDirectory="C:\Users\Patel\Downloads\ECE527\exp\MP3"><\/item>
<item  id="74" filename="PartA/parta1_4.cpp" linenumber="15" name="tmp_12" contextFuncName="parta1_4" moduleName="parta1_4" rtlName="tmp_12_fu_292_p2" latency="0" BRAM="-1" DSP="-1" FF="0" LUT="21" fileDirectory="C:\Users\Patel\Downloads\ECE527\exp\MP3"><\/item>
<item  id="75" filename="PartA/parta1_4.cpp" linenumber="15" name="tmp_14_cast" contextFuncName="parta1_4" moduleName="parta1_4" rtlName="tmp_14_cast_fu_297_p1" latency="0" BRAM="-1" DSP="-1" FF="-1" LUT="-1" fileDirectory="C:\Users\Patel\Downloads\ECE527\exp\MP3"><\/item>
<item  id="79" filename="PartA/parta1_4.cpp" linenumber="15" name="tmp_7" contextFuncName="parta1_4" moduleName="parta1_4" rtlName="tmp_7_fu_302_p2" latency="0" BRAM="-1" DSP="3" FF="0" LUT="20" fileDirectory="C:\Users\Patel\Downloads\ECE527\exp\MP3"><\/item>
<item  id="81" filename="PartA/parta1_4.cpp" linenumber="15" name="tmp_8" contextFuncName="parta1_4" moduleName="parta1_4" rtlName="C_d0" latency="0" BRAM="-1" DSP="-1" FF="0" LUT="39" fileDirectory="C:\Users\Patel\Downloads\ECE527\exp\MP3"><\/item>
<\/annotationInfo>
</annotationInfo>
