<profile>

<section name = "Vivado HLS Report for 'parta1_4'" level="0">
<item name = "Date">Thu Oct  4 22:31:38 2018
</item>
<item name = "Version">2018.2 (Build 2258646 on Thu Jun 14 20:25:20 MDT 2018)</item>
<item name = "Project">PartA</item>
<item name = "Solution">solution4</item>
<item name = "Product family">zynq</item>
<item name = "Target device">xc7z020clg484-1</item>
</section>

<section name = "Performance Estimates" level="0">
<item name = "Timing (ns)">
<section name = "" level="1">
<item name = "Summary"><table name="" hasTotal="0">
<keys size="4">Clock, Target, Estimated, Uncertainty</keys>
<column name="ap_clk">10.00, 8.510, 1.25</column>
</table>
</item>
</section>
</item>
<item name = "Latency (clock cycles)">
<section name = "" level="1">
<item name = "Summary"><table name="" hasTotal="0">
<keys size="6">, min, max, min, max, Type</keys>
<column name="">?, ?, ?, ?, none</column>
</table>
</item>
<item name = "Detail">
<section name = "" level="1">
<item name = "Instance"><table name="" hasTotal="0">
<keys size="7">Instance, Module, min, max, min, max, Type</keys>
</table>
</item>
<item name = "Loop"><table name="" hasTotal="0">
<keys size="8">Loop Name, min, max, Latency, achieved, target, Count, Pipelined</keys>
<column name="- for_c_row">?, ?, ?, -, -, ?, no</column>
<column name=" + for_c_col">?, ?, ?, -, -, ?, no</column>
<column name="  ++ for_common">?, ?, 4, -, -, ?, no</column>
</table>
</item>
</section>
</item>
</section>
</item>
</section>

<section name = "Utilization Estimates" level="0">
<item name = "Summary"><table name="" hasTotal="1">
<keys size="5">Name, BRAM_18K, DSP48E, FF, LUT</keys>
<column name="DSP">-, -, -, -</column>
<column name="Expression">-, 3, 0, 380</column>
<column name="FIFO">-, -, -, -</column>
<column name="Instance">-, -, -, -</column>
<column name="Memory">-, -, -, -</column>
<column name="Multiplexer">-, -, -, 86</column>
<column name="Register">-, -, 517, -</column>
<specialColumn name="Available">280, 220, 106400, 53200</specialColumn>
<specialColumn name="Utilization (%)">0, 1, ~0, ~0</specialColumn>
</table>
</item>
<item name = "Detail">
<section name = "" level="1">
<item name = "Instance"><table name="" hasTotal="1">
<keys size="6">Instance, Module, BRAM_18K, DSP48E, FF, LUT</keys>
</table>
</item>
<item name = "DSP48"><table name="" hasTotal="0">
<keys size="3">Instance, Module, Expression</keys>
</table>
</item>
<item name = "Memory"><table name="" hasTotal="1">
<keys size="9">Memory, Module, BRAM_18K, FF, LUT, Words, Bits, Banks, W*Bits*Banks</keys>
</table>
</item>
<item name = "FIFO"><table name="" hasTotal="1">
<keys size="7">Name, BRAM_18K, FF, LUT, Depth, Bits, Size:D*B</keys>
</table>
</item>
<item name = "Expression"><table name="" hasTotal="1">
<keys size="7">Variable Name, Operation, DSP48E, FF, LUT, Bitwidth P0, Bitwidth P1</keys>
<column name="tmp_7_fu_302_p2">*, 3, 0, 20, 32, 32</column>
<column name="C_d0">+, 0, 0, 39, 32, 32</column>
<column name="i_1_fu_213_p2">+, 0, 0, 38, 1, 31</column>
<column name="j_1_fu_243_p2">+, 0, 0, 38, 1, 31</column>
<column name="k_1_fu_272_p2">+, 0, 0, 38, 31, 1</column>
<column name="next_mul2_fu_198_p2">+, 0, 0, 45, 7, 38</column>
<column name="next_mul_fu_228_p2">+, 0, 0, 45, 7, 38</column>
<column name="tmp_11_fu_282_p2">+, 0, 0, 21, 15, 15</column>
<column name="tmp_12_fu_292_p2">+, 0, 0, 21, 15, 15</column>
<column name="tmp_s_fu_253_p2">+, 0, 0, 21, 15, 15</column>
<column name="tmp_2_fu_238_p2">icmp, 0, 0, 18, 32, 32</column>
<column name="tmp_5_fu_267_p2">icmp, 0, 0, 18, 32, 32</column>
<column name="tmp_fu_208_p2">icmp, 0, 0, 18, 32, 32</column>
</table>
</item>
<item name = "Multiplexer"><table name="" hasTotal="1">
<keys size="5">Name, LUT, Input Size, Bits, Total Bits</keys>
<column name="ap_NS_fsm">41, 8, 1, 8</column>
<column name="i_reg_133">9, 2, 31, 62</column>
<column name="j_reg_155">9, 2, 31, 62</column>
<column name="k_reg_177">9, 2, 31, 62</column>
<column name="phi_mul1_reg_144">9, 2, 38, 76</column>
<column name="phi_mul_reg_166">9, 2, 38, 76</column>
</table>
</item>
<item name = "Register"><table name="" hasTotal="1">
<keys size="5">Name, FF, LUT, Bits, Const Bits</keys>
<column name="A_load_reg_390">32, 0, 32, 0</column>
<column name="B_load_reg_395">32, 0, 32, 0</column>
<column name="C_addr_1_reg_367">14, 0, 14, 0</column>
<column name="C_load_reg_405">32, 0, 32, 0</column>
<column name="ap_CS_fsm">7, 0, 7, 0</column>
<column name="i_1_reg_340">31, 0, 31, 0</column>
<column name="i_reg_133">31, 0, 31, 0</column>
<column name="j_1_reg_362">31, 0, 31, 0</column>
<column name="j_reg_155">31, 0, 31, 0</column>
<column name="k_1_reg_375">31, 0, 31, 0</column>
<column name="k_reg_177">31, 0, 31, 0</column>
<column name="next_mul2_reg_332">38, 0, 38, 0</column>
<column name="next_mul_reg_354">38, 0, 38, 0</column>
<column name="phi_mul1_reg_144">38, 0, 38, 0</column>
<column name="phi_mul_reg_166">38, 0, 38, 0</column>
<column name="tmp_1_reg_326">15, 0, 15, 0</column>
<column name="tmp_3_reg_349">15, 0, 15, 0</column>
<column name="tmp_7_reg_400">32, 0, 32, 0</column>
</table>
</item>
</section>
</item>
</section>

<section name = "Interface" level="0">
<item name = "Summary"><table name="" hasTotal="0">
<keys size="6">RTL Ports, Dir, Bits, Protocol, Source Object, C Type</keys>
<column name="ap_clk">in, 1, ap_ctrl_hs, parta1_4, return value</column>
<column name="ap_rst">in, 1, ap_ctrl_hs, parta1_4, return value</column>
<column name="ap_start">in, 1, ap_ctrl_hs, parta1_4, return value</column>
<column name="ap_done">out, 1, ap_ctrl_hs, parta1_4, return value</column>
<column name="ap_idle">out, 1, ap_ctrl_hs, parta1_4, return value</column>
<column name="ap_ready">out, 1, ap_ctrl_hs, parta1_4, return value</column>
<column name="A_address0">out, 14, ap_memory, A, array</column>
<column name="A_ce0">out, 1, ap_memory, A, array</column>
<column name="A_q0">in, 32, ap_memory, A, array</column>
<column name="B_address0">out, 14, ap_memory, B, array</column>
<column name="B_ce0">out, 1, ap_memory, B, array</column>
<column name="B_q0">in, 32, ap_memory, B, array</column>
<column name="C_address0">out, 14, ap_memory, C, array</column>
<column name="C_ce0">out, 1, ap_memory, C, array</column>
<column name="C_we0">out, 1, ap_memory, C, array</column>
<column name="C_d0">out, 32, ap_memory, C, array</column>
<column name="C_q0">in, 32, ap_memory, C, array</column>
<column name="mA">in, 32, ap_none, mA, scalar</column>
<column name="nA">in, 32, ap_none, nA, scalar</column>
<column name="mB">in, 32, ap_none, mB, scalar</column>
<column name="nB">in, 32, ap_none, nB, scalar</column>
<column name="mC">in, 32, ap_none, mC, scalar</column>
<column name="nC">in, 32, ap_none, nC, scalar</column>
</table>
</item>
</section>
</profile>
