<stg><name>parta1_4</name>


<trans_list>

<trans id="84" from="1" to="2">
<condition id="20">
<or_exp><and_exp></and_exp></or_exp>
</condition>
</trans>

<trans id="85" from="2" to="3">
<condition id="22">
<or_exp><and_exp><literal name="tmp" val="1"/>
</and_exp></or_exp>
</condition>
</trans>

<trans id="86" from="3" to="4">
<condition id="24">
<or_exp><and_exp><literal name="tmp_2" val="1"/>
</and_exp></or_exp>
</condition>
</trans>

<trans id="93" from="3" to="2">
<condition id="34">
<or_exp><and_exp><literal name="tmp_2" val="0"/>
</and_exp></or_exp>
</condition>
</trans>

<trans id="87" from="4" to="5">
<condition id="25">
<or_exp><and_exp><literal name="tmp_5" val="1"/>
</and_exp></or_exp>
</condition>
</trans>

<trans id="92" from="4" to="3">
<condition id="32">
<or_exp><and_exp><literal name="tmp_5" val="0"/>
</and_exp></or_exp>
</condition>
</trans>

<trans id="89" from="5" to="6">
<condition id="27">
<or_exp><and_exp></and_exp></or_exp>
</condition>
</trans>

<trans id="90" from="6" to="7">
<condition id="28">
<or_exp><and_exp></and_exp></or_exp>
</condition>
</trans>

<trans id="91" from="7" to="4">
<condition id="30">
<or_exp><and_exp></and_exp></or_exp>
</condition>
</trans>
</trans_list>



<state_list>

<state id="1" st_id="1">

<operation id="8" st_id="1" stage="1" lat="1">
<core>NULL</core>
<MemPortIdVec></MemPortIdVec>
<condition id="0">
<or_exp><and_exp></and_exp></or_exp>
</condition>

<Node id="10" bw="0" op_0_bw="0" op_1_bw="32">
<![CDATA[
:0  call void (...)* @_ssdm_op_SpecBitsMap([10000 x i32]* %A) nounwind, !map !7

]]></Node>
<StgValue><ssdm name=""/></StgValue>
</operation>

<operation id="9" st_id="1" stage="1" lat="1">
<core>NULL</core>
<MemPortIdVec></MemPortIdVec>
<condition id="0">
<or_exp><and_exp></and_exp></or_exp>
</condition>

<Node id="11" bw="0" op_0_bw="0" op_1_bw="32">
<![CDATA[
:1  call void (...)* @_ssdm_op_SpecBitsMap([10000 x i32]* %B) nounwind, !map !13

]]></Node>
<StgValue><ssdm name=""/></StgValue>
</operation>

<operation id="10" st_id="1" stage="1" lat="1">
<core>NULL</core>
<MemPortIdVec></MemPortIdVec>
<condition id="0">
<or_exp><and_exp></and_exp></or_exp>
</condition>

<Node id="12" bw="0" op_0_bw="0" op_1_bw="32">
<![CDATA[
:2  call void (...)* @_ssdm_op_SpecBitsMap([10000 x i32]* %C) nounwind, !map !17

]]></Node>
<StgValue><ssdm name=""/></StgValue>
</operation>

<operation id="11" st_id="1" stage="1" lat="1">
<core>NULL</core>
<MemPortIdVec></MemPortIdVec>
<condition id="0">
<or_exp><and_exp></and_exp></or_exp>
</condition>

<Node id="13" bw="0" op_0_bw="0" op_1_bw="32">
<![CDATA[
:3  call void (...)* @_ssdm_op_SpecBitsMap(i32 %mA) nounwind, !map !21

]]></Node>
<StgValue><ssdm name=""/></StgValue>
</operation>

<operation id="12" st_id="1" stage="1" lat="1">
<core>NULL</core>
<MemPortIdVec></MemPortIdVec>
<condition id="0">
<or_exp><and_exp></and_exp></or_exp>
</condition>

<Node id="14" bw="0" op_0_bw="0" op_1_bw="32">
<![CDATA[
:4  call void (...)* @_ssdm_op_SpecBitsMap(i32 %nA) nounwind, !map !27

]]></Node>
<StgValue><ssdm name=""/></StgValue>
</operation>

<operation id="13" st_id="1" stage="1" lat="1">
<core>NULL</core>
<MemPortIdVec></MemPortIdVec>
<condition id="0">
<or_exp><and_exp></and_exp></or_exp>
</condition>

<Node id="15" bw="0" op_0_bw="0" op_1_bw="32">
<![CDATA[
:5  call void (...)* @_ssdm_op_SpecBitsMap(i32 %mB) nounwind, !map !31

]]></Node>
<StgValue><ssdm name=""/></StgValue>
</operation>

<operation id="14" st_id="1" stage="1" lat="1">
<core>NULL</core>
<MemPortIdVec></MemPortIdVec>
<condition id="0">
<or_exp><and_exp></and_exp></or_exp>
</condition>

<Node id="16" bw="0" op_0_bw="0" op_1_bw="32">
<![CDATA[
:6  call void (...)* @_ssdm_op_SpecBitsMap(i32 %nB) nounwind, !map !35

]]></Node>
<StgValue><ssdm name=""/></StgValue>
</operation>

<operation id="15" st_id="1" stage="1" lat="1">
<core>NULL</core>
<MemPortIdVec></MemPortIdVec>
<condition id="0">
<or_exp><and_exp></and_exp></or_exp>
</condition>

<Node id="17" bw="0" op_0_bw="0" op_1_bw="32">
<![CDATA[
:7  call void (...)* @_ssdm_op_SpecBitsMap(i32 %mC) nounwind, !map !39

]]></Node>
<StgValue><ssdm name=""/></StgValue>
</operation>

<operation id="16" st_id="1" stage="1" lat="1">
<core>NULL</core>
<MemPortIdVec></MemPortIdVec>
<condition id="0">
<or_exp><and_exp></and_exp></or_exp>
</condition>

<Node id="18" bw="0" op_0_bw="0" op_1_bw="32">
<![CDATA[
:8  call void (...)* @_ssdm_op_SpecBitsMap(i32 %nC) nounwind, !map !43

]]></Node>
<StgValue><ssdm name=""/></StgValue>
</operation>

<operation id="17" st_id="1" stage="1" lat="1">
<core>NULL</core>
<MemPortIdVec></MemPortIdVec>
<condition id="0">
<or_exp><and_exp></and_exp></or_exp>
</condition>

<Node id="19" bw="0" op_0_bw="0" op_1_bw="0">
<![CDATA[
:9  call void (...)* @_ssdm_op_SpecTopModule([9 x i8]* @parta1_4_str) nounwind

]]></Node>
<StgValue><ssdm name=""/></StgValue>
</operation>

<operation id="18" st_id="1" stage="1" lat="1">
<core>NULL</core>
<MemPortIdVec></MemPortIdVec>
<condition id="0">
<or_exp><and_exp></and_exp></or_exp>
</condition>

<Node id="20" bw="32" op_0_bw="32" op_1_bw="32">
<![CDATA[
:10  %nC_read = call i32 @_ssdm_op_Read.ap_auto.i32(i32 %nC) nounwind

]]></Node>
<StgValue><ssdm name="nC_read"/></StgValue>
</operation>

<operation id="19" st_id="1" stage="1" lat="1">
<core>NULL</core>
<MemPortIdVec></MemPortIdVec>
<condition id="0">
<or_exp><and_exp></and_exp></or_exp>
</condition>

<Node id="21" bw="32" op_0_bw="32" op_1_bw="32">
<![CDATA[
:11  %mC_read = call i32 @_ssdm_op_Read.ap_auto.i32(i32 %mC) nounwind

]]></Node>
<StgValue><ssdm name="mC_read"/></StgValue>
</operation>

<operation id="20" st_id="1" stage="1" lat="1">
<core>NULL</core>
<MemPortIdVec></MemPortIdVec>
<condition id="0">
<or_exp><and_exp></and_exp></or_exp>
</condition>

<Node id="22" bw="32" op_0_bw="32" op_1_bw="32">
<![CDATA[
:12  %nA_read = call i32 @_ssdm_op_Read.ap_auto.i32(i32 %nA) nounwind

]]></Node>
<StgValue><ssdm name="nA_read"/></StgValue>
</operation>

<operation id="21" st_id="1" stage="1" lat="1">
<core>NULL</core>
<MemPortIdVec></MemPortIdVec>
<condition id="0">
<or_exp><and_exp></and_exp></or_exp>
</condition>

<Node id="23" bw="0" op_0_bw="0">
<![CDATA[
:13  br label %1

]]></Node>
<StgValue><ssdm name=""/></StgValue>
</operation>
</state>

<state id="2" st_id="2">

<operation id="22" st_id="2" stage="1" lat="1">
<core>NULL</core>
<MemPortIdVec></MemPortIdVec>
<condition id="1">
<or_exp><and_exp></and_exp></or_exp>
</condition>

<Node id="25" bw="31" op_0_bw="31" op_1_bw="0">
<![CDATA[
:0  %i = phi i31 [ 0, %0 ], [ %i_1, %8 ]

]]></Node>
<StgValue><ssdm name="i"/></StgValue>
</operation>

<operation id="23" st_id="2" stage="1" lat="1">
<core>NULL</core>
<MemPortIdVec></MemPortIdVec>
<condition id="1">
<or_exp><and_exp></and_exp></or_exp>
</condition>

<Node id="26" bw="38" op_0_bw="38" op_1_bw="0">
<![CDATA[
:1  %phi_mul1 = phi i38 [ 0, %0 ], [ %next_mul2, %8 ]

]]></Node>
<StgValue><ssdm name="phi_mul1"/></StgValue>
</operation>

<operation id="24" st_id="2" stage="1" lat="1">
<core>NULL</core>
<MemPortIdVec></MemPortIdVec>
<condition id="1">
<or_exp><and_exp></and_exp></or_exp>
</condition>

<Node id="27" bw="15" op_0_bw="38">
<![CDATA[
:2  %tmp_1 = trunc i38 %phi_mul1 to i15

]]></Node>
<StgValue><ssdm name="tmp_1"/></StgValue>
</operation>

<operation id="25" st_id="2" stage="1" lat="1">
<core>NULL</core>
<MemPortIdVec></MemPortIdVec>
<condition id="1">
<or_exp><and_exp></and_exp></or_exp>
</condition>

<Node id="28" bw="64" op_0_bw="38">
<![CDATA[
:3  %phi_mul1_cast = zext i38 %phi_mul1 to i64

]]></Node>
<StgValue><ssdm name="phi_mul1_cast"/></StgValue>
</operation>

<operation id="26" st_id="2" stage="1" lat="1">
<core>AddSub</core>
<MemPortIdVec></MemPortIdVec>
<condition id="1">
<or_exp><and_exp></and_exp></or_exp>
</condition>

<Node id="29" bw="38" op_0_bw="38" op_1_bw="38">
<![CDATA[
:4  %next_mul2 = add i38 100, %phi_mul1

]]></Node>
<StgValue><ssdm name="next_mul2"/></StgValue>
</operation>

<operation id="27" st_id="2" stage="1" lat="1">
<core>NULL</core>
<MemPortIdVec></MemPortIdVec>
<condition id="1">
<or_exp><and_exp></and_exp></or_exp>
</condition>

<Node id="30" bw="32" op_0_bw="31">
<![CDATA[
:5  %i_cast = zext i31 %i to i32

]]></Node>
<StgValue><ssdm name="i_cast"/></StgValue>
</operation>

<operation id="28" st_id="2" stage="1" lat="1">
<core>Cmp</core>
<MemPortIdVec></MemPortIdVec>
<condition id="1">
<or_exp><and_exp></and_exp></or_exp>
</condition>

<Node id="31" bw="1" op_0_bw="32" op_1_bw="32">
<![CDATA[
:6  %tmp = icmp slt i32 %i_cast, %mC_read

]]></Node>
<StgValue><ssdm name="tmp"/></StgValue>
</operation>

<operation id="29" st_id="2" stage="1" lat="1">
<core>AddSub</core>
<MemPortIdVec></MemPortIdVec>
<condition id="1">
<or_exp><and_exp></and_exp></or_exp>
</condition>

<Node id="32" bw="31" op_0_bw="31" op_1_bw="31">
<![CDATA[
:7  %i_1 = add i31 1, %i

]]></Node>
<StgValue><ssdm name="i_1"/></StgValue>
</operation>

<operation id="30" st_id="2" stage="1" lat="1">
<core>NULL</core>
<MemPortIdVec></MemPortIdVec>
<condition id="1">
<or_exp><and_exp></and_exp></or_exp>
</condition>

<Node id="33" bw="0" op_0_bw="1" op_1_bw="0" op_2_bw="0">
<![CDATA[
:8  br i1 %tmp, label %2, label %9

]]></Node>
<StgValue><ssdm name=""/></StgValue>
</operation>

<operation id="31" st_id="2" stage="1" lat="1">
<core>NULL</core>
<MemPortIdVec></MemPortIdVec>
<condition id="3">
<or_exp><and_exp><literal name="tmp" val="1"/>
</and_exp></or_exp>
</condition>

<Node id="35" bw="0" op_0_bw="0" op_1_bw="0">
<![CDATA[
:0  call void (...)* @_ssdm_op_SpecLoopName([10 x i8]* @p_str12) nounwind

]]></Node>
<StgValue><ssdm name=""/></StgValue>
</operation>

<operation id="32" st_id="2" stage="1" lat="1">
<core>NULL</core>
<MemPortIdVec></MemPortIdVec>
<condition id="3">
<or_exp><and_exp><literal name="tmp" val="1"/>
</and_exp></or_exp>
</condition>

<Node id="36" bw="32" op_0_bw="32" op_1_bw="0">
<![CDATA[
:1  %tmp_4 = call i32 (...)* @_ssdm_op_SpecRegionBegin([10 x i8]* @p_str12) nounwind

]]></Node>
<StgValue><ssdm name="tmp_4"/></StgValue>
</operation>

<operation id="33" st_id="2" stage="1" lat="1">
<core>NULL</core>
<MemPortIdVec></MemPortIdVec>
<condition id="3">
<or_exp><and_exp><literal name="tmp" val="1"/>
</and_exp></or_exp>
</condition>

<Node id="37" bw="14" op_0_bw="32" op_1_bw="64" op_2_bw="64">
<![CDATA[
:2  %A_addr = getelementptr [10000 x i32]* %A, i64 0, i64 %phi_mul1_cast

]]></Node>
<StgValue><ssdm name="A_addr"/></StgValue>
</operation>

<operation id="34" st_id="2" stage="1" lat="1">
<core>NULL</core>
<MemPortIdVec></MemPortIdVec>
<condition id="3">
<or_exp><and_exp><literal name="tmp" val="1"/>
</and_exp></or_exp>
</condition>

<Node id="38" bw="14" op_0_bw="32" op_1_bw="64" op_2_bw="64">
<![CDATA[
:3  %C_addr = getelementptr [10000 x i32]* %C, i64 0, i64 %phi_mul1_cast

]]></Node>
<StgValue><ssdm name="C_addr"/></StgValue>
</operation>

<operation id="35" st_id="2" stage="1" lat="1">
<core>NULL</core>
<MemPortIdVec></MemPortIdVec>
<condition id="3">
<or_exp><and_exp><literal name="tmp" val="1"/>
</and_exp></or_exp>
</condition>

<Node id="39" bw="0" op_0_bw="0" op_1_bw="14" op_2_bw="0" op_3_bw="32" op_4_bw="32" op_5_bw="0" op_6_bw="32" op_7_bw="32" op_8_bw="0" op_9_bw="0" op_10_bw="0" op_11_bw="32" op_12_bw="32" op_13_bw="32" op_14_bw="32" op_15_bw="0" op_16_bw="0">
<![CDATA[
:4  call void (...)* @_ssdm_op_SpecInterface(i32* %C_addr, [8 x i8]* @p_str113, i32 0, i32 0, [1 x i8]* @p_str214, i32 0, i32 0, [1 x i8]* @p_str214, [1 x i8]* @p_str214, [1 x i8]* @p_str214, i32 0, i32 0, i32 0, i32 0, [1 x i8]* @p_str214, [1 x i8]* @p_str214) nounwind

]]></Node>
<StgValue><ssdm name=""/></StgValue>
</operation>

<operation id="36" st_id="2" stage="1" lat="1">
<core>NULL</core>
<MemPortIdVec></MemPortIdVec>
<condition id="3">
<or_exp><and_exp><literal name="tmp" val="1"/>
</and_exp></or_exp>
</condition>

<Node id="40" bw="0" op_0_bw="0">
<![CDATA[
:5  br label %3

]]></Node>
<StgValue><ssdm name=""/></StgValue>
</operation>

<operation id="37" st_id="2" stage="1" lat="1">
<core>NULL</core>
<MemPortIdVec></MemPortIdVec>
<condition id="5">
<or_exp><and_exp><literal name="tmp" val="0"/>
</and_exp></or_exp>
</condition>

<Node id="91" bw="0">
<![CDATA[
:0  ret void

]]></Node>
<StgValue><ssdm name=""/></StgValue>
</operation>
</state>

<state id="3" st_id="3">

<operation id="38" st_id="3" stage="1" lat="1">
<core>NULL</core>
<MemPortIdVec></MemPortIdVec>
<condition id="6">
<or_exp><and_exp></and_exp></or_exp>
</condition>

<Node id="42" bw="31" op_0_bw="31" op_1_bw="0">
<![CDATA[
:0  %j = phi i31 [ 0, %2 ], [ %j_1, %7 ]

]]></Node>
<StgValue><ssdm name="j"/></StgValue>
</operation>

<operation id="39" st_id="3" stage="1" lat="1">
<core>NULL</core>
<MemPortIdVec></MemPortIdVec>
<condition id="6">
<or_exp><and_exp></and_exp></or_exp>
</condition>

<Node id="43" bw="38" op_0_bw="38" op_1_bw="0">
<![CDATA[
:1  %phi_mul = phi i38 [ 0, %2 ], [ %next_mul, %7 ]

]]></Node>
<StgValue><ssdm name="phi_mul"/></StgValue>
</operation>

<operation id="40" st_id="3" stage="1" lat="1">
<core>NULL</core>
<MemPortIdVec></MemPortIdVec>
<condition id="6">
<or_exp><and_exp></and_exp></or_exp>
</condition>

<Node id="44" bw="15" op_0_bw="38">
<![CDATA[
:2  %tmp_3 = trunc i38 %phi_mul to i15

]]></Node>
<StgValue><ssdm name="tmp_3"/></StgValue>
</operation>

<operation id="41" st_id="3" stage="1" lat="1">
<core>NULL</core>
<MemPortIdVec></MemPortIdVec>
<condition id="6">
<or_exp><and_exp></and_exp></or_exp>
</condition>

<Node id="45" bw="64" op_0_bw="38">
<![CDATA[
:3  %phi_mul_cast = zext i38 %phi_mul to i64

]]></Node>
<StgValue><ssdm name="phi_mul_cast"/></StgValue>
</operation>

<operation id="42" st_id="3" stage="1" lat="1">
<core>AddSub</core>
<MemPortIdVec></MemPortIdVec>
<condition id="6">
<or_exp><and_exp></and_exp></or_exp>
</condition>

<Node id="46" bw="38" op_0_bw="38" op_1_bw="38">
<![CDATA[
:4  %next_mul = add i38 100, %phi_mul

]]></Node>
<StgValue><ssdm name="next_mul"/></StgValue>
</operation>

<operation id="43" st_id="3" stage="1" lat="1">
<core>NULL</core>
<MemPortIdVec></MemPortIdVec>
<condition id="6">
<or_exp><and_exp></and_exp></or_exp>
</condition>

<Node id="47" bw="32" op_0_bw="31">
<![CDATA[
:5  %j_cast = zext i31 %j to i32

]]></Node>
<StgValue><ssdm name="j_cast"/></StgValue>
</operation>

<operation id="44" st_id="3" stage="1" lat="1">
<core>Cmp</core>
<MemPortIdVec></MemPortIdVec>
<condition id="6">
<or_exp><and_exp></and_exp></or_exp>
</condition>

<Node id="48" bw="1" op_0_bw="32" op_1_bw="32">
<![CDATA[
:6  %tmp_2 = icmp slt i32 %j_cast, %nC_read

]]></Node>
<StgValue><ssdm name="tmp_2"/></StgValue>
</operation>

<operation id="45" st_id="3" stage="1" lat="1">
<core>AddSub</core>
<MemPortIdVec></MemPortIdVec>
<condition id="6">
<or_exp><and_exp></and_exp></or_exp>
</condition>

<Node id="49" bw="31" op_0_bw="31" op_1_bw="31">
<![CDATA[
:7  %j_1 = add i31 1, %j

]]></Node>
<StgValue><ssdm name="j_1"/></StgValue>
</operation>

<operation id="46" st_id="3" stage="1" lat="1">
<core>NULL</core>
<MemPortIdVec></MemPortIdVec>
<condition id="6">
<or_exp><and_exp></and_exp></or_exp>
</condition>

<Node id="50" bw="0" op_0_bw="1" op_1_bw="0" op_2_bw="0">
<![CDATA[
:8  br i1 %tmp_2, label %4, label %8

]]></Node>
<StgValue><ssdm name=""/></StgValue>
</operation>

<operation id="47" st_id="3" stage="1" lat="1">
<core>NULL</core>
<MemPortIdVec></MemPortIdVec>
<condition id="8">
<or_exp><and_exp><literal name="tmp_2" val="1"/>
</and_exp></or_exp>
</condition>

<Node id="52" bw="0" op_0_bw="0" op_1_bw="0">
<![CDATA[
:0  call void (...)* @_ssdm_op_SpecLoopName([10 x i8]* @p_str315) nounwind

]]></Node>
<StgValue><ssdm name=""/></StgValue>
</operation>

<operation id="48" st_id="3" stage="1" lat="1">
<core>NULL</core>
<MemPortIdVec></MemPortIdVec>
<condition id="8">
<or_exp><and_exp><literal name="tmp_2" val="1"/>
</and_exp></or_exp>
</condition>

<Node id="53" bw="32" op_0_bw="32" op_1_bw="0">
<![CDATA[
:1  %tmp_9 = call i32 (...)* @_ssdm_op_SpecRegionBegin([10 x i8]* @p_str315) nounwind

]]></Node>
<StgValue><ssdm name="tmp_9"/></StgValue>
</operation>

<operation id="49" st_id="3" stage="1" lat="1">
<core>NULL</core>
<MemPortIdVec></MemPortIdVec>
<condition id="8">
<or_exp><and_exp><literal name="tmp_2" val="1"/>
</and_exp></or_exp>
</condition>

<Node id="54" bw="0" op_0_bw="0" op_1_bw="14" op_2_bw="0" op_3_bw="32" op_4_bw="32" op_5_bw="0" op_6_bw="32" op_7_bw="32" op_8_bw="0" op_9_bw="0" op_10_bw="0" op_11_bw="32" op_12_bw="32" op_13_bw="32" op_14_bw="32" op_15_bw="0" op_16_bw="0">
<![CDATA[
:2  call void (...)* @_ssdm_op_SpecInterface(i32* %A_addr, [8 x i8]* @p_str113, i32 0, i32 0, [1 x i8]* @p_str214, i32 0, i32 0, [1 x i8]* @p_str214, [1 x i8]* @p_str214, [1 x i8]* @p_str214, i32 0, i32 0, i32 0, i32 0, [1 x i8]* @p_str214, [1 x i8]* @p_str214) nounwind

]]></Node>
<StgValue><ssdm name=""/></StgValue>
</operation>

<operation id="50" st_id="3" stage="1" lat="1">
<core>NULL</core>
<MemPortIdVec></MemPortIdVec>
<condition id="8">
<or_exp><and_exp><literal name="tmp_2" val="1"/>
</and_exp></or_exp>
</condition>

<Node id="55" bw="15" op_0_bw="31">
<![CDATA[
:3  %tmp_6 = trunc i31 %j to i15

]]></Node>
<StgValue><ssdm name="tmp_6"/></StgValue>
</operation>

<operation id="51" st_id="3" stage="1" lat="1">
<core>NULL</core>
<MemPortIdVec></MemPortIdVec>
<condition id="8">
<or_exp><and_exp><literal name="tmp_2" val="1"/>
</and_exp></or_exp>
</condition>

<Node id="56" bw="14" op_0_bw="32" op_1_bw="64" op_2_bw="64">
<![CDATA[
:4  %B_addr = getelementptr [10000 x i32]* %B, i64 0, i64 %phi_mul_cast

]]></Node>
<StgValue><ssdm name="B_addr"/></StgValue>
</operation>

<operation id="52" st_id="3" stage="1" lat="1">
<core>AddSub</core>
<MemPortIdVec></MemPortIdVec>
<condition id="8">
<or_exp><and_exp><literal name="tmp_2" val="1"/>
</and_exp></or_exp>
</condition>

<Node id="57" bw="15" op_0_bw="15" op_1_bw="15">
<![CDATA[
:5  %tmp_s = add i15 %tmp_1, %tmp_6

]]></Node>
<StgValue><ssdm name="tmp_s"/></StgValue>
</operation>

<operation id="53" st_id="3" stage="1" lat="1">
<core>NULL</core>
<MemPortIdVec></MemPortIdVec>
<condition id="8">
<or_exp><and_exp><literal name="tmp_2" val="1"/>
</and_exp></or_exp>
</condition>

<Node id="58" bw="64" op_0_bw="15">
<![CDATA[
:6  %tmp_12_cast = zext i15 %tmp_s to i64

]]></Node>
<StgValue><ssdm name="tmp_12_cast"/></StgValue>
</operation>

<operation id="54" st_id="3" stage="1" lat="1">
<core>NULL</core>
<MemPortIdVec></MemPortIdVec>
<condition id="8">
<or_exp><and_exp><literal name="tmp_2" val="1"/>
</and_exp></or_exp>
</condition>

<Node id="59" bw="14" op_0_bw="32" op_1_bw="64" op_2_bw="64">
<![CDATA[
:7  %C_addr_1 = getelementptr [10000 x i32]* %C, i64 0, i64 %tmp_12_cast

]]></Node>
<StgValue><ssdm name="C_addr_1"/></StgValue>
</operation>

<operation id="55" st_id="3" stage="1" lat="1">
<core>NULL</core>
<MemPortIdVec></MemPortIdVec>
<condition id="8">
<or_exp><and_exp><literal name="tmp_2" val="1"/>
</and_exp></or_exp>
</condition>

<Node id="60" bw="0" op_0_bw="0" op_1_bw="14" op_2_bw="0" op_3_bw="32" op_4_bw="32" op_5_bw="0" op_6_bw="32" op_7_bw="32" op_8_bw="0" op_9_bw="0" op_10_bw="0" op_11_bw="32" op_12_bw="32" op_13_bw="32" op_14_bw="32" op_15_bw="0" op_16_bw="0">
<![CDATA[
:8  call void (...)* @_ssdm_op_SpecInterface(i32* %B_addr, [8 x i8]* @p_str113, i32 0, i32 0, [1 x i8]* @p_str214, i32 0, i32 0, [1 x i8]* @p_str214, [1 x i8]* @p_str214, [1 x i8]* @p_str214, i32 0, i32 0, i32 0, i32 0, [1 x i8]* @p_str214, [1 x i8]* @p_str214) nounwind

]]></Node>
<StgValue><ssdm name=""/></StgValue>
</operation>

<operation id="56" st_id="3" stage="1" lat="1">
<core>NULL</core>
<MemPortIdVec></MemPortIdVec>
<condition id="8">
<or_exp><and_exp><literal name="tmp_2" val="1"/>
</and_exp></or_exp>
</condition>

<Node id="61" bw="0" op_0_bw="0">
<![CDATA[
:9  br label %5

]]></Node>
<StgValue><ssdm name=""/></StgValue>
</operation>

<operation id="57" st_id="3" stage="1" lat="1">
<core>NULL</core>
<MemPortIdVec></MemPortIdVec>
<condition id="10">
<or_exp><and_exp><literal name="tmp_2" val="0"/>
</and_exp></or_exp>
</condition>

<Node id="88" bw="32" op_0_bw="32" op_1_bw="0" op_2_bw="32">
<![CDATA[
:0  %empty_2 = call i32 (...)* @_ssdm_op_SpecRegionEnd([10 x i8]* @p_str12, i32 %tmp_4) nounwind

]]></Node>
<StgValue><ssdm name="empty_2"/></StgValue>
</operation>

<operation id="58" st_id="3" stage="1" lat="1">
<core>NULL</core>
<MemPortIdVec></MemPortIdVec>
<condition id="10">
<or_exp><and_exp><literal name="tmp_2" val="0"/>
</and_exp></or_exp>
</condition>

<Node id="89" bw="0" op_0_bw="0">
<![CDATA[
:1  br label %1

]]></Node>
<StgValue><ssdm name=""/></StgValue>
</operation>
</state>

<state id="4" st_id="4">

<operation id="59" st_id="4" stage="1" lat="1">
<core>NULL</core>
<MemPortIdVec></MemPortIdVec>
<condition id="11">
<or_exp><and_exp></and_exp></or_exp>
</condition>

<Node id="63" bw="31" op_0_bw="31" op_1_bw="0">
<![CDATA[
:0  %k = phi i31 [ 0, %4 ], [ %k_1, %6 ]

]]></Node>
<StgValue><ssdm name="k"/></StgValue>
</operation>

<operation id="60" st_id="4" stage="1" lat="1">
<core>NULL</core>
<MemPortIdVec></MemPortIdVec>
<condition id="11">
<or_exp><and_exp></and_exp></or_exp>
</condition>

<Node id="64" bw="32" op_0_bw="31">
<![CDATA[
:1  %k_cast = zext i31 %k to i32

]]></Node>
<StgValue><ssdm name="k_cast"/></StgValue>
</operation>

<operation id="61" st_id="4" stage="1" lat="1">
<core>Cmp</core>
<MemPortIdVec></MemPortIdVec>
<condition id="11">
<or_exp><and_exp></and_exp></or_exp>
</condition>

<Node id="65" bw="1" op_0_bw="32" op_1_bw="32">
<![CDATA[
:2  %tmp_5 = icmp slt i32 %k_cast, %nA_read

]]></Node>
<StgValue><ssdm name="tmp_5"/></StgValue>
</operation>

<operation id="62" st_id="4" stage="1" lat="1">
<core>AddSub</core>
<MemPortIdVec></MemPortIdVec>
<condition id="11">
<or_exp><and_exp></and_exp></or_exp>
</condition>

<Node id="66" bw="31" op_0_bw="31" op_1_bw="31">
<![CDATA[
:3  %k_1 = add i31 %k, 1

]]></Node>
<StgValue><ssdm name="k_1"/></StgValue>
</operation>

<operation id="63" st_id="4" stage="1" lat="1">
<core>NULL</core>
<MemPortIdVec></MemPortIdVec>
<condition id="11">
<or_exp><and_exp></and_exp></or_exp>
</condition>

<Node id="67" bw="0" op_0_bw="1" op_1_bw="0" op_2_bw="0">
<![CDATA[
:4  br i1 %tmp_5, label %6, label %7

]]></Node>
<StgValue><ssdm name=""/></StgValue>
</operation>

<operation id="64" st_id="4" stage="1" lat="1">
<core>NULL</core>
<MemPortIdVec></MemPortIdVec>
<condition id="13">
<or_exp><and_exp><literal name="tmp_5" val="1"/>
</and_exp></or_exp>
</condition>

<Node id="70" bw="15" op_0_bw="31">
<![CDATA[
:1  %tmp_10 = trunc i31 %k to i15

]]></Node>
<StgValue><ssdm name="tmp_10"/></StgValue>
</operation>

<operation id="65" st_id="4" stage="1" lat="1">
<core>AddSub</core>
<MemPortIdVec></MemPortIdVec>
<condition id="13">
<or_exp><and_exp><literal name="tmp_5" val="1"/>
</and_exp></or_exp>
</condition>

<Node id="71" bw="15" op_0_bw="15" op_1_bw="15">
<![CDATA[
:2  %tmp_11 = add i15 %tmp_1, %tmp_10

]]></Node>
<StgValue><ssdm name="tmp_11"/></StgValue>
</operation>

<operation id="66" st_id="4" stage="1" lat="1">
<core>NULL</core>
<MemPortIdVec></MemPortIdVec>
<condition id="13">
<or_exp><and_exp><literal name="tmp_5" val="1"/>
</and_exp></or_exp>
</condition>

<Node id="72" bw="64" op_0_bw="15">
<![CDATA[
:3  %tmp_13_cast = zext i15 %tmp_11 to i64

]]></Node>
<StgValue><ssdm name="tmp_13_cast"/></StgValue>
</operation>

<operation id="67" st_id="4" stage="1" lat="1">
<core>NULL</core>
<MemPortIdVec></MemPortIdVec>
<condition id="13">
<or_exp><and_exp><literal name="tmp_5" val="1"/>
</and_exp></or_exp>
</condition>

<Node id="73" bw="14" op_0_bw="32" op_1_bw="64" op_2_bw="64">
<![CDATA[
:4  %A_addr_1 = getelementptr [10000 x i32]* %A, i64 0, i64 %tmp_13_cast

]]></Node>
<StgValue><ssdm name="A_addr_1"/></StgValue>
</operation>

<operation id="68" st_id="4" stage="1" lat="1">
<core>AddSub</core>
<MemPortIdVec></MemPortIdVec>
<condition id="13">
<or_exp><and_exp><literal name="tmp_5" val="1"/>
</and_exp></or_exp>
</condition>

<Node id="74" bw="15" op_0_bw="15" op_1_bw="15">
<![CDATA[
:5  %tmp_12 = add i15 %tmp_3, %tmp_10

]]></Node>
<StgValue><ssdm name="tmp_12"/></StgValue>
</operation>

<operation id="69" st_id="4" stage="1" lat="1">
<core>NULL</core>
<MemPortIdVec></MemPortIdVec>
<condition id="13">
<or_exp><and_exp><literal name="tmp_5" val="1"/>
</and_exp></or_exp>
</condition>

<Node id="75" bw="64" op_0_bw="15">
<![CDATA[
:6  %tmp_14_cast = zext i15 %tmp_12 to i64

]]></Node>
<StgValue><ssdm name="tmp_14_cast"/></StgValue>
</operation>

<operation id="70" st_id="4" stage="1" lat="1">
<core>NULL</core>
<MemPortIdVec></MemPortIdVec>
<condition id="13">
<or_exp><and_exp><literal name="tmp_5" val="1"/>
</and_exp></or_exp>
</condition>

<Node id="76" bw="14" op_0_bw="32" op_1_bw="64" op_2_bw="64">
<![CDATA[
:7  %B_addr_1 = getelementptr [10000 x i32]* %B, i64 0, i64 %tmp_14_cast

]]></Node>
<StgValue><ssdm name="B_addr_1"/></StgValue>
</operation>

<operation id="71" st_id="4" stage="2" lat="2">
<core>RAM</core>
<MemPortIdVec></MemPortIdVec>
<condition id="13">
<or_exp><and_exp><literal name="tmp_5" val="1"/>
</and_exp></or_exp>
</condition>

<Node id="77" bw="32" op_0_bw="14">
<![CDATA[
:8  %A_load = load i32* %A_addr_1, align 4

]]></Node>
<StgValue><ssdm name="A_load"/></StgValue>
</operation>

<operation id="72" st_id="4" stage="2" lat="2">
<core>RAM</core>
<MemPortIdVec></MemPortIdVec>
<condition id="13">
<or_exp><and_exp><literal name="tmp_5" val="1"/>
</and_exp></or_exp>
</condition>

<Node id="78" bw="32" op_0_bw="14">
<![CDATA[
:9  %B_load = load i32* %B_addr_1, align 4

]]></Node>
<StgValue><ssdm name="B_load"/></StgValue>
</operation>

<operation id="73" st_id="4" stage="1" lat="1">
<core>NULL</core>
<MemPortIdVec></MemPortIdVec>
<condition id="15">
<or_exp><and_exp><literal name="tmp_5" val="0"/>
</and_exp></or_exp>
</condition>

<Node id="85" bw="32" op_0_bw="32" op_1_bw="0" op_2_bw="32">
<![CDATA[
:0  %empty = call i32 (...)* @_ssdm_op_SpecRegionEnd([10 x i8]* @p_str315, i32 %tmp_9) nounwind

]]></Node>
<StgValue><ssdm name="empty"/></StgValue>
</operation>

<operation id="74" st_id="4" stage="1" lat="1">
<core>NULL</core>
<MemPortIdVec></MemPortIdVec>
<condition id="15">
<or_exp><and_exp><literal name="tmp_5" val="0"/>
</and_exp></or_exp>
</condition>

<Node id="86" bw="0" op_0_bw="0">
<![CDATA[
:1  br label %3

]]></Node>
<StgValue><ssdm name=""/></StgValue>
</operation>
</state>

<state id="5" st_id="5">

<operation id="75" st_id="5" stage="1" lat="2">
<core>RAM</core>
<MemPortIdVec></MemPortIdVec>
<condition id="16">
<or_exp><and_exp></and_exp></or_exp>
</condition>

<Node id="77" bw="32" op_0_bw="14">
<![CDATA[
:8  %A_load = load i32* %A_addr_1, align 4

]]></Node>
<StgValue><ssdm name="A_load"/></StgValue>
</operation>

<operation id="76" st_id="5" stage="1" lat="2">
<core>RAM</core>
<MemPortIdVec></MemPortIdVec>
<condition id="16">
<or_exp><and_exp></and_exp></or_exp>
</condition>

<Node id="78" bw="32" op_0_bw="14">
<![CDATA[
:9  %B_load = load i32* %B_addr_1, align 4

]]></Node>
<StgValue><ssdm name="B_load"/></StgValue>
</operation>

<operation id="77" st_id="5" stage="2" lat="2">
<core>RAM</core>
<MemPortIdVec></MemPortIdVec>
<condition id="16">
<or_exp><and_exp></and_exp></or_exp>
</condition>

<Node id="80" bw="32" op_0_bw="14">
<![CDATA[
:11  %C_load = load i32* %C_addr_1, align 4

]]></Node>
<StgValue><ssdm name="C_load"/></StgValue>
</operation>
</state>

<state id="6" st_id="6">

<operation id="78" st_id="6" stage="1" lat="1">
<core>Mul</core>
<MemPortIdVec></MemPortIdVec>
<condition id="17">
<or_exp><and_exp></and_exp></or_exp>
</condition>

<Node id="79" bw="32" op_0_bw="32" op_1_bw="32">
<![CDATA[
:10  %tmp_7 = mul nsw i32 %B_load, %A_load

]]></Node>
<StgValue><ssdm name="tmp_7"/></StgValue>
</operation>

<operation id="79" st_id="6" stage="1" lat="2">
<core>RAM</core>
<MemPortIdVec></MemPortIdVec>
<condition id="17">
<or_exp><and_exp></and_exp></or_exp>
</condition>

<Node id="80" bw="32" op_0_bw="14">
<![CDATA[
:11  %C_load = load i32* %C_addr_1, align 4

]]></Node>
<StgValue><ssdm name="C_load"/></StgValue>
</operation>
</state>

<state id="7" st_id="7">

<operation id="80" st_id="7" stage="1" lat="1">
<core>NULL</core>
<MemPortIdVec></MemPortIdVec>
<condition id="18">
<or_exp><and_exp></and_exp></or_exp>
</condition>

<Node id="69" bw="0" op_0_bw="0" op_1_bw="0">
<![CDATA[
:0  call void (...)* @_ssdm_op_SpecLoopName([11 x i8]* @p_str416) nounwind

]]></Node>
<StgValue><ssdm name=""/></StgValue>
</operation>

<operation id="81" st_id="7" stage="1" lat="1">
<core>AddSub</core>
<MemPortIdVec></MemPortIdVec>
<condition id="18">
<or_exp><and_exp></and_exp></or_exp>
</condition>

<Node id="81" bw="32" op_0_bw="32" op_1_bw="32">
<![CDATA[
:12  %tmp_8 = add nsw i32 %tmp_7, %C_load

]]></Node>
<StgValue><ssdm name="tmp_8"/></StgValue>
</operation>

<operation id="82" st_id="7" stage="1" lat="1">
<core>RAM</core>
<MemPortIdVec></MemPortIdVec>
<condition id="18">
<or_exp><and_exp></and_exp></or_exp>
</condition>

<Node id="82" bw="0" op_0_bw="32" op_1_bw="14">
<![CDATA[
:13  store i32 %tmp_8, i32* %C_addr_1, align 4

]]></Node>
<StgValue><ssdm name=""/></StgValue>
</operation>

<operation id="83" st_id="7" stage="1" lat="1">
<core>NULL</core>
<MemPortIdVec></MemPortIdVec>
<condition id="18">
<or_exp><and_exp></and_exp></or_exp>
</condition>

<Node id="83" bw="0" op_0_bw="0">
<![CDATA[
:14  br label %5

]]></Node>
<StgValue><ssdm name=""/></StgValue>
</operation>
</state>
</state_list>


<ports>
</ports>


<dataflows>
</dataflows>


</stg>
