<stg><name>parta1_4</name>


<trans_list>

<trans id="84" from="1" to="2">
<condition id="20">
<or_exp><and_exp></and_exp></or_exp>
</condition>
</trans>

<trans id="85" from="2" to="3">
<condition id="22">
<or_exp><and_exp><literal name="tmp" val="1"/>
</and_exp></or_exp>
</condition>
</trans>

<trans id="86" from="3" to="4">
<condition id="24">
<or_exp><and_exp><literal name="tmp_2" val="1"/>
</and_exp></or_exp>
</condition>
</trans>

<trans id="93" from="3" to="2">
<condition id="34">
<or_exp><and_exp><literal name="tmp_2" val="0"/>
</and_exp></or_exp>
</condition>
</trans>

<trans id="87" from="4" to="5">
<condition id="25">
<or_exp><and_exp><literal name="tmp_5" val="1"/>
</and_exp></or_exp>
</condition>
</trans>

<trans id="92" from="4" to="3">
<condition id="32">
<or_exp><and_exp><literal name="tmp_5" val="0"/>
</and_exp></or_exp>
</condition>
</trans>

<trans id="89" from="5" to="6">
<condition id="27">
<or_exp><and_exp></and_exp></or_exp>
</condition>
</trans>

<trans id="90" from="6" to="7">
<condition id="28">
<or_exp><and_exp></and_exp></or_exp>
</condition>
</trans>

<trans id="91" from="7" to="4">
<condition id="30">
<or_exp><and_exp></and_exp></or_exp>
</condition>
</trans>
</trans_list>



<state_list>

<state id="1" st_id="1">

<operation id="8" st_id="1" stage="1" lat="1">
<core>NULL</core>
<MemPortIdVec></MemPortIdVec>
<condition id="0">
<or_exp><and_exp></and_exp></or_exp>
</condition>

<Node id="10" bw="0" op_0_bw="0" op_1_bw="32">
<![CDATA[
:0  call void (...)* @_ssdm_op_SpecBitsMap([10000 x i32]* %A) nounwind, !map !7

]]></Node>
<StgValue><ssdm name=""/></StgValue>
</operation>

<operation id="9" st_id="1" stage="1" lat="1">
<core>NULL</core>
<MemPortIdVec></MemPortIdVec>
<condition id="0">
<or_exp><and_exp></and_exp></or_exp>
</condition>

<Node id="11" bw="0" op_0_bw="0" op_1_bw="32">
<![CDATA[
:1  call void (...)* @_ssdm_op_SpecBitsMap([10000 x i32]* %B) nounwind, !map !13

]]></Node>
<StgValue><ssdm name=""/></StgValue>
</operation>

<operation id="10" st_id="1" stage="1" lat="1">
<core>NULL</core>
<MemPortIdVec></MemPortIdVec>
<condition id="0">
<or_exp><and_exp></and_exp></or_exp>
</condition>

<Node id="12" bw="0" op_0_bw="0" op_1_bw="32">
<![CDATA[
:2  call void (...)* @_ssdm_op_SpecBitsMap([10000 x i32]* %C) nounwind, !map !17

]]></Node>
<StgValue><ssdm name=""/></StgValue>
</operation>

<operation id="11" st_id="1" stage="1" lat="1">
<core>NULL</core>
<MemPortIdVec></MemPortIdVec>
<condition id="0">
<or_exp><and_exp></and_exp></or_exp>
</condition>

<Node id="13" bw="0" op_0_bw="0" op_1_bw="32">
<![CDATA[
:3  call void (...)* @_ssdm_op_SpecBitsMap(i32 %mA) nounwind, !map !21

]]></Node>
<StgValue><ssdm name=""/></StgValue>
</operation>

<operation id="12" st_id="1" stage="1" lat="1">
<core>NULL</core>
<MemPortIdVec></MemPortIdVec>
<condition id="0">
<or_exp><and_exp></and_exp></or_exp>
</condition>

<Node id="14" bw="0" op_0_bw="0" op_1_bw="32">
<![CDATA[
:4  call void (...)* @_ssdm_op_SpecBitsMap(i32 %nA) nounwind, !map !27

]]></Node>
<StgValue><ssdm name=""/></StgValue>
</operation>

<operation id="13" st_id="1" stage="1" lat="1">
<core>NULL</core>
<MemPortIdVec></MemPortIdVec>
<condition id="0">
<or_exp><and_exp></and_exp></or_exp>
</condition>

<Node id="15" bw="0" op_0_bw="0" op_1_bw="32">
<![CDATA[
:5  call void (...)* @_ssdm_op_SpecBitsMap(i32 %mB) nounwind, !map !31

]]></Node>
<StgValue><ssdm name=""/></StgValue>
</operation>

<operation id="14" st_id="1" stage="1" lat="1">
<core>NULL</core>
<MemPortIdVec></MemPortIdVec>
<condition id="0">
<or_exp><and_exp></and_exp></or_exp>
</condition>

<Node id="16" bw="0" op_0_bw="0" op_1_bw="32">
<![CDATA[
:6  call void (...)* @_ssdm_op_SpecBitsMap(i32 %nB) nounwind, !map !35

]]></Node>
<StgValue><ssdm name=""/></StgValue>
</operation>

<operation id="15" st_id="1" stage="1" lat="1">
<core>NULL</core>
<MemPortIdVec></MemPortIdVec>
<condition id="0">
<or_exp><and_exp></and_exp></or_exp>
</condition>

<Node id="17" bw="0" op_0_bw="0" op_1_bw="32">
<![CDATA[
:7  call void (...)* @_ssdm_op_SpecBitsMap(i32 %mC) nounwind, !map !39

]]></Node>
<StgValue><ssdm name=""/></StgValue>
</operation>

<operation id="16" st_id="1" stage="1" lat="1">
<core>NULL</core>
<MemPortIdVec></MemPortIdVec>
<condition id="0">
<or_exp><and_exp></and_exp></or_exp>
</condition>

<Node id="18" bw="0" op_0_bw="0" op_1_bw="32">
<![CDATA[
:8  call void (...)* @_ssdm_op_SpecBitsMap(i32 %nC) nounwind, !map !43

]]></Node>
<StgValue><ssdm name=""/></StgValue>
</operation>

<operation id="17" st_id="1" stage="1" lat="1">
<core>NULL</core>
<MemPortIdVec></MemPortIdVec>
<condition id="0">
<or_exp><and_exp></and_exp></or_exp>
</condition>

<Node id="19" bw="0" op_0_bw="0" op_1_bw="0">
<![CDATA[
:9  call void (...)* @_ssdm_op_SpecTopModule([9 x i8]* @parta1_4_str) nounwind

]]></Node>
<StgValue><ssdm name=""/></StgValue>
</operation>

<operation id="18" st_id="1" stage="1" lat="1">
<core>NULL</core>
<MemPortIdVec></MemPortIdVec>
<condition id="0">
<or_exp><and_exp></and_exp></or_exp>
</condition>

<Node id="20" bw="32" op_0_bw="32" op_1_bw="32">
<![CDATA[
:10  %nC_read = call i32 @_ssdm_op_Read.ap_auto.i32(i32 %nC) nounwind

]]></Node>
<StgValue><ssdm name="nC_read"/></StgValue>
</operation>

<operation id="19" st_id="1" stage="1" lat="1">
<core>NULL</core>
<MemPortIdVec></MemPortIdVec>
<condition id="0">
<or_exp><and_exp></and_exp></or_exp>
</condition>

<Node id="21" bw="32" op_0_bw="32" op_1_bw="32">
<![CDATA[
:11  %mC_read = call i32 @_ssdm_op_Read.ap_auto.i32(i32 %mC) nounwind

]]></Node>
<StgValue><ssdm name="mC_read"/></StgValue>
</operation>

<operation id="20" st_id="1" stage="1" lat="1">
<core>NULL</core>
<MemPortIdVec></MemPortIdVec>
<condition id="0">
<or_exp><and_exp></and_exp></or_exp>
</condition>

<Node id="22" bw="32" op_0_bw="32" op_1_bw="32">
<![CDATA[
:12  %nA_read = call i32 @_ssdm_op_Read.ap_auto.i32(i32 %nA) nounwind

]]></Node>
<StgValue><ssdm name="nA_read"/></StgValue>
</operation>

<operation id="21" st_id="1" stage="1" lat="1">
<core>NULL</core>
<MemPortIdVec></MemPortIdVec>
<condition id="0">
<or_exp><and_exp></and_exp></or_exp>
</condition>

<Node id="23" bw="0" op_0_bw="0">
<![CDATA[
:13  br label %1

]]></Node>
<StgValue><ssdm name=""/></StgValue>
</operation>
</state>

<state id="2" st_id="2">

<operation id="22" st_id="2" stage="1" lat="1">
<core>NULL</core>
<MemPortIdVec></MemPortIdVec>
<condition id="1">
<or_exp><and_exp></and_exp></or_exp>
</condition>

<Node id="25" bw="31" op_0_bw="31" op_1_bw="0">
<![CDATA[
:0  %i = phi i31 [ 0, %0 ], [ %i_1, %8 ]

]]></Node>
<StgValue><ssdm name="i"/></StgValue>
</operation>

<operation id="23" st_id="2" stage="1" lat="1">
<core>NULL</core>
<MemPortIdVec></MemPortIdVec>
<condition id="1">
<or_exp><and_exp></and_exp></or_exp>
</condition>

<Node id="26" bw="38" op_0_bw="38" op_1_bw="0">
<![CDATA[
:1  %phi_mul1 = phi i38 [ 0, %0 ], [ %next_mul2, %8 ]

]]></Node>
<StgValue><ssdm name="phi_mul1"/></StgValue>
</operation>

<operation id="24" st_id="2" stage="1" lat="1">
<core>NULL</core>
<MemPortIdVec></MemPortIdVec>
<condition id="1">
<or_exp><and_exp></and_exp></or_exp>
</condition>

<Node id="27" bw="15" op_0_bw="38">
<![CDATA[
:2  %tmp_1 = trunc i38 %phi_mul1 to i15

]]></Node>
<StgValue><ssdm name="tmp_1"/></StgValue>
</operation>

<operation id="25" st_id="2" stage="1" lat="1">
<core>NULL</core>
<MemPortIdVec></MemPortIdVec>
<condition id="1">
<or_exp><and_exp></and_exp></or_exp>
</condition>

<Node id="28" bw="64" op_0_bw="38">
<![CDATA[
:3  %phi_mul1_cast = zext i38 %phi_mul1 to i64

]]></Node>
<StgValue><ssdm name="phi_mul1_cast"/></StgValue>
</operation>

<operation id="26" st_id="2" stage="1" lat="1">
<core>AddSub</core>
<MemPortIdVec></MemPortIdVec>
<condition id="1">
<or_exp><and_exp></and_exp></or_exp>
</condition>

<Node id="29" bw="38" op_0_bw="38" op_1_bw="38">
<![CDATA[
:4  %next_mul2 = add i38 100, %phi_mul1

]]></Node>
<StgValue><ssdm name="next_mul2"/></StgValue>
</operation>

<operation id="27" st_id="2" stage="1" lat="1">
<core>NULL</core>
<MemPortIdVec></MemPortIdVec>
<condition id="1">
<or_exp><and_exp></and_exp></or_exp>
</condition>

<Node id="30" bw="32" op_0_bw="31">
<![CDATA[
:5  %i_cast = zext i31 %i to i32

]]></Node>
<StgValue><ssdm name="i_cast"/></StgValue>
</operation>

<operation id="28" st_id="2" stage="1" lat="1">
<core>Cmp</core>
<MemPortIdVec></MemPortIdVec>
<condition id="1">
<or_exp><and_exp></and_exp></or_exp>
</condition>

<Node id="31" bw="1" op_0_bw="32" op_1_bw="32">
<![CDATA[
:6  %tmp = icmp slt i32 %i_cast, %mC_read

]]></Node>
<StgValue><ssdm name="tmp"/></StgValue>
</operation>

<operation id="29" st_id="2" stage="1" lat="1">
<core>AddSub</core>
<MemPortIdVec></MemPortIdVec>
<condition id="1">
<or_exp><and_exp></and_exp></or_exp>
</condition>

<Node id="32" bw="31" op_0_bw="31" op_1_bw="31">
<![CDATA[
:7  %i_1 = add i31 1, %i

]]></Node>
<StgValue><ssdm name="i_1"/></StgValue>
</operation>

<operation id="30" st_id="2" stage="1" lat="1">
<core>NULL</core>
<MemPortIdVec></MemPortIdVec>
<condition id="1">
<or_exp><and_exp></and_exp></or_exp>
</condition>

<Node id="33" bw="0" op_0_bw="1" op_1_bw="0" op_2_bw="0">
<![CDATA[
:8  br i1 %tmp, label %2, label %9

]]></Node>
<StgValue><ssdm name=""/></StgValue>
</operation>

<operation id="31" st_id="2" stage="1" lat="1">
<core>NULL</core>
<MemPortIdVec></MemPortIdVec>
<condition id="3">
<or_exp><and_exp><literal name="tmp" val="1"/>
</and_exp></or_exp>
</condition>

<Node id="35" bw="0" op_0_bw="0" op_1_bw="0">
<![CDATA[
:0  call void (...)* @_ssdm_op_SpecLoopName([10 x i8]* @p_str12) nounwind

]]></Node>
<StgValue><ssdm name=""/></StgValue>
</operation>

<operation id="32" st_id="2" stage="1" lat="1">
<core>NULL</core>
<MemPortIdVec></MemPortIdVec>
<condition id="3">
<or_exp><and_exp><literal name="tmp" val="1"/>
</and_exp></or_exp>
</condition>

<Node id="36" bw="32" op_0_bw="32" op_1_bw="0">
<![CDATA[
:1  %tmp_4 = call i32 (...)* @_ssdm_op_SpecRegionBegin([10 x i8]* @p_str12) nounwind

]]></Node>
<StgValue><ssdm name="tmp_4"/></StgValue>
</operation>

<operation id="33" st_id="2" stage="1" lat="1">
<core>NULL</core>
<MemPortIdVec></MemPortIdVec>
<condition id="3">
<or_exp><and_exp><literal name="tmp" val="1"/>
</and_exp></or_exp>
</condition>

<Node id="37" bw="14" op_0_bw="32" op_1_bw="64" op_2_bw="64">
<![CDATA[
:2  %A_addr = getelementptr [10000 x i32]* %A, i64 0, i64 %phi_mul1_cast

]]></Node>
<StgValue><ssdm name="A_addr"/></StgValue>
</operation>

<operation id="34" st_id="2" stage="1" lat="1">
<core>NULL</core>
<MemPortIdVec></MemPortIdVec>
<condition id="3">
<or_exp><and_exp><literal name="tmp" val="1"/>
</and_exp></or_exp>
</condition>

<Node id="38" bw="14" op_0_bw="32" op_1_bw="64" op_2_bw="64">
<![CDATA[
:3  %C_addr = getelementptr [10000 x i32]* %C, i64 0, i64 %phi_mul1_cast

]]></Node>
<StgValue><ssdm name="C_addr"/></StgValue>
</operation>

<operation id="35" st_id="2" stage="1" lat="1">
<core>NULL</core>
<MemPortIdVec></MemPortIdVec>
<condition id="3">
<or_exp><and_exp><literal name="tmp" val="1"/>
</and_exp></or_exp>
</condition>

<Node id="39" bw="0" op_0_bw="0" op_1_bw="14" op_2_bw="0" op_3_bw="32" op_4_bw="32" op_5_bw="0" op_6_bw="32" op_7_bw="32" op_8_bw="0" op_9_bw="0" op_10_bw="0" op_11_bw="32" op_12_bw="32" op_13_bw="32" op_14_bw="32" op_15_bw="0" op_16_bw="0">
<![CDATA[
:4  call void (...)* @_ssdm_op_SpecInterface(i32* %C_addr, [8 x i8]* @p_str113, i32 0, i32 0, [1 x i8]* @p_str214, i32 0, i32 0, [1 x i8]* @p_str214, [1 x i8]* @p_str214, [1 x i8]* @p_str214, i32 0, i32 0, i32 0, i32 0, [1 x i8]* @p_str214, [1 x i8]* @p_str214) nounwind

]]></Node>
<StgValue><ssdm name=""/></StgValue>
</operation>

<operation id="36" st_id="2" stage="1" lat="1">
<core>NULL</core>
<MemPortIdVec></MemPortIdVec>
<condition id="3">
<or_exp><and_exp><literal name="tmp" val="1"/>
</and_exp></or_exp>
</condition>

<Node id="40" bw="0" op_0_bw="0">
<![CDATA[
:5  br label %3

]]></Node>
<StgValue><ssdm name=""/></StgValue>
</operation>

<operation id="37" st_id="2" stage="1" lat="1">
<core>NULL</core>
<MemPortIdVec></MemPortIdVec>
<condition id="5">
<or_exp><and_exp><literal name="tmp" val="0"/>
</and_exp></or_exp>
</condition>

<Node id="91" bw="0">
<![CDATA[
:0  ret void

]]></Node>
<StgValue><ssdm name=""/></StgValue>
</operation>
</state>

<state id="3" st_id="3">

<operation id="38" st_id="3" stage="1" lat="1">
<core>NULL</core>
<MemPortIdVec></MemPortIdVec>
<condition id="6">
<or_exp><and_exp></and_exp></or_exp>
</condition>

<Node id="42" bw="31" op_0_bw="31" op_1_bw="0">
<![CDATA[
:0  %j = phi i31 [ 0, %2 ], [ %j_1, %7 ]

]]></Node>
<StgValue><ssdm name="j"/></StgValue>
</operation>

<operation id="39" st_id="3" stage="1" lat="1">
<core>NULL</core>
<MemPortIdVec></MemPortIdVec>
<condition id="6">
<or_exp><and_exp></and_exp></or_exp>
</condition>

<Node id="43" bw="38" op_0_bw="38" op_1_bw="0">
<![CDATA[
:1  %phi_mul = phi i38 [ 0, %2 ], [ %next_mul, %7 ]

]]></Node>
<StgValue><ssdm name="phi_mul"/></StgValue>
</operation>

<operation id="40" st_id="3" stage="1" lat="1">
<core>NULL</core>
<MemPortIdVec></MemPortIdVec>
<condition id="6">
<or_exp><and_exp></and_exp></or_exp>
</condition>

<Node id="44" bw="15" op_0_bw="38">
<![CDATA[
:2  %tmp_3 = trunc i38 %phi_mul to i15

]]></Node>
<StgValue><ssdm name="tmp_3"/></StgValue>
</operation>

<operation id="41" st_id="3" stage="1" lat="1">
<core>NULL</core>
<MemPortIdVec></MemPortIdVec>
<condition id="6">
<or_exp><and_exp></and_exp></or_exp>
</condition>

<Node id="45" bw="64" op_0_bw="38">
<![CDATA[
:3  %phi_mul_cast = zext i38 %phi_mul to i64

]]></Node>
<StgValue><ssdm name="phi_mul_cast"/></StgValue>
</operation>

<operation id="42" st_id="3" stage="1" lat="1">
<core>AddSub</core>
<MemPortIdVec></MemPortIdVec>
<condition id="6">
<or_exp><and_exp></and_exp></or_exp>
</condition>

<Node id="46" bw="38" op_0_bw="38" op_1_bw="38">
<![CDATA[
:4  %next_mul = add i38 100, %phi_mul

]]></Node>
<StgValue><ssdm name="next_mul"/></StgValue>
</operation>

<operation id="43" st_id="3" stage="1" lat="1">
<core>NULL</core>
<MemPortIdVec></MemPortIdVec>
<condition id="6">
<or_exp><and_exp></and_exp></or_exp>
</condition>

<Node id="47" bw="32" op_0_bw="31">
<![CDATA[
:5  %j_cast = zext i31 %j to i32

]]></Node>
<StgValue><ssdm name="j_cast"/></StgValue>
</operation>

<operation id="44" st_id="3" stage="1" lat="1">
<core>Cmp</core>
<MemPortIdVec></MemPortIdVec>
<condition id="6">
<or_exp><and_exp></and_exp></or_exp>
</condition>

<Node id="48" bw="1" op_0_bw="32" op_1_bw="32">
<![CDATA[
:6  %tmp_2 = icmp slt i32 %j_cast, %nC_read

]]></Node>
<StgValue><ssdm name="tmp_2"/></StgValue>
</operation>

<operation id="45" st_id="3" stage="1" lat="1">
<core>AddSub</core>
<MemPortIdVec></MemPortIdVec>
<condition id="6">
<or_exp><and_exp></and_exp></or_exp>
</condition>

<Node id="49" bw="31" op_0_bw="31" op_1_bw="31">
<![CDATA[
:7  %j_1 = add i31 1, %j

]]></Node>
<StgValue><ssdm name="j_1"/></StgValue>
</operation>

<operation id="46" st_id="3" stage="1" lat="1">
<core>NULL</core>
<MemPortIdVec></MemPortIdVec>
<condition id="6">
<or_exp><and_exp></and_exp></or_exp>
</condition>

<Node id="50" bw="0" op_0_bw="1" op_1_bw="0" op_2_bw="0">
<![CDATA[
:8  br i1 %tmp_2, label %4, label %8

]]></Node>
<StgValue><ssdm name=""/></StgValue>
</operation>

<operation id="47" st_id="3" stage="1" lat="1">
<core>NULL</core>
<MemPortIdVec></MemPortIdVec>
<condition id="8">
<or_exp><and_exp><literal name="tmp_2" val="1"/>
</and_exp></or_exp>
</condition>

<Node id="52" bw="0" op_0_bw="0" op_1_bw="0">
<![CDATA[
:0  call void (...)* @_ssdm_op_SpecLoopName([10 x i8]* @p_str315) nounwind

]]></Node>
<StgValue><ssdm name=""/></StgValue>
</operation>

<operation id="48" st_id="3" stage="1" lat="1">
<core>NULL</core>
<MemPortIdVec></MemPortIdVec>
<condition id="8">
<or_exp><and_exp><literal name="tmp_2" val="1"/>
</and_exp></or_exp>
</condition>

<Node id="53" bw="32" op_0_bw="32" op_1_bw="0">
<![CDATA[
:1  %tmp_9 = call i32 (...)* @_ssdm_op_SpecRegionBegin([10 x i8]* @p_str315) nounwind

]]></Node>
<StgValue><ssdm name="tmp_9"/></StgValue>
</operation>

<operation id="49" st_id="3" stage="1" lat="1">
<core>NULL</core>
<MemPortIdVec></MemPortIdVec>
<condition id="8">
<or_exp><and_exp><literal name="tmp_2" val="1"/>
</and_exp></or_exp>
</condition>

<Node id="54" bw="0" op_0_bw="0" op_1_bw="14" op_2_bw="0" op_3_bw="32" op_4_bw="32" op_5_bw="0" op_6_bw="32" op_7_bw="32" op_8_bw="0" op_9_bw="0" op_10_bw="0" op_11_bw="32" op_12_bw="32" op_13_bw="32" op_14_bw="32" op_15_bw="0" op_16_bw="0">
<![CDATA[
:2  call void (...)* @_ssdm_op_SpecInterface(i32* %A_addr, [8 x i8]* @p_str113, i32 0, i32 0, [1 x i8]* @p_str214, i32 0, i32 0, [1 x i8]* @p_str214, [1 x i8]* @p_str214, [1 x i8]* @p_str214, i32 0, i32 0, i32 0, i32 0, [1 x i8]* @p_str214, [1 x i8]* @p_str214) nounwind

]]></Node>
<StgValue><ssdm name=""/></StgValue>
</operation>

<operation id="50" st_id="3" stage="1" lat="1">
<core>NULL</core>
<MemPortIdVec></MemPortIdVec>
<condition id="8">
<or_exp><and_exp><literal name="tmp_2" val="1"/>
</and_exp></or_exp>
</condition>

<Node id="55" bw="15" op_0_bw="31">
<![CDATA[
:3  %tmp_6 = trunc i31 %j to i15

]]></Node>
<StgValue><ssdm name="tmp_6"/></StgValue>
</operation>

<operation id="51" st_id="3" stage="1" lat="1">
<core>NULL</core>
<MemPortIdVec></MemPortIdVec>
<condition id="8">
<or_exp><and_exp><literal name="tmp_2" val="1"/>
</and_exp></or_exp>
</condition>

<Node id="56" bw="14" op_0_bw="32" op_1_bw="64" op_2_bw="64">
<![CDATA[
:4  %B_addr = getelementptr [10000 x i32]* %B, i64 0, i64 %phi_mul_cast

]]></Node>
<StgValue><ssdm name="B_addr"/></StgValue>
</operation>

<operation id="52" st_id="3" stage="1" lat="1">
<core>AddSub</core>
<MemPortIdVec></MemPortIdVec>
<condition id="8">
<or_exp><and_exp><literal name="tmp_2" val="1"/>
</and_exp></or_exp>
</condition>

<Node id="57" bw="15" op_0_bw="15" op_1_bw="15">
<![CDATA[
:5  %tmp_s = add i15 %tmp_1, %tmp_6

]]></Node>
<StgValue><ssdm name="tmp_s"/></StgValue>
</operation>

<operation id="53" st_id="3" stage="1" lat="1">
<core>NULL</core>
<MemPortIdVec></MemPortIdVec>
<condition id="8">
<or_exp><and_exp><literal name="tmp_2" val="1"/>
</and_exp></or_exp>
</condition>

<Node id="58" bw="64" op_0_bw="15">
<![CDATA[
:6  %tmp_12_cast = zext i15 %tmp_s to i64

]]></Node>
<StgValue><ssdm name="tmp_12_cast"/></StgValue>
</operation>

<operation id="54" st_id="3" stage="1" lat="1">
<core>NULL</core>
<MemPortIdVec></MemPortIdVec>
<condition id="8">
<or_exp><and_exp><literal name="tmp_2" val="1"/>
</and_exp></or_exp>
</condition>

<Node id="59" bw="14" op_0_bw="32" op_1_bw="64" op_2_bw="64">
<![CDATA[
:7  %C_addr_1 = getelementptr [10000 x i32]* %C, i64 0, i64 %tmp_12_cast

]]></Node>
<StgValue><ssdm name="C_addr_1"/></StgValue>
</operation>

<operation id="55" st_id="3" stage="1" lat="1">
<core>NULL</core>
<MemPortIdVec></MemPortIdVec>
<condition id="8">
<or_exp><and_exp><literal name="tmp_2" val="1"/>
</and_exp></or_exp>
</condition>

<Node id="60" bw="0" op_0_bw="0" op_1_bw="14" op_2_bw="0" op_3_bw="32" op_4_bw="32" op_5_bw="0" op_6_bw="32" op_7_bw="32" op_8_bw="0" op_9_bw="0" op_10_bw="0" op_11_bw="32" op_12_bw="32" op_13_bw="32" op_14_bw="32" op_15_bw="0" op_16_bw="0">
<![CDATA[
:8  call void (...)* @_ssdm_op_SpecInterface(i32* %B_addr, [8 x i8]* @p_str113, i32 0, i32 0, [1 x i8]* @p_str214, i32 0, i32 0, [1 x i8]* @p_str214, [1 x i8]* @p_str214, [1 x i8]* @p_str214, i32 0, i32 0, i32 0, i32 0, [1 x i8]* @p_str214, [1 x i8]* @p_str214) nounwind

]]></Node>
<StgValue><ssdm name=""/></StgValue>
</operation>

<operation id="56" st_id="3" stage="1" lat="1">
<core>NULL</core>
<MemPortIdVec></MemPortIdVec>
<condition id="8">
<or_exp><and_exp><literal name="tmp_2" val="1"/>
</and_exp></or_exp>
</condition>

<Node id="61" bw="0" op_0_bw="0">
<![CDATA[
:9  br label %5

]]></Node>
<StgValue><ssdm name=""/></StgValue>
</operation>

<operation id="57" st_id="3" stage="1" lat="1">
<core>NULL</core>
<MemPortIdVec></MemPortIdVec>
<condition id="10">
<or_exp><and_exp><literal name="tmp_2" val="0"/>
</and_exp></or_exp>
</condition>

<Node id="88" bw="32" op_0_bw="32" op_1_bw="0" op_2_bw="32">
<![CDATA[
:0  %empty_2 = call i32 (...)* @_ssdm_op_SpecRegionEnd([10 x i8]* @p_str12, i32 %tmp_4) nounwind

]]></Node>
<StgValue><ssdm name="empty_2"/></StgValue>
</operation>

<operation id="58" st_id="3" stage="1" lat="1">
<core>NULL</core>
<MemPortIdVec></MemPortIdVec>
<condition id="10">
<or_exp><and_exp><literal name="tmp_2" val="0"/>
</and_exp></or_exp>
</condition>

<Node id="89" bw="0" op_0_bw="0">
<![CDATA[
:1  br label %1

]]></Node>
<StgValue><ssdm name=""/></StgValue>
</operation>
</state>

<state id="4" st_id="4">

<operation id="59" st_id="4" stage="1" lat="1">
<core>NULL</core>
<MemPortIdVec></MemPortIdVec>
<condition id="11">
<or_exp><and_exp></and_exp></or_exp>
</condition>

<Node id="63" bw="31" op_0_bw="31" op_1_bw="0">
<![CDATA[
:0  %k = phi i31 [ 0, %4 ], [ %k_1, %6 ]

]]></Node>
<StgValue><ssdm name="k"/></StgValue>
</operation>

<operation id="60" st_id="4" stage="1" lat="1">
<core>NULL</core>
<MemPortIdVec></MemPortIdVec>
<condition id="11">
<or_exp><and_exp></and_exp></or_exp>
</condition>

<Node id="64" bw="32" op_0_bw="31">
<![CDATA[
:1  %k_cast = zext i31 %k to i32

]]></Node>
<StgValue><ssdm name="k_cast"/></StgValue>
</operation>

<operation id="61" st_id="4" stage="1" lat="1">
<core>Cmp</core>
<MemPortIdVec></MemPortIdVec>
<condition id="11">
<or_exp><and_exp></and_exp></or_exp>
</condition>

<Node id="65" bw="1" op_0_bw="32" op_1_bw="32">
<![CDATA[
:2  %tmp_5 = icmp slt i32 %k_cast, %nA_read

]]></Node>
<StgValue><ssdm name="tmp_5"/></StgValue>
</operation>

<operation id="62" st_id="4" stage="1" lat="1">
<core>AddSub</core>
<MemPortIdVec></MemPortIdVec>
<condition id="11">
<or_exp><and_exp></and_exp></or_exp>
</condition>

<Node id="66" bw="31" op_0_bw="31" op_1_bw="31">
<![CDATA[
:3  %k_1 = add i31 %k, 1

]]></Node>
<StgValue><ssdm name="k_1"/></StgValue>
</operation>

<operation id="63" st_id="4" stage="1" lat="1">
<core>NULL</core>
<MemPortIdVec></MemPortIdVec>
<condition id="11">
<or_exp><and_exp></and_exp></or_exp>
</condition>

<Node id="67" bw="0" op_0_bw="1" op_1_bw="0" op_2_bw="0">
<![CDATA[
:4  br i1 %tmp_5, label %6, label %7

]]></Node>
<StgValue><ssdm name=""/></StgValue>
</operation>

<operation id="64" st_id="4" stage="1" lat="1">
<core>NULL</core>
<MemPortIdVec></MemPortIdVec>
<condition id="13">
<or_exp><and_exp><literal name="tmp_5" val="1"/>
</and_exp></or_exp>
</condition>

<Node id="70" bw="15" op_0_bw="31">
<![CDATA[
:1  %tmp_10 = trunc i31 %k to i15

]]></Node>
<StgValue><ssdm name="tmp_10"/></StgValue>
</operation>

<operation id="65" st_id="4" stage="1" lat="1">
<core>AddSub</core>
<MemPortIdVec></MemPortIdVec>
<condition id="13">
<or_exp><and_exp><literal name="tmp_5" val="1"/>
</and_exp></or_exp>
</condition>

<Node id="71" bw="15" op_0_bw="15" op_1_bw="15">
<![CDATA[
:2  %tmp_11 = add i15 %tmp_1, %tmp_10

]]></Node>
<StgValue><ssdm name="tmp_11"/></StgValue>
</operation>

<operation id="66" st_id="4" stage="1" lat="1">
<core>NULL</core>
<MemPortIdVec></MemPortIdVec>
<condition id="13">
<or_exp><and_exp><literal name="tmp_5" val="1"/>
</and_exp></or_exp>
</condition>

<Node id="72" bw="64" op_0_bw="15">
<![CDATA[
:3  %tmp_13_cast = zext i15 %tmp_11 to i64

]]></Node>
<StgValue><ssdm name="tmp_13_cast"/></StgValue>
</operation>

<operation id="67" st_id="4" stage="1" lat="1">
<core>NULL</core>
<MemPortIdVec></MemPortIdVec>
<condition id="13">
<or_exp><and_exp><literal name="tmp_5" val="1"/>
</and_exp></or_exp>
</condition>

<Node id="73" bw="14" op_0_bw="32" op_1_bw="64" op_2_bw="64">
<![CDATA[
:4  %A_addr_1 = getelementptr [10000 x i32]* %A, i64 0, i64 %tmp_13_cast

]]></Node>
<StgValue><ssdm name="A_addr_1"/></StgValue>
</operation>

<operation id="68" st_id="4" stage="1" lat="1">
<core>AddSub</core>
<MemPortIdVec></MemPortIdVec>
<condition id="13">
<or_exp><and_exp><literal name="tmp_5" val="1"/>
</and_exp></or_exp>
</condition>

<Node id="74" bw="15" op_0_bw="15" op_1_bw="15">
<![CDATA[
:5  %tmp_12 = add i15 %tmp_3, %tmp_10

]]></Node>
<StgValue><ssdm name="tmp_12"/></StgValue>
</operation>

<operation id="69" st_id="4" stage="1" lat="1">
<core>NULL</core>
<MemPortIdVec></MemPortIdVec>
<condition id="13">
<or_exp><and_exp><literal name="tmp_5" val="1"/>
</and_exp></or_exp>
</condition>

<Node id="75" bw="64" op_0_bw="15">
<![CDATA[
:6  %tmp_14_cast = zext i15 %tmp_12 to i64

]]></Node>
<StgValue><ssdm name="tmp_14_cast"/></StgValue>
</operation>

<operation id="70" st_id="4" stage="1" lat="1">
<core>NULL</core>
<MemPortIdVec></MemPortIdVec>
<condition id="13">
<or_exp><and_exp><literal name="tmp_5" val="1"/>
</and_exp></or_exp>
</condition>

<Node id="76" bw="14" op_0_bw="32" op_1_bw="64" op_2_bw="64">
<![CDATA[
:7  %B_addr_1 = getelementptr [10000 x i32]* %B, i64 0, i64 %tmp_14_cast

]]></Node>
<StgValue><ssdm name="B_addr_1"/></StgValue>
</operation>

<operation id="71" st_id="4" stage="2" lat="2">
<core>RAM</core>
<MemPortIdVec>0 </MemPortIdVec>
<condition id="13">
<or_exp><and_exp><literal name="tmp_5" val="1"/>
</and_exp></or_exp>
</condition>

<Node id="77" bw="32" op_0_bw="14">
<![CDATA[
:8  %A_load = load i32* %A_addr_1, align 4

]]></Node>
<StgValue><ssdm name="A_load"/></StgValue>
</operation>

<operation id="72" st_id="4" stage="2" lat="2">
<core>RAM</core>
<MemPortIdVec>0 </MemPortIdVec>
<condition id="13">
<or_exp><and_exp><literal name="tmp_5" val="1"/>
</and_exp></or_exp>
</condition>

<Node id="78" bw="32" op_0_bw="14">
<![CDATA[
:9  %B_load = load i32* %B_addr_1, align 4

]]></Node>
<StgValue><ssdm name="B_load"/></StgValue>
</operation>

<operation id="73" st_id="4" stage="1" lat="1">
<core>NULL</core>
<MemPortIdVec></MemPortIdVec>
<condition id="15">
<or_exp><and_exp><literal name="tmp_5" val="0"/>
</and_exp></or_exp>
</condition>

<Node id="85" bw="32" op_0_bw="32" op_1_bw="0" op_2_bw="32">
<![CDATA[
:0  %empty = call i32 (...)* @_ssdm_op_SpecRegionEnd([10 x i8]* @p_str315, i32 %tmp_9) nounwind

]]></Node>
<StgValue><ssdm name="empty"/></StgValue>
</operation>

<operation id="74" st_id="4" stage="1" lat="1">
<core>NULL</core>
<MemPortIdVec></MemPortIdVec>
<condition id="15">
<or_exp><and_exp><literal name="tmp_5" val="0"/>
</and_exp></or_exp>
</condition>

<Node id="86" bw="0" op_0_bw="0">
<![CDATA[
:1  br label %3

]]></Node>
<StgValue><ssdm name=""/></StgValue>
</operation>
</state>

<state id="5" st_id="5">

<operation id="75" st_id="5" stage="1" lat="2">
<core>RAM</core>
<MemPortIdVec>0 </MemPortIdVec>
<condition id="16">
<or_exp><and_exp></and_exp></or_exp>
</condition>

<Node id="77" bw="32" op_0_bw="14">
<![CDATA[
:8  %A_load = load i32* %A_addr_1, align 4

]]></Node>
<StgValue><ssdm name="A_load"/></StgValue>
</operation>

<operation id="76" st_id="5" stage="1" lat="2">
<core>RAM</core>
<MemPortIdVec>0 </MemPortIdVec>
<condition id="16">
<or_exp><and_exp></and_exp></or_exp>
</condition>

<Node id="78" bw="32" op_0_bw="14">
<![CDATA[
:9  %B_load = load i32* %B_addr_1, align 4

]]></Node>
<StgValue><ssdm name="B_load"/></StgValue>
</operation>

<operation id="77" st_id="5" stage="2" lat="2">
<core>RAM</core>
<MemPortIdVec>0 </MemPortIdVec>
<condition id="16">
<or_exp><and_exp></and_exp></or_exp>
</condition>

<Node id="80" bw="32" op_0_bw="14">
<![CDATA[
:11  %C_load = load i32* %C_addr_1, align 4

]]></Node>
<StgValue><ssdm name="C_load"/></StgValue>
</operation>
</state>

<state id="6" st_id="6">

<operation id="78" st_id="6" stage="1" lat="1">
<core>Mul</core>
<MemPortIdVec></MemPortIdVec>
<condition id="17">
<or_exp><and_exp></and_exp></or_exp>
</condition>

<Node id="79" bw="32" op_0_bw="32" op_1_bw="32">
<![CDATA[
:10  %tmp_7 = mul nsw i32 %B_load, %A_load

]]></Node>
<StgValue><ssdm name="tmp_7"/></StgValue>
</operation>

<operation id="79" st_id="6" stage="1" lat="2">
<core>RAM</core>
<MemPortIdVec>0 </MemPortIdVec>
<condition id="17">
<or_exp><and_exp></and_exp></or_exp>
</condition>

<Node id="80" bw="32" op_0_bw="14">
<![CDATA[
:11  %C_load = load i32* %C_addr_1, align 4

]]></Node>
<StgValue><ssdm name="C_load"/></StgValue>
</operation>
</state>

<state id="7" st_id="7">

<operation id="80" st_id="7" stage="1" lat="1">
<core>NULL</core>
<MemPortIdVec></MemPortIdVec>
<condition id="18">
<or_exp><and_exp></and_exp></or_exp>
</condition>

<Node id="69" bw="0" op_0_bw="0" op_1_bw="0">
<![CDATA[
:0  call void (...)* @_ssdm_op_SpecLoopName([11 x i8]* @p_str416) nounwind

]]></Node>
<StgValue><ssdm name=""/></StgValue>
</operation>

<operation id="81" st_id="7" stage="1" lat="1">
<core>AddSub</core>
<MemPortIdVec></MemPortIdVec>
<condition id="18">
<or_exp><and_exp></and_exp></or_exp>
</condition>

<Node id="81" bw="32" op_0_bw="32" op_1_bw="32">
<![CDATA[
:12  %tmp_8 = add nsw i32 %tmp_7, %C_load

]]></Node>
<StgValue><ssdm name="tmp_8"/></StgValue>
</operation>

<operation id="82" st_id="7" stage="1" lat="1">
<core>RAM</core>
<MemPortIdVec>0 </MemPortIdVec>
<condition id="18">
<or_exp><and_exp></and_exp></or_exp>
</condition>

<Node id="82" bw="0" op_0_bw="32" op_1_bw="14">
<![CDATA[
:13  store i32 %tmp_8, i32* %C_addr_1, align 4

]]></Node>
<StgValue><ssdm name=""/></StgValue>
</operation>

<operation id="83" st_id="7" stage="1" lat="1">
<core>NULL</core>
<MemPortIdVec></MemPortIdVec>
<condition id="18">
<or_exp><and_exp></and_exp></or_exp>
</condition>

<Node id="83" bw="0" op_0_bw="0">
<![CDATA[
:14  br label %5

]]></Node>
<StgValue><ssdm name=""/></StgValue>
</operation>
</state>
</state_list>


<ports>
<port id="94" name="A" dir="0" iftype="1">
<core>RAM</core><StgValue><ssdm name="A"/><MemPortTyVec>1 3 </MemPortTyVec>
</StgValue>
</port>
<port id="95" name="B" dir="0" iftype="1">
<core>RAM</core><StgValue><ssdm name="B"/><MemPortTyVec>1 3 </MemPortTyVec>
</StgValue>
</port>
<port id="96" name="C" dir="2" iftype="1">
<core>RAM</core><StgValue><ssdm name="C"/><MemPortTyVec>2 3 </MemPortTyVec>
</StgValue>
</port>
<port id="97" name="mA" dir="0" iftype="0">
<core>NULL</core><StgValue><ssdm name="mA"/></StgValue>
</port>
<port id="98" name="nA" dir="0" iftype="0">
<core>NULL</core><StgValue><ssdm name="nA"/></StgValue>
</port>
<port id="99" name="mB" dir="0" iftype="0">
<core>NULL</core><StgValue><ssdm name="mB"/></StgValue>
</port>
<port id="100" name="nB" dir="0" iftype="0">
<core>NULL</core><StgValue><ssdm name="nB"/></StgValue>
</port>
<port id="101" name="mC" dir="0" iftype="0">
<core>NULL</core><StgValue><ssdm name="mC"/></StgValue>
</port>
<port id="102" name="nC" dir="0" iftype="0">
<core>NULL</core><StgValue><ssdm name="nC"/></StgValue>
</port>
</ports>


<dataflows>
<dataflow id="104" from="_ssdm_op_SpecBitsMap" to="StgValue_8" fromId="103" toId="8">
</dataflow>
<dataflow id="105" from="A" to="StgValue_8" fromId="94" toId="8">
</dataflow>
<dataflow id="106" from="_ssdm_op_SpecBitsMap" to="StgValue_9" fromId="103" toId="9">
</dataflow>
<dataflow id="107" from="B" to="StgValue_9" fromId="95" toId="9">
</dataflow>
<dataflow id="108" from="_ssdm_op_SpecBitsMap" to="StgValue_10" fromId="103" toId="10">
</dataflow>
<dataflow id="109" from="C" to="StgValue_10" fromId="96" toId="10">
</dataflow>
<dataflow id="110" from="_ssdm_op_SpecBitsMap" to="StgValue_11" fromId="103" toId="11">
</dataflow>
<dataflow id="111" from="mA" to="StgValue_11" fromId="97" toId="11">
</dataflow>
<dataflow id="112" from="_ssdm_op_SpecBitsMap" to="StgValue_12" fromId="103" toId="12">
</dataflow>
<dataflow id="113" from="nA" to="StgValue_12" fromId="98" toId="12">
</dataflow>
<dataflow id="114" from="_ssdm_op_SpecBitsMap" to="StgValue_13" fromId="103" toId="13">
</dataflow>
<dataflow id="115" from="mB" to="StgValue_13" fromId="99" toId="13">
</dataflow>
<dataflow id="116" from="_ssdm_op_SpecBitsMap" to="StgValue_14" fromId="103" toId="14">
</dataflow>
<dataflow id="117" from="nB" to="StgValue_14" fromId="100" toId="14">
</dataflow>
<dataflow id="118" from="_ssdm_op_SpecBitsMap" to="StgValue_15" fromId="103" toId="15">
</dataflow>
<dataflow id="119" from="mC" to="StgValue_15" fromId="101" toId="15">
</dataflow>
<dataflow id="120" from="_ssdm_op_SpecBitsMap" to="StgValue_16" fromId="103" toId="16">
</dataflow>
<dataflow id="121" from="nC" to="StgValue_16" fromId="102" toId="16">
</dataflow>
<dataflow id="123" from="_ssdm_op_SpecTopModule" to="StgValue_17" fromId="122" toId="17">
</dataflow>
<dataflow id="125" from="parta1_4_str" to="StgValue_17" fromId="124" toId="17">
</dataflow>
<dataflow id="127" from="_ssdm_op_Read.ap_auto.i32" to="nC_read" fromId="126" toId="18">
</dataflow>
<dataflow id="128" from="nC" to="nC_read" fromId="102" toId="18">
</dataflow>
<dataflow id="129" from="_ssdm_op_Read.ap_auto.i32" to="mC_read" fromId="126" toId="19">
</dataflow>
<dataflow id="130" from="mC" to="mC_read" fromId="101" toId="19">
</dataflow>
<dataflow id="131" from="_ssdm_op_Read.ap_auto.i32" to="nA_read" fromId="126" toId="20">
</dataflow>
<dataflow id="132" from="nA" to="nA_read" fromId="98" toId="20">
</dataflow>
<dataflow id="134" from="StgValue_133" to="i" fromId="133" toId="22">
<condition id="42">
<or_exp><and_exp></and_exp></or_exp>
</condition>
</dataflow>
<dataflow id="135" from="StgValue_21" to="i" fromId="21" toId="22">
</dataflow>
<dataflow id="136" from="i_1" to="i" fromId="29" toId="22">
<BackEdge/>
<condition id="43">
<or_exp><and_exp><literal name="tmp_2" val="0"/>
</and_exp></or_exp>
</condition>
</dataflow>
<dataflow id="137" from="StgValue_58" to="i" fromId="58" toId="22">
<BackEdge/>
</dataflow>
<dataflow id="139" from="StgValue_138" to="phi_mul1" fromId="138" toId="23">
<condition id="44">
<or_exp><and_exp></and_exp></or_exp>
</condition>
</dataflow>
<dataflow id="140" from="StgValue_21" to="phi_mul1" fromId="21" toId="23">
</dataflow>
<dataflow id="141" from="next_mul2" to="phi_mul1" fromId="26" toId="23">
<BackEdge/>
<condition id="45">
<or_exp><and_exp><literal name="tmp_2" val="0"/>
</and_exp></or_exp>
</condition>
</dataflow>
<dataflow id="142" from="StgValue_58" to="phi_mul1" fromId="58" toId="23">
<BackEdge/>
</dataflow>
<dataflow id="143" from="phi_mul1" to="tmp_1" fromId="23" toId="24">
</dataflow>
<dataflow id="144" from="phi_mul1" to="phi_mul1_cast" fromId="23" toId="25">
</dataflow>
<dataflow id="146" from="StgValue_145" to="next_mul2" fromId="145" toId="26">
</dataflow>
<dataflow id="147" from="phi_mul1" to="next_mul2" fromId="23" toId="26">
</dataflow>
<dataflow id="148" from="i" to="i_cast" fromId="22" toId="27">
</dataflow>
<dataflow id="149" from="i_cast" to="tmp" fromId="27" toId="28">
</dataflow>
<dataflow id="150" from="mC_read" to="tmp" fromId="19" toId="28">
</dataflow>
<dataflow id="152" from="StgValue_151" to="i_1" fromId="151" toId="29">
</dataflow>
<dataflow id="153" from="i" to="i_1" fromId="22" toId="29">
</dataflow>
<dataflow id="154" from="tmp" to="StgValue_30" fromId="28" toId="30">
</dataflow>
<dataflow id="156" from="_ssdm_op_SpecLoopName" to="StgValue_31" fromId="155" toId="31">
</dataflow>
<dataflow id="158" from="p_str12" to="StgValue_31" fromId="157" toId="31">
</dataflow>
<dataflow id="160" from="_ssdm_op_SpecRegionBegin" to="tmp_4" fromId="159" toId="32">
</dataflow>
<dataflow id="161" from="p_str12" to="tmp_4" fromId="157" toId="32">
</dataflow>
<dataflow id="162" from="A" to="A_addr" fromId="94" toId="33">
</dataflow>
<dataflow id="164" from="StgValue_163" to="A_addr" fromId="163" toId="33">
</dataflow>
<dataflow id="165" from="phi_mul1_cast" to="A_addr" fromId="25" toId="33">
</dataflow>
<dataflow id="166" from="C" to="C_addr" fromId="96" toId="34">
</dataflow>
<dataflow id="167" from="StgValue_163" to="C_addr" fromId="163" toId="34">
</dataflow>
<dataflow id="168" from="phi_mul1_cast" to="C_addr" fromId="25" toId="34">
</dataflow>
<dataflow id="170" from="_ssdm_op_SpecInterface" to="StgValue_35" fromId="169" toId="35">
</dataflow>
<dataflow id="171" from="C_addr" to="StgValue_35" fromId="34" toId="35">
</dataflow>
<dataflow id="173" from="p_str113" to="StgValue_35" fromId="172" toId="35">
</dataflow>
<dataflow id="175" from="StgValue_174" to="StgValue_35" fromId="174" toId="35">
</dataflow>
<dataflow id="176" from="StgValue_174" to="StgValue_35" fromId="174" toId="35">
</dataflow>
<dataflow id="178" from="p_str214" to="StgValue_35" fromId="177" toId="35">
</dataflow>
<dataflow id="179" from="StgValue_174" to="StgValue_35" fromId="174" toId="35">
</dataflow>
<dataflow id="180" from="StgValue_174" to="StgValue_35" fromId="174" toId="35">
</dataflow>
<dataflow id="181" from="p_str214" to="StgValue_35" fromId="177" toId="35">
</dataflow>
<dataflow id="182" from="p_str214" to="StgValue_35" fromId="177" toId="35">
</dataflow>
<dataflow id="183" from="p_str214" to="StgValue_35" fromId="177" toId="35">
</dataflow>
<dataflow id="184" from="StgValue_174" to="StgValue_35" fromId="174" toId="35">
</dataflow>
<dataflow id="185" from="StgValue_174" to="StgValue_35" fromId="174" toId="35">
</dataflow>
<dataflow id="186" from="StgValue_174" to="StgValue_35" fromId="174" toId="35">
</dataflow>
<dataflow id="187" from="StgValue_174" to="StgValue_35" fromId="174" toId="35">
</dataflow>
<dataflow id="188" from="p_str214" to="StgValue_35" fromId="177" toId="35">
</dataflow>
<dataflow id="189" from="p_str214" to="StgValue_35" fromId="177" toId="35">
</dataflow>
<dataflow id="190" from="StgValue_133" to="j" fromId="133" toId="38">
<condition id="46">
<or_exp><and_exp><literal name="tmp" val="1"/>
</and_exp></or_exp>
</condition>
</dataflow>
<dataflow id="191" from="StgValue_36" to="j" fromId="36" toId="38">
</dataflow>
<dataflow id="192" from="j_1" to="j" fromId="45" toId="38">
<BackEdge/>
<condition id="47">
<or_exp><and_exp><literal name="tmp_5" val="0"/>
</and_exp></or_exp>
</condition>
</dataflow>
<dataflow id="193" from="StgValue_74" to="j" fromId="74" toId="38">
<BackEdge/>
</dataflow>
<dataflow id="194" from="StgValue_138" to="phi_mul" fromId="138" toId="39">
<condition id="48">
<or_exp><and_exp><literal name="tmp" val="1"/>
</and_exp></or_exp>
</condition>
</dataflow>
<dataflow id="195" from="StgValue_36" to="phi_mul" fromId="36" toId="39">
</dataflow>
<dataflow id="196" from="next_mul" to="phi_mul" fromId="42" toId="39">
<BackEdge/>
<condition id="49">
<or_exp><and_exp><literal name="tmp_5" val="0"/>
</and_exp></or_exp>
</condition>
</dataflow>
<dataflow id="197" from="StgValue_74" to="phi_mul" fromId="74" toId="39">
<BackEdge/>
</dataflow>
<dataflow id="198" from="phi_mul" to="tmp_3" fromId="39" toId="40">
</dataflow>
<dataflow id="199" from="phi_mul" to="phi_mul_cast" fromId="39" toId="41">
</dataflow>
<dataflow id="200" from="StgValue_145" to="next_mul" fromId="145" toId="42">
</dataflow>
<dataflow id="201" from="phi_mul" to="next_mul" fromId="39" toId="42">
</dataflow>
<dataflow id="202" from="j" to="j_cast" fromId="38" toId="43">
</dataflow>
<dataflow id="203" from="j_cast" to="tmp_2" fromId="43" toId="44">
</dataflow>
<dataflow id="204" from="nC_read" to="tmp_2" fromId="18" toId="44">
</dataflow>
<dataflow id="205" from="StgValue_151" to="j_1" fromId="151" toId="45">
</dataflow>
<dataflow id="206" from="j" to="j_1" fromId="38" toId="45">
</dataflow>
<dataflow id="207" from="tmp_2" to="StgValue_46" fromId="44" toId="46">
</dataflow>
<dataflow id="208" from="_ssdm_op_SpecLoopName" to="StgValue_47" fromId="155" toId="47">
</dataflow>
<dataflow id="210" from="p_str315" to="StgValue_47" fromId="209" toId="47">
</dataflow>
<dataflow id="211" from="_ssdm_op_SpecRegionBegin" to="tmp_9" fromId="159" toId="48">
</dataflow>
<dataflow id="212" from="p_str315" to="tmp_9" fromId="209" toId="48">
</dataflow>
<dataflow id="213" from="_ssdm_op_SpecInterface" to="StgValue_49" fromId="169" toId="49">
</dataflow>
<dataflow id="214" from="A_addr" to="StgValue_49" fromId="33" toId="49">
</dataflow>
<dataflow id="215" from="p_str113" to="StgValue_49" fromId="172" toId="49">
</dataflow>
<dataflow id="216" from="StgValue_174" to="StgValue_49" fromId="174" toId="49">
</dataflow>
<dataflow id="217" from="StgValue_174" to="StgValue_49" fromId="174" toId="49">
</dataflow>
<dataflow id="218" from="p_str214" to="StgValue_49" fromId="177" toId="49">
</dataflow>
<dataflow id="219" from="StgValue_174" to="StgValue_49" fromId="174" toId="49">
</dataflow>
<dataflow id="220" from="StgValue_174" to="StgValue_49" fromId="174" toId="49">
</dataflow>
<dataflow id="221" from="p_str214" to="StgValue_49" fromId="177" toId="49">
</dataflow>
<dataflow id="222" from="p_str214" to="StgValue_49" fromId="177" toId="49">
</dataflow>
<dataflow id="223" from="p_str214" to="StgValue_49" fromId="177" toId="49">
</dataflow>
<dataflow id="224" from="StgValue_174" to="StgValue_49" fromId="174" toId="49">
</dataflow>
<dataflow id="225" from="StgValue_174" to="StgValue_49" fromId="174" toId="49">
</dataflow>
<dataflow id="226" from="StgValue_174" to="StgValue_49" fromId="174" toId="49">
</dataflow>
<dataflow id="227" from="StgValue_174" to="StgValue_49" fromId="174" toId="49">
</dataflow>
<dataflow id="228" from="p_str214" to="StgValue_49" fromId="177" toId="49">
</dataflow>
<dataflow id="229" from="p_str214" to="StgValue_49" fromId="177" toId="49">
</dataflow>
<dataflow id="230" from="j" to="tmp_6" fromId="38" toId="50">
</dataflow>
<dataflow id="231" from="B" to="B_addr" fromId="95" toId="51">
</dataflow>
<dataflow id="232" from="StgValue_163" to="B_addr" fromId="163" toId="51">
</dataflow>
<dataflow id="233" from="phi_mul_cast" to="B_addr" fromId="41" toId="51">
</dataflow>
<dataflow id="234" from="tmp_1" to="tmp_s" fromId="24" toId="52">
</dataflow>
<dataflow id="235" from="tmp_6" to="tmp_s" fromId="50" toId="52">
</dataflow>
<dataflow id="236" from="tmp_s" to="tmp_12_cast" fromId="52" toId="53">
</dataflow>
<dataflow id="237" from="C" to="C_addr_1" fromId="96" toId="54">
</dataflow>
<dataflow id="238" from="StgValue_163" to="C_addr_1" fromId="163" toId="54">
</dataflow>
<dataflow id="239" from="tmp_12_cast" to="C_addr_1" fromId="53" toId="54">
</dataflow>
<dataflow id="240" from="_ssdm_op_SpecInterface" to="StgValue_55" fromId="169" toId="55">
</dataflow>
<dataflow id="241" from="B_addr" to="StgValue_55" fromId="51" toId="55">
</dataflow>
<dataflow id="242" from="p_str113" to="StgValue_55" fromId="172" toId="55">
</dataflow>
<dataflow id="243" from="StgValue_174" to="StgValue_55" fromId="174" toId="55">
</dataflow>
<dataflow id="244" from="StgValue_174" to="StgValue_55" fromId="174" toId="55">
</dataflow>
<dataflow id="245" from="p_str214" to="StgValue_55" fromId="177" toId="55">
</dataflow>
<dataflow id="246" from="StgValue_174" to="StgValue_55" fromId="174" toId="55">
</dataflow>
<dataflow id="247" from="StgValue_174" to="StgValue_55" fromId="174" toId="55">
</dataflow>
<dataflow id="248" from="p_str214" to="StgValue_55" fromId="177" toId="55">
</dataflow>
<dataflow id="249" from="p_str214" to="StgValue_55" fromId="177" toId="55">
</dataflow>
<dataflow id="250" from="p_str214" to="StgValue_55" fromId="177" toId="55">
</dataflow>
<dataflow id="251" from="StgValue_174" to="StgValue_55" fromId="174" toId="55">
</dataflow>
<dataflow id="252" from="StgValue_174" to="StgValue_55" fromId="174" toId="55">
</dataflow>
<dataflow id="253" from="StgValue_174" to="StgValue_55" fromId="174" toId="55">
</dataflow>
<dataflow id="254" from="StgValue_174" to="StgValue_55" fromId="174" toId="55">
</dataflow>
<dataflow id="255" from="p_str214" to="StgValue_55" fromId="177" toId="55">
</dataflow>
<dataflow id="256" from="p_str214" to="StgValue_55" fromId="177" toId="55">
</dataflow>
<dataflow id="258" from="_ssdm_op_SpecRegionEnd" to="empty_2" fromId="257" toId="57">
</dataflow>
<dataflow id="259" from="p_str12" to="empty_2" fromId="157" toId="57">
</dataflow>
<dataflow id="260" from="tmp_4" to="empty_2" fromId="32" toId="57">
</dataflow>
<dataflow id="261" from="StgValue_133" to="k" fromId="133" toId="59">
<condition id="50">
<or_exp><and_exp><literal name="tmp_2" val="1"/>
</and_exp></or_exp>
</condition>
</dataflow>
<dataflow id="262" from="StgValue_56" to="k" fromId="56" toId="59">
</dataflow>
<dataflow id="263" from="k_1" to="k" fromId="62" toId="59">
<BackEdge/>
<condition id="51">
<or_exp><and_exp></and_exp></or_exp>
</condition>
</dataflow>
<dataflow id="264" from="StgValue_83" to="k" fromId="83" toId="59">
<BackEdge/>
</dataflow>
<dataflow id="265" from="k" to="k_cast" fromId="59" toId="60">
</dataflow>
<dataflow id="266" from="k_cast" to="tmp_5" fromId="60" toId="61">
</dataflow>
<dataflow id="267" from="nA_read" to="tmp_5" fromId="20" toId="61">
</dataflow>
<dataflow id="268" from="k" to="k_1" fromId="59" toId="62">
</dataflow>
<dataflow id="269" from="StgValue_151" to="k_1" fromId="151" toId="62">
</dataflow>
<dataflow id="270" from="tmp_5" to="StgValue_63" fromId="61" toId="63">
</dataflow>
<dataflow id="271" from="k" to="tmp_10" fromId="59" toId="64">
</dataflow>
<dataflow id="272" from="tmp_1" to="tmp_11" fromId="24" toId="65">
</dataflow>
<dataflow id="273" from="tmp_10" to="tmp_11" fromId="64" toId="65">
</dataflow>
<dataflow id="274" from="tmp_11" to="tmp_13_cast" fromId="65" toId="66">
</dataflow>
<dataflow id="275" from="A" to="A_addr_1" fromId="94" toId="67">
</dataflow>
<dataflow id="276" from="StgValue_163" to="A_addr_1" fromId="163" toId="67">
</dataflow>
<dataflow id="277" from="tmp_13_cast" to="A_addr_1" fromId="66" toId="67">
</dataflow>
<dataflow id="278" from="tmp_3" to="tmp_12" fromId="40" toId="68">
</dataflow>
<dataflow id="279" from="tmp_10" to="tmp_12" fromId="64" toId="68">
</dataflow>
<dataflow id="280" from="tmp_12" to="tmp_14_cast" fromId="68" toId="69">
</dataflow>
<dataflow id="281" from="B" to="B_addr_1" fromId="95" toId="70">
</dataflow>
<dataflow id="282" from="StgValue_163" to="B_addr_1" fromId="163" toId="70">
</dataflow>
<dataflow id="283" from="tmp_14_cast" to="B_addr_1" fromId="69" toId="70">
</dataflow>
<dataflow id="284" from="A_addr_1" to="A_load" fromId="67" toId="71">
</dataflow>
<dataflow id="285" from="B_addr_1" to="B_load" fromId="70" toId="72">
</dataflow>
<dataflow id="286" from="_ssdm_op_SpecRegionEnd" to="empty" fromId="257" toId="73">
</dataflow>
<dataflow id="287" from="p_str315" to="empty" fromId="209" toId="73">
</dataflow>
<dataflow id="288" from="tmp_9" to="empty" fromId="48" toId="73">
</dataflow>
<dataflow id="289" from="A_addr_1" to="A_load" fromId="67" toId="75">
</dataflow>
<dataflow id="290" from="B_addr_1" to="B_load" fromId="70" toId="76">
</dataflow>
<dataflow id="291" from="C_addr_1" to="C_load" fromId="54" toId="77">
</dataflow>
<dataflow id="292" from="B_load" to="tmp_7" fromId="76" toId="78">
</dataflow>
<dataflow id="293" from="A_load" to="tmp_7" fromId="75" toId="78">
</dataflow>
<dataflow id="294" from="C_addr_1" to="C_load" fromId="54" toId="79">
</dataflow>
<dataflow id="295" from="_ssdm_op_SpecLoopName" to="StgValue_80" fromId="155" toId="80">
</dataflow>
<dataflow id="297" from="p_str416" to="StgValue_80" fromId="296" toId="80">
</dataflow>
<dataflow id="298" from="tmp_7" to="tmp_8" fromId="78" toId="81">
</dataflow>
<dataflow id="299" from="C_load" to="tmp_8" fromId="79" toId="81">
</dataflow>
<dataflow id="300" from="tmp_8" to="StgValue_82" fromId="81" toId="82">
</dataflow>
<dataflow id="301" from="C_addr_1" to="StgValue_82" fromId="54" toId="82">
</dataflow>
<dataflow id="302" from="tmp" to="StgValue_2" fromId="28" toId="2">
</dataflow>
<dataflow id="303" from="tmp_2" to="StgValue_3" fromId="44" toId="3">
</dataflow>
<dataflow id="304" from="tmp_5" to="StgValue_4" fromId="61" toId="4">
</dataflow>
</dataflows>


</stg>
