<stg><name>parta1_2</name>


<trans_list>

<trans id="96" from="1" to="2">
<condition id="51">
<or_exp><and_exp></and_exp></or_exp>
</condition>
</trans>

<trans id="97" from="2" to="3">
<condition id="52">
<or_exp><and_exp></and_exp></or_exp>
</condition>
</trans>

<trans id="98" from="3" to="4">
<condition id="53">
<or_exp><and_exp></and_exp></or_exp>
</condition>
</trans>

<trans id="99" from="4" to="5">
<condition id="54">
<or_exp><and_exp></and_exp></or_exp>
</condition>
</trans>

<trans id="100" from="5" to="6">
<condition id="55">
<or_exp><and_exp></and_exp></or_exp>
</condition>
</trans>

<trans id="101" from="6" to="7">
<condition id="57">
<or_exp><and_exp></and_exp></or_exp>
</condition>
</trans>

<trans id="116" from="7" to="13">
<condition id="68">
<or_exp><and_exp><literal name="exitcond_flatten1" val="1"/>
</and_exp></or_exp>
</condition>
</trans>

<trans id="117" from="7" to="8">
<condition id="74">
<or_exp><and_exp><literal name="exitcond_flatten1" val="0"/>
</and_exp></or_exp>
</condition>
</trans>

<trans id="111" from="8" to="9">
<condition id="69">
<or_exp><and_exp></and_exp></or_exp>
</condition>
</trans>

<trans id="112" from="9" to="10">
<condition id="70">
<or_exp><and_exp></and_exp></or_exp>
</condition>
</trans>

<trans id="113" from="10" to="11">
<condition id="71">
<or_exp><and_exp></and_exp></or_exp>
</condition>
</trans>

<trans id="114" from="11" to="12">
<condition id="72">
<or_exp><and_exp></and_exp></or_exp>
</condition>
</trans>

<trans id="115" from="12" to="7">
<condition id="73">
<or_exp><and_exp></and_exp></or_exp>
</condition>
</trans>
</trans_list>



<state_list>

<state id="1" st_id="1">

<operation id="14" st_id="1" stage="1" lat="1">
<core>NULL</core>
<MemPortIdVec></MemPortIdVec>
<condition id="44">
<or_exp><and_exp></and_exp></or_exp>
</condition>

<Node id="20" bw="32" op_0_bw="32" op_1_bw="32">
<![CDATA[
:10  %nC_read = call i32 @_ssdm_op_Read.ap_auto.i32(i32 %nC) nounwind

]]></Node>
<StgValue><ssdm name="nC_read"/></StgValue>
</operation>

<operation id="15" st_id="1" stage="1" lat="1">
<core>NULL</core>
<MemPortIdVec></MemPortIdVec>
<condition id="44">
<or_exp><and_exp></and_exp></or_exp>
</condition>

<Node id="22" bw="32" op_0_bw="32" op_1_bw="32">
<![CDATA[
:12  %nA_read = call i32 @_ssdm_op_Read.ap_auto.i32(i32 %nA) nounwind

]]></Node>
<StgValue><ssdm name="nA_read"/></StgValue>
</operation>

<operation id="16" st_id="1" stage="1" lat="1">
<core>NULL</core>
<MemPortIdVec></MemPortIdVec>
<condition id="44">
<or_exp><and_exp></and_exp></or_exp>
</condition>

<Node id="23" bw="64" op_0_bw="32">
<![CDATA[
:13  %cast = zext i32 %nC_read to i64

]]></Node>
<StgValue><ssdm name="cast"/></StgValue>
</operation>

<operation id="17" st_id="1" stage="1" lat="1">
<core>NULL</core>
<MemPortIdVec></MemPortIdVec>
<condition id="44">
<or_exp><and_exp></and_exp></or_exp>
</condition>

<Node id="24" bw="64" op_0_bw="32">
<![CDATA[
:14  %cast3 = zext i32 %nA_read to i64

]]></Node>
<StgValue><ssdm name="cast3"/></StgValue>
</operation>

<operation id="18" st_id="1" stage="1" lat="1">
<core>Mul</core>
<MemPortIdVec></MemPortIdVec>
<condition id="44">
<or_exp><and_exp></and_exp></or_exp>
</condition>

<Node id="25" bw="64" op_0_bw="64" op_1_bw="64">
<![CDATA[
:15  %bound = mul i64 %cast3, %cast

]]></Node>
<StgValue><ssdm name="bound"/></StgValue>
</operation>
</state>

<state id="2" st_id="2">

<operation id="19" st_id="2" stage="1" lat="1">
<core>NULL</core>
<MemPortIdVec></MemPortIdVec>
<condition id="45">
<or_exp><and_exp></and_exp></or_exp>
</condition>

<Node id="21" bw="32" op_0_bw="32" op_1_bw="32">
<![CDATA[
:11  %mC_read = call i32 @_ssdm_op_Read.ap_auto.i32(i32 %mC) nounwind

]]></Node>
<StgValue><ssdm name="mC_read"/></StgValue>
</operation>

<operation id="20" st_id="2" stage="1" lat="1">
<core>NULL</core>
<MemPortIdVec></MemPortIdVec>
<condition id="45">
<or_exp><and_exp></and_exp></or_exp>
</condition>

<Node id="26" bw="96" op_0_bw="32">
<![CDATA[
:16  %cast4 = zext i32 %mC_read to i96

]]></Node>
<StgValue><ssdm name="cast4"/></StgValue>
</operation>

<operation id="21" st_id="2" stage="1" lat="1">
<core>NULL</core>
<MemPortIdVec></MemPortIdVec>
<condition id="45">
<or_exp><and_exp></and_exp></or_exp>
</condition>

<Node id="27" bw="96" op_0_bw="64">
<![CDATA[
:17  %cast5 = zext i64 %bound to i96

]]></Node>
<StgValue><ssdm name="cast5"/></StgValue>
</operation>

<operation id="22" st_id="2" stage="5" lat="5">
<core>MulnS</core>
<MemPortIdVec></MemPortIdVec>
<condition id="45">
<or_exp><and_exp></and_exp></or_exp>
</condition>

<Node id="28" bw="96" op_0_bw="96" op_1_bw="96">
<![CDATA[
:18  %bound6 = mul i96 %cast5, %cast4

]]></Node>
<StgValue><ssdm name="bound6"/></StgValue>
</operation>
</state>

<state id="3" st_id="3">

<operation id="23" st_id="3" stage="4" lat="5">
<core>MulnS</core>
<MemPortIdVec></MemPortIdVec>
<condition id="46">
<or_exp><and_exp></and_exp></or_exp>
</condition>

<Node id="28" bw="96" op_0_bw="96" op_1_bw="96">
<![CDATA[
:18  %bound6 = mul i96 %cast5, %cast4

]]></Node>
<StgValue><ssdm name="bound6"/></StgValue>
</operation>
</state>

<state id="4" st_id="4">

<operation id="24" st_id="4" stage="3" lat="5">
<core>MulnS</core>
<MemPortIdVec></MemPortIdVec>
<condition id="47">
<or_exp><and_exp></and_exp></or_exp>
</condition>

<Node id="28" bw="96" op_0_bw="96" op_1_bw="96">
<![CDATA[
:18  %bound6 = mul i96 %cast5, %cast4

]]></Node>
<StgValue><ssdm name="bound6"/></StgValue>
</operation>
</state>

<state id="5" st_id="5">

<operation id="25" st_id="5" stage="2" lat="5">
<core>MulnS</core>
<MemPortIdVec></MemPortIdVec>
<condition id="48">
<or_exp><and_exp></and_exp></or_exp>
</condition>

<Node id="28" bw="96" op_0_bw="96" op_1_bw="96">
<![CDATA[
:18  %bound6 = mul i96 %cast5, %cast4

]]></Node>
<StgValue><ssdm name="bound6"/></StgValue>
</operation>
</state>

<state id="6" st_id="6">

<operation id="26" st_id="6" stage="1" lat="1">
<core>NULL</core>
<MemPortIdVec></MemPortIdVec>
<condition id="49">
<or_exp><and_exp></and_exp></or_exp>
</condition>

<Node id="10" bw="0" op_0_bw="0" op_1_bw="32">
<![CDATA[
:0  call void (...)* @_ssdm_op_SpecBitsMap([10000 x i32]* %A) nounwind, !map !7

]]></Node>
<StgValue><ssdm name=""/></StgValue>
</operation>

<operation id="27" st_id="6" stage="1" lat="1">
<core>NULL</core>
<MemPortIdVec></MemPortIdVec>
<condition id="49">
<or_exp><and_exp></and_exp></or_exp>
</condition>

<Node id="11" bw="0" op_0_bw="0" op_1_bw="32">
<![CDATA[
:1  call void (...)* @_ssdm_op_SpecBitsMap([10000 x i32]* %B) nounwind, !map !13

]]></Node>
<StgValue><ssdm name=""/></StgValue>
</operation>

<operation id="28" st_id="6" stage="1" lat="1">
<core>NULL</core>
<MemPortIdVec></MemPortIdVec>
<condition id="49">
<or_exp><and_exp></and_exp></or_exp>
</condition>

<Node id="12" bw="0" op_0_bw="0" op_1_bw="32">
<![CDATA[
:2  call void (...)* @_ssdm_op_SpecBitsMap([10000 x i32]* %C) nounwind, !map !17

]]></Node>
<StgValue><ssdm name=""/></StgValue>
</operation>

<operation id="29" st_id="6" stage="1" lat="1">
<core>NULL</core>
<MemPortIdVec></MemPortIdVec>
<condition id="49">
<or_exp><and_exp></and_exp></or_exp>
</condition>

<Node id="13" bw="0" op_0_bw="0" op_1_bw="32">
<![CDATA[
:3  call void (...)* @_ssdm_op_SpecBitsMap(i32 %mA) nounwind, !map !21

]]></Node>
<StgValue><ssdm name=""/></StgValue>
</operation>

<operation id="30" st_id="6" stage="1" lat="1">
<core>NULL</core>
<MemPortIdVec></MemPortIdVec>
<condition id="49">
<or_exp><and_exp></and_exp></or_exp>
</condition>

<Node id="14" bw="0" op_0_bw="0" op_1_bw="32">
<![CDATA[
:4  call void (...)* @_ssdm_op_SpecBitsMap(i32 %nA) nounwind, !map !27

]]></Node>
<StgValue><ssdm name=""/></StgValue>
</operation>

<operation id="31" st_id="6" stage="1" lat="1">
<core>NULL</core>
<MemPortIdVec></MemPortIdVec>
<condition id="49">
<or_exp><and_exp></and_exp></or_exp>
</condition>

<Node id="15" bw="0" op_0_bw="0" op_1_bw="32">
<![CDATA[
:5  call void (...)* @_ssdm_op_SpecBitsMap(i32 %mB) nounwind, !map !31

]]></Node>
<StgValue><ssdm name=""/></StgValue>
</operation>

<operation id="32" st_id="6" stage="1" lat="1">
<core>NULL</core>
<MemPortIdVec></MemPortIdVec>
<condition id="49">
<or_exp><and_exp></and_exp></or_exp>
</condition>

<Node id="16" bw="0" op_0_bw="0" op_1_bw="32">
<![CDATA[
:6  call void (...)* @_ssdm_op_SpecBitsMap(i32 %nB) nounwind, !map !35

]]></Node>
<StgValue><ssdm name=""/></StgValue>
</operation>

<operation id="33" st_id="6" stage="1" lat="1">
<core>NULL</core>
<MemPortIdVec></MemPortIdVec>
<condition id="49">
<or_exp><and_exp></and_exp></or_exp>
</condition>

<Node id="17" bw="0" op_0_bw="0" op_1_bw="32">
<![CDATA[
:7  call void (...)* @_ssdm_op_SpecBitsMap(i32 %mC) nounwind, !map !39

]]></Node>
<StgValue><ssdm name=""/></StgValue>
</operation>

<operation id="34" st_id="6" stage="1" lat="1">
<core>NULL</core>
<MemPortIdVec></MemPortIdVec>
<condition id="49">
<or_exp><and_exp></and_exp></or_exp>
</condition>

<Node id="18" bw="0" op_0_bw="0" op_1_bw="32">
<![CDATA[
:8  call void (...)* @_ssdm_op_SpecBitsMap(i32 %nC) nounwind, !map !43

]]></Node>
<StgValue><ssdm name=""/></StgValue>
</operation>

<operation id="35" st_id="6" stage="1" lat="1">
<core>NULL</core>
<MemPortIdVec></MemPortIdVec>
<condition id="49">
<or_exp><and_exp></and_exp></or_exp>
</condition>

<Node id="19" bw="0" op_0_bw="0" op_1_bw="0">
<![CDATA[
:9  call void (...)* @_ssdm_op_SpecTopModule([9 x i8]* @parta1_2_str) nounwind

]]></Node>
<StgValue><ssdm name=""/></StgValue>
</operation>

<operation id="36" st_id="6" stage="1" lat="5">
<core>MulnS</core>
<MemPortIdVec></MemPortIdVec>
<condition id="49">
<or_exp><and_exp></and_exp></or_exp>
</condition>

<Node id="28" bw="96" op_0_bw="96" op_1_bw="96">
<![CDATA[
:18  %bound6 = mul i96 %cast5, %cast4

]]></Node>
<StgValue><ssdm name="bound6"/></StgValue>
</operation>

<operation id="37" st_id="6" stage="1" lat="1">
<core>Cmp</core>
<MemPortIdVec></MemPortIdVec>
<condition id="49">
<or_exp><and_exp></and_exp></or_exp>
</condition>

<Node id="29" bw="1" op_0_bw="32" op_1_bw="32">
<![CDATA[
:19  %tmp_5_mid = icmp sgt i32 %nA_read, 0

]]></Node>
<StgValue><ssdm name="tmp_5_mid"/></StgValue>
</operation>

<operation id="38" st_id="6" stage="1" lat="1">
<core>NULL</core>
<MemPortIdVec></MemPortIdVec>
<condition id="49">
<or_exp><and_exp></and_exp></or_exp>
</condition>

<Node id="30" bw="0" op_0_bw="0">
<![CDATA[
:20  br label %1

]]></Node>
<StgValue><ssdm name=""/></StgValue>
</operation>
</state>

<state id="7" st_id="7">

<operation id="39" st_id="7" stage="1" lat="1">
<core>NULL</core>
<MemPortIdVec></MemPortIdVec>
<condition id="-1">
<or_exp><and_exp></and_exp></or_exp>
</condition>

<Node id="32" bw="96" op_0_bw="96" op_1_bw="0">
<![CDATA[
:0  %indvar_flatten1 = phi i96 [ 0, %0 ], [ %indvar_flatten_next1, %.reset9 ]

]]></Node>
<StgValue><ssdm name="indvar_flatten1"/></StgValue>
</operation>

<operation id="40" st_id="7" stage="1" lat="1">
<core>NULL</core>
<MemPortIdVec></MemPortIdVec>
<condition id="-1">
<or_exp><and_exp></and_exp></or_exp>
</condition>

<Node id="33" bw="31" op_0_bw="31" op_1_bw="0">
<![CDATA[
:1  %i = phi i31 [ 0, %0 ], [ %tmp_1_mid2_v, %.reset9 ]

]]></Node>
<StgValue><ssdm name="i"/></StgValue>
</operation>

<operation id="41" st_id="7" stage="1" lat="1">
<core>NULL</core>
<MemPortIdVec></MemPortIdVec>
<condition id="-1">
<or_exp><and_exp></and_exp></or_exp>
</condition>

<Node id="34" bw="64" op_0_bw="64" op_1_bw="0">
<![CDATA[
:2  %indvar_flatten = phi i64 [ 0, %0 ], [ %indvar_flatten_next, %.reset9 ]

]]></Node>
<StgValue><ssdm name="indvar_flatten"/></StgValue>
</operation>

<operation id="42" st_id="7" stage="1" lat="1">
<core>NULL</core>
<MemPortIdVec></MemPortIdVec>
<condition id="-1">
<or_exp><and_exp></and_exp></or_exp>
</condition>

<Node id="35" bw="31" op_0_bw="31" op_1_bw="0">
<![CDATA[
:3  %j = phi i31 [ 0, %0 ], [ %j_mid2, %.reset9 ]

]]></Node>
<StgValue><ssdm name="j"/></StgValue>
</operation>

<operation id="43" st_id="7" stage="1" lat="1">
<core>NULL</core>
<MemPortIdVec></MemPortIdVec>
<condition id="-1">
<or_exp><and_exp></and_exp></or_exp>
</condition>

<Node id="36" bw="31" op_0_bw="31" op_1_bw="0">
<![CDATA[
:4  %k = phi i31 [ 0, %0 ], [ %k_1, %.reset9 ]

]]></Node>
<StgValue><ssdm name="k"/></StgValue>
</operation>

<operation id="44" st_id="7" stage="1" lat="1">
<core>NULL</core>
<MemPortIdVec></MemPortIdVec>
<condition id="-1">
<or_exp><and_exp></and_exp></or_exp>
</condition>

<Node id="37" bw="0" op_0_bw="0" op_1_bw="32" op_2_bw="32" op_3_bw="32" op_4_bw="32" op_5_bw="0">
<![CDATA[
:5  call void (...)* @_ssdm_op_SpecPipeline(i32 1, i32 1, i32 1, i32 0, [1 x i8]* @p_str25) nounwind

]]></Node>
<StgValue><ssdm name=""/></StgValue>
</operation>

<operation id="45" st_id="7" stage="1" lat="1">
<core>NULL</core>
<MemPortIdVec></MemPortIdVec>
<condition id="-1">
<or_exp><and_exp></and_exp></or_exp>
</condition>

<Node id="38" bw="32" op_0_bw="31">
<![CDATA[
:6  %k_cast = zext i31 %k to i32

]]></Node>
<StgValue><ssdm name="k_cast"/></StgValue>
</operation>

<operation id="46" st_id="7" stage="1" lat="1">
<core>Cmp</core>
<MemPortIdVec></MemPortIdVec>
<condition id="-1">
<or_exp><and_exp></and_exp></or_exp>
</condition>

<Node id="39" bw="1" op_0_bw="32" op_1_bw="32">
<![CDATA[
:7  %tmp_5 = icmp slt i32 %k_cast, %nA_read

]]></Node>
<StgValue><ssdm name="tmp_5"/></StgValue>
</operation>

<operation id="47" st_id="7" stage="1" lat="1">
<core>Cmp</core>
<MemPortIdVec></MemPortIdVec>
<condition id="-1">
<or_exp><and_exp></and_exp></or_exp>
</condition>

<Node id="40" bw="1" op_0_bw="96" op_1_bw="96">
<![CDATA[
:8  %exitcond_flatten1 = icmp eq i96 %indvar_flatten1, %bound6

]]></Node>
<StgValue><ssdm name="exitcond_flatten1"/></StgValue>
</operation>

<operation id="48" st_id="7" stage="1" lat="1">
<core>AddSub</core>
<MemPortIdVec></MemPortIdVec>
<condition id="-1">
<or_exp><and_exp></and_exp></or_exp>
</condition>

<Node id="41" bw="96" op_0_bw="96" op_1_bw="96">
<![CDATA[
:9  %indvar_flatten_next1 = add i96 %indvar_flatten1, 1

]]></Node>
<StgValue><ssdm name="indvar_flatten_next1"/></StgValue>
</operation>

<operation id="49" st_id="7" stage="1" lat="1">
<core>NULL</core>
<MemPortIdVec></MemPortIdVec>
<condition id="-1">
<or_exp><and_exp></and_exp></or_exp>
</condition>

<Node id="42" bw="0" op_0_bw="1" op_1_bw="0" op_2_bw="0">
<![CDATA[
:10  br i1 %exitcond_flatten1, label %2, label %.reset9

]]></Node>
<StgValue><ssdm name=""/></StgValue>
</operation>

<operation id="50" st_id="7" stage="1" lat="1">
<core>AddSub</core>
<MemPortIdVec></MemPortIdVec>
<condition id="0">
<or_exp><and_exp><literal name="exitcond_flatten1" val="0"/>
</and_exp></or_exp>
</condition>

<Node id="44" bw="31" op_0_bw="31" op_1_bw="31">
<![CDATA[
.reset9:0  %i_1 = add i31 1, %i

]]></Node>
<StgValue><ssdm name="i_1"/></StgValue>
</operation>

<operation id="51" st_id="7" stage="1" lat="1">
<core>Cmp</core>
<MemPortIdVec></MemPortIdVec>
<condition id="0">
<or_exp><and_exp><literal name="exitcond_flatten1" val="0"/>
</and_exp></or_exp>
</condition>

<Node id="46" bw="1" op_0_bw="64" op_1_bw="64">
<![CDATA[
.reset9:2  %exitcond_flatten7 = icmp eq i64 %indvar_flatten, %bound

]]></Node>
<StgValue><ssdm name="exitcond_flatten7"/></StgValue>
</operation>

<operation id="52" st_id="7" stage="1" lat="1">
<core>Sel</core>
<MemPortIdVec></MemPortIdVec>
<condition id="0">
<or_exp><and_exp><literal name="exitcond_flatten1" val="0"/>
</and_exp></or_exp>
</condition>

<Node id="47" bw="31" op_0_bw="1" op_1_bw="31" op_2_bw="31">
<![CDATA[
.reset9:3  %j_mid = select i1 %exitcond_flatten7, i31 0, i31 %j

]]></Node>
<StgValue><ssdm name="j_mid"/></StgValue>
</operation>

<operation id="53" st_id="7" stage="1" lat="1">
<core>Sel</core>
<MemPortIdVec></MemPortIdVec>
<condition id="0">
<or_exp><and_exp><literal name="exitcond_flatten1" val="0"/>
</and_exp></or_exp>
</condition>

<Node id="48" bw="31" op_0_bw="1" op_1_bw="31" op_2_bw="31">
<![CDATA[
.reset9:4  %k_mid = select i1 %exitcond_flatten7, i31 0, i31 %k

]]></Node>
<StgValue><ssdm name="k_mid"/></StgValue>
</operation>

<operation id="54" st_id="7" stage="1" lat="1">
<core>Sel</core>
<MemPortIdVec></MemPortIdVec>
<condition id="0">
<or_exp><and_exp><literal name="exitcond_flatten1" val="0"/>
</and_exp></or_exp>
</condition>

<Node id="49" bw="31" op_0_bw="1" op_1_bw="31" op_2_bw="31">
<![CDATA[
.reset9:5  %tmp_1_mid2_v = select i1 %exitcond_flatten7, i31 %i_1, i31 %i

]]></Node>
<StgValue><ssdm name="tmp_1_mid2_v"/></StgValue>
</operation>

<operation id="55" st_id="7" stage="1" lat="1">
<core>NULL</core>
<MemPortIdVec></MemPortIdVec>
<condition id="0">
<or_exp><and_exp><literal name="exitcond_flatten1" val="0"/>
</and_exp></or_exp>
</condition>

<Node id="50" bw="15" op_0_bw="31">
<![CDATA[
.reset9:6  %tmp_3 = trunc i31 %tmp_1_mid2_v to i15

]]></Node>
<StgValue><ssdm name="tmp_3"/></StgValue>
</operation>

<operation id="56" st_id="7" stage="1" lat="1">
<core>Sel</core>
<MemPortIdVec></MemPortIdVec>
<condition id="0">
<or_exp><and_exp><literal name="exitcond_flatten1" val="0"/>
</and_exp></or_exp>
</condition>

<Node id="53" bw="1" op_0_bw="1" op_1_bw="1" op_2_bw="1">
<![CDATA[
.reset9:9  %tmp_5_mid1 = select i1 %exitcond_flatten7, i1 %tmp_5_mid, i1 %tmp_5

]]></Node>
<StgValue><ssdm name="tmp_5_mid1"/></StgValue>
</operation>

<operation id="57" st_id="7" stage="1" lat="1">
<core>AddSub</core>
<MemPortIdVec></MemPortIdVec>
<condition id="0">
<or_exp><and_exp><literal name="exitcond_flatten1" val="0"/>
</and_exp></or_exp>
</condition>

<Node id="54" bw="31" op_0_bw="31" op_1_bw="31">
<![CDATA[
.reset9:10  %j_1 = add i31 1, %j_mid

]]></Node>
<StgValue><ssdm name="j_1"/></StgValue>
</operation>

<operation id="58" st_id="7" stage="1" lat="1">
<core>Sel</core>
<MemPortIdVec></MemPortIdVec>
<condition id="0">
<or_exp><and_exp><literal name="exitcond_flatten1" val="0"/>
</and_exp></or_exp>
</condition>

<Node id="57" bw="31" op_0_bw="1" op_1_bw="31" op_2_bw="31">
<![CDATA[
.reset9:13  %k_mid2 = select i1 %tmp_5_mid1, i31 %k_mid, i31 0

]]></Node>
<StgValue><ssdm name="k_mid2"/></StgValue>
</operation>

<operation id="59" st_id="7" stage="1" lat="1">
<core>NULL</core>
<MemPortIdVec></MemPortIdVec>
<condition id="0">
<or_exp><and_exp><literal name="exitcond_flatten1" val="0"/>
</and_exp></or_exp>
</condition>

<Node id="59" bw="15" op_0_bw="31">
<![CDATA[
.reset9:15  %tmp_6 = trunc i31 %j to i15

]]></Node>
<StgValue><ssdm name="tmp_6"/></StgValue>
</operation>

<operation id="60" st_id="7" stage="1" lat="1">
<core>Sel</core>
<MemPortIdVec></MemPortIdVec>
<condition id="0">
<or_exp><and_exp><literal name="exitcond_flatten1" val="0"/>
</and_exp></or_exp>
</condition>

<Node id="60" bw="15" op_0_bw="1" op_1_bw="15" op_2_bw="15">
<![CDATA[
.reset9:16  %tmp_10 = select i1 %exitcond_flatten7, i15 0, i15 %tmp_6

]]></Node>
<StgValue><ssdm name="tmp_10"/></StgValue>
</operation>

<operation id="61" st_id="7" stage="1" lat="1">
<core>NULL</core>
<MemPortIdVec></MemPortIdVec>
<condition id="0">
<or_exp><and_exp><literal name="exitcond_flatten1" val="0"/>
</and_exp></or_exp>
</condition>

<Node id="61" bw="15" op_0_bw="31">
<![CDATA[
.reset9:17  %tmp_11 = trunc i31 %j_1 to i15

]]></Node>
<StgValue><ssdm name="tmp_11"/></StgValue>
</operation>

<operation id="62" st_id="7" stage="1" lat="1">
<core>Sel</core>
<MemPortIdVec></MemPortIdVec>
<condition id="0">
<or_exp><and_exp><literal name="exitcond_flatten1" val="0"/>
</and_exp></or_exp>
</condition>

<Node id="62" bw="15" op_0_bw="1" op_1_bw="15" op_2_bw="15">
<![CDATA[
.reset9:18  %tmp_12 = select i1 %tmp_5_mid1, i15 %tmp_10, i15 %tmp_11

]]></Node>
<StgValue><ssdm name="tmp_12"/></StgValue>
</operation>

<operation id="63" st_id="7" stage="1" lat="1">
<core>Sel</core>
<MemPortIdVec></MemPortIdVec>
<condition id="0">
<or_exp><and_exp><literal name="exitcond_flatten1" val="0"/>
</and_exp></or_exp>
</condition>

<Node id="66" bw="31" op_0_bw="1" op_1_bw="31" op_2_bw="31">
<![CDATA[
.reset9:22  %j_mid2 = select i1 %tmp_5_mid1, i31 %j_mid, i31 %j_1

]]></Node>
<StgValue><ssdm name="j_mid2"/></StgValue>
</operation>

<operation id="64" st_id="7" stage="1" lat="1">
<core>NULL</core>
<MemPortIdVec></MemPortIdVec>
<condition id="0">
<or_exp><and_exp><literal name="exitcond_flatten1" val="0"/>
</and_exp></or_exp>
</condition>

<Node id="68" bw="15" op_0_bw="31">
<![CDATA[
.reset9:24  %tmp_13 = trunc i31 %k_mid2 to i15

]]></Node>
<StgValue><ssdm name="tmp_13"/></StgValue>
</operation>

<operation id="65" st_id="7" stage="1" lat="1">
<core>AddSub</core>
<MemPortIdVec></MemPortIdVec>
<condition id="0">
<or_exp><and_exp><literal name="exitcond_flatten1" val="0"/>
</and_exp></or_exp>
</condition>

<Node id="83" bw="64" op_0_bw="64" op_1_bw="64">
<![CDATA[
.reset9:39  %indvar_flatten_op = add i64 1, %indvar_flatten

]]></Node>
<StgValue><ssdm name="indvar_flatten_op"/></StgValue>
</operation>

<operation id="66" st_id="7" stage="1" lat="1">
<core>Sel</core>
<MemPortIdVec></MemPortIdVec>
<condition id="0">
<or_exp><and_exp><literal name="exitcond_flatten1" val="0"/>
</and_exp></or_exp>
</condition>

<Node id="84" bw="64" op_0_bw="1" op_1_bw="64" op_2_bw="64">
<![CDATA[
.reset9:40  %indvar_flatten_next = select i1 %exitcond_flatten7, i64 1, i64 %indvar_flatten_op

]]></Node>
<StgValue><ssdm name="indvar_flatten_next"/></StgValue>
</operation>
</state>

<state id="8" st_id="8">

<operation id="67" st_id="8" stage="1" lat="1">
<core>DSP48</core>
<MemPortIdVec></MemPortIdVec>
<condition id="0">
<or_exp><and_exp><literal name="exitcond_flatten1" val="0"/>
</and_exp></or_exp>
</condition>

<Node id="51" bw="15" op_0_bw="15" op_1_bw="15">
<![CDATA[
.reset9:7  %tmp = mul i15 100, %tmp_3

]]></Node>
<StgValue><ssdm name="tmp"/></StgValue>
</operation>

<operation id="68" st_id="8" stage="1" lat="1">
<core>AddSub</core>
<MemPortIdVec></MemPortIdVec>
<condition id="0">
<or_exp><and_exp><literal name="exitcond_flatten1" val="0"/>
</and_exp></or_exp>
</condition>

<Node id="82" bw="31" op_0_bw="31" op_1_bw="31">
<![CDATA[
.reset9:38  %k_1 = add i31 1, %k_mid2

]]></Node>
<StgValue><ssdm name="k_1"/></StgValue>
</operation>
</state>

<state id="9" st_id="9">

<operation id="69" st_id="9" stage="1" lat="1">
<core>AddSub</core>
<MemPortIdVec></MemPortIdVec>
<condition id="0">
<or_exp><and_exp><literal name="exitcond_flatten1" val="0"/>
</and_exp></or_exp>
</condition>

<Node id="63" bw="15" op_0_bw="15" op_1_bw="15">
<![CDATA[
.reset9:19  %tmp_1 = add i15 %tmp, %tmp_12

]]></Node>
<StgValue><ssdm name="tmp_1"/></StgValue>
</operation>

<operation id="70" st_id="9" stage="1" lat="1">
<core>NULL</core>
<MemPortIdVec></MemPortIdVec>
<condition id="0">
<or_exp><and_exp><literal name="exitcond_flatten1" val="0"/>
</and_exp></or_exp>
</condition>

<Node id="64" bw="64" op_0_bw="15">
<![CDATA[
.reset9:20  %tmp_1_cast = sext i15 %tmp_1 to i64

]]></Node>
<StgValue><ssdm name="tmp_1_cast"/></StgValue>
</operation>

<operation id="71" st_id="9" stage="1" lat="1">
<core>NULL</core>
<MemPortIdVec></MemPortIdVec>
<condition id="0">
<or_exp><and_exp><literal name="exitcond_flatten1" val="0"/>
</and_exp></or_exp>
</condition>

<Node id="65" bw="14" op_0_bw="32" op_1_bw="64" op_2_bw="64">
<![CDATA[
.reset9:21  %C_addr = getelementptr [10000 x i32]* %C, i64 0, i64 %tmp_1_cast

]]></Node>
<StgValue><ssdm name="C_addr"/></StgValue>
</operation>

<operation id="72" st_id="9" stage="1" lat="1">
<core>AddSub</core>
<MemPortIdVec></MemPortIdVec>
<condition id="0">
<or_exp><and_exp><literal name="exitcond_flatten1" val="0"/>
</and_exp></or_exp>
</condition>

<Node id="69" bw="15" op_0_bw="15" op_1_bw="15">
<![CDATA[
.reset9:25  %tmp_2 = add i15 %tmp, %tmp_13

]]></Node>
<StgValue><ssdm name="tmp_2"/></StgValue>
</operation>

<operation id="73" st_id="9" stage="1" lat="1">
<core>NULL</core>
<MemPortIdVec></MemPortIdVec>
<condition id="0">
<or_exp><and_exp><literal name="exitcond_flatten1" val="0"/>
</and_exp></or_exp>
</condition>

<Node id="70" bw="64" op_0_bw="15">
<![CDATA[
.reset9:26  %tmp_2_cast = sext i15 %tmp_2 to i64

]]></Node>
<StgValue><ssdm name="tmp_2_cast"/></StgValue>
</operation>

<operation id="74" st_id="9" stage="1" lat="1">
<core>NULL</core>
<MemPortIdVec></MemPortIdVec>
<condition id="0">
<or_exp><and_exp><literal name="exitcond_flatten1" val="0"/>
</and_exp></or_exp>
</condition>

<Node id="71" bw="14" op_0_bw="32" op_1_bw="64" op_2_bw="64">
<![CDATA[
.reset9:27  %A_addr = getelementptr [10000 x i32]* %A, i64 0, i64 %tmp_2_cast

]]></Node>
<StgValue><ssdm name="A_addr"/></StgValue>
</operation>

<operation id="75" st_id="9" stage="1" lat="1">
<core>DSP48</core>
<MemPortIdVec></MemPortIdVec>
<condition id="0">
<or_exp><and_exp><literal name="exitcond_flatten1" val="0"/>
</and_exp></or_exp>
</condition>

<Node id="72" bw="15" op_0_bw="15" op_1_bw="15">
<![CDATA[
.reset9:28  %tmp_4 = mul i15 100, %tmp_13

]]></Node>
<StgValue><ssdm name="tmp_4"/></StgValue>
</operation>

<operation id="76" st_id="9" stage="1" lat="1">
<core>DSP48</core>
<MemPortIdVec></MemPortIdVec>
<condition id="0">
<or_exp><and_exp><literal name="exitcond_flatten1" val="0"/>
</and_exp></or_exp>
</condition>

<Node id="73" bw="15" op_0_bw="15" op_1_bw="15">
<![CDATA[
.reset9:29  %tmp_9 = add i15 %tmp_4, %tmp_12

]]></Node>
<StgValue><ssdm name="tmp_9"/></StgValue>
</operation>

<operation id="77" st_id="9" stage="1" lat="1">
<core>NULL</core>
<MemPortIdVec></MemPortIdVec>
<condition id="0">
<or_exp><and_exp><literal name="exitcond_flatten1" val="0"/>
</and_exp></or_exp>
</condition>

<Node id="74" bw="64" op_0_bw="15">
<![CDATA[
.reset9:30  %tmp_9_cast = sext i15 %tmp_9 to i64

]]></Node>
<StgValue><ssdm name="tmp_9_cast"/></StgValue>
</operation>

<operation id="78" st_id="9" stage="1" lat="1">
<core>NULL</core>
<MemPortIdVec></MemPortIdVec>
<condition id="0">
<or_exp><and_exp><literal name="exitcond_flatten1" val="0"/>
</and_exp></or_exp>
</condition>

<Node id="75" bw="14" op_0_bw="32" op_1_bw="64" op_2_bw="64">
<![CDATA[
.reset9:31  %B_addr = getelementptr [10000 x i32]* %B, i64 0, i64 %tmp_9_cast

]]></Node>
<StgValue><ssdm name="B_addr"/></StgValue>
</operation>

<operation id="79" st_id="9" stage="2" lat="2">
<core>RAM</core>
<MemPortIdVec>0 </MemPortIdVec>
<condition id="0">
<or_exp><and_exp><literal name="exitcond_flatten1" val="0"/>
</and_exp></or_exp>
</condition>

<Node id="76" bw="32" op_0_bw="14">
<![CDATA[
.reset9:32  %A_load = load i32* %A_addr, align 4

]]></Node>
<StgValue><ssdm name="A_load"/></StgValue>
</operation>

<operation id="80" st_id="9" stage="2" lat="2">
<core>RAM</core>
<MemPortIdVec>0 </MemPortIdVec>
<condition id="0">
<or_exp><and_exp><literal name="exitcond_flatten1" val="0"/>
</and_exp></or_exp>
</condition>

<Node id="77" bw="32" op_0_bw="14">
<![CDATA[
.reset9:33  %B_load = load i32* %B_addr, align 4

]]></Node>
<StgValue><ssdm name="B_load"/></StgValue>
</operation>
</state>

<state id="10" st_id="10">

<operation id="81" st_id="10" stage="1" lat="2">
<core>RAM</core>
<MemPortIdVec>0 </MemPortIdVec>
<condition id="0">
<or_exp><and_exp><literal name="exitcond_flatten1" val="0"/>
</and_exp></or_exp>
</condition>

<Node id="76" bw="32" op_0_bw="14">
<![CDATA[
.reset9:32  %A_load = load i32* %A_addr, align 4

]]></Node>
<StgValue><ssdm name="A_load"/></StgValue>
</operation>

<operation id="82" st_id="10" stage="1" lat="2">
<core>RAM</core>
<MemPortIdVec>0 </MemPortIdVec>
<condition id="0">
<or_exp><and_exp><literal name="exitcond_flatten1" val="0"/>
</and_exp></or_exp>
</condition>

<Node id="77" bw="32" op_0_bw="14">
<![CDATA[
.reset9:33  %B_load = load i32* %B_addr, align 4

]]></Node>
<StgValue><ssdm name="B_load"/></StgValue>
</operation>
</state>

<state id="11" st_id="11">

<operation id="83" st_id="11" stage="1" lat="1">
<core>Mul</core>
<MemPortIdVec></MemPortIdVec>
<condition id="0">
<or_exp><and_exp><literal name="exitcond_flatten1" val="0"/>
</and_exp></or_exp>
</condition>

<Node id="78" bw="32" op_0_bw="32" op_1_bw="32">
<![CDATA[
.reset9:34  %tmp_7 = mul nsw i32 %B_load, %A_load

]]></Node>
<StgValue><ssdm name="tmp_7"/></StgValue>
</operation>

<operation id="84" st_id="11" stage="2" lat="2">
<core>RAM</core>
<MemPortIdVec>0 </MemPortIdVec>
<condition id="0">
<or_exp><and_exp><literal name="exitcond_flatten1" val="0"/>
</and_exp></or_exp>
</condition>

<Node id="79" bw="32" op_0_bw="14">
<![CDATA[
.reset9:35  %C_load = load i32* %C_addr, align 4

]]></Node>
<StgValue><ssdm name="C_load"/></StgValue>
</operation>
</state>

<state id="12" st_id="12">

<operation id="85" st_id="12" stage="1" lat="1">
<core>NULL</core>
<MemPortIdVec></MemPortIdVec>
<condition id="0">
<or_exp><and_exp><literal name="exitcond_flatten1" val="0"/>
</and_exp></or_exp>
</condition>

<Node id="45" bw="0" op_0_bw="0" op_1_bw="0">
<![CDATA[
.reset9:1  call void (...)* @_ssdm_op_SpecLoopName([31 x i8]* @for_c_row_for_c_col_s)

]]></Node>
<StgValue><ssdm name=""/></StgValue>
</operation>

<operation id="86" st_id="12" stage="1" lat="1">
<core>NULL</core>
<MemPortIdVec></MemPortIdVec>
<condition id="0">
<or_exp><and_exp><literal name="exitcond_flatten1" val="0"/>
</and_exp></or_exp>
</condition>

<Node id="52" bw="0" op_0_bw="0" op_1_bw="32" op_2_bw="32" op_3_bw="32" op_4_bw="32" op_5_bw="0">
<![CDATA[
.reset9:8  call void (...)* @_ssdm_op_SpecPipeline(i32 1, i32 1, i32 1, i32 0, [1 x i8]* @p_str25) nounwind

]]></Node>
<StgValue><ssdm name=""/></StgValue>
</operation>

<operation id="87" st_id="12" stage="1" lat="1">
<core>NULL</core>
<MemPortIdVec></MemPortIdVec>
<condition id="0">
<or_exp><and_exp><literal name="exitcond_flatten1" val="0"/>
</and_exp></or_exp>
</condition>

<Node id="55" bw="0" op_0_bw="0" op_1_bw="32" op_2_bw="32" op_3_bw="32" op_4_bw="32" op_5_bw="0">
<![CDATA[
.reset9:11  call void (...)* @_ssdm_op_SpecPipeline(i32 1, i32 1, i32 1, i32 0, [1 x i8]* @p_str25) nounwind

]]></Node>
<StgValue><ssdm name=""/></StgValue>
</operation>

<operation id="88" st_id="12" stage="1" lat="1">
<core>NULL</core>
<MemPortIdVec></MemPortIdVec>
<condition id="0">
<or_exp><and_exp><literal name="exitcond_flatten1" val="0"/>
</and_exp></or_exp>
</condition>

<Node id="56" bw="0" op_0_bw="0" op_1_bw="0">
<![CDATA[
.reset9:12  call void (...)* @_ssdm_op_SpecLoopName([21 x i8]* @for_c_col_for_common)

]]></Node>
<StgValue><ssdm name=""/></StgValue>
</operation>

<operation id="89" st_id="12" stage="1" lat="1">
<core>NULL</core>
<MemPortIdVec></MemPortIdVec>
<condition id="0">
<or_exp><and_exp><literal name="exitcond_flatten1" val="0"/>
</and_exp></or_exp>
</condition>

<Node id="58" bw="0" op_0_bw="0" op_1_bw="32" op_2_bw="32" op_3_bw="32" op_4_bw="32" op_5_bw="0">
<![CDATA[
.reset9:14  call void (...)* @_ssdm_op_SpecPipeline(i32 1, i32 1, i32 1, i32 0, [1 x i8]* @p_str25) nounwind

]]></Node>
<StgValue><ssdm name=""/></StgValue>
</operation>

<operation id="90" st_id="12" stage="1" lat="1">
<core>NULL</core>
<MemPortIdVec></MemPortIdVec>
<condition id="0">
<or_exp><and_exp><literal name="exitcond_flatten1" val="0"/>
</and_exp></or_exp>
</condition>

<Node id="67" bw="0" op_0_bw="0" op_1_bw="0">
<![CDATA[
.reset9:23  call void (...)* @_ssdm_op_SpecLoopName([11 x i8]* @p_str36) nounwind

]]></Node>
<StgValue><ssdm name=""/></StgValue>
</operation>

<operation id="91" st_id="12" stage="1" lat="2">
<core>RAM</core>
<MemPortIdVec>0 </MemPortIdVec>
<condition id="0">
<or_exp><and_exp><literal name="exitcond_flatten1" val="0"/>
</and_exp></or_exp>
</condition>

<Node id="79" bw="32" op_0_bw="14">
<![CDATA[
.reset9:35  %C_load = load i32* %C_addr, align 4

]]></Node>
<StgValue><ssdm name="C_load"/></StgValue>
</operation>

<operation id="92" st_id="12" stage="1" lat="1">
<core>AddSub</core>
<MemPortIdVec></MemPortIdVec>
<condition id="0">
<or_exp><and_exp><literal name="exitcond_flatten1" val="0"/>
</and_exp></or_exp>
</condition>

<Node id="80" bw="32" op_0_bw="32" op_1_bw="32">
<![CDATA[
.reset9:36  %tmp_8 = add nsw i32 %tmp_7, %C_load

]]></Node>
<StgValue><ssdm name="tmp_8"/></StgValue>
</operation>

<operation id="93" st_id="12" stage="1" lat="1">
<core>RAM</core>
<MemPortIdVec>0 </MemPortIdVec>
<condition id="0">
<or_exp><and_exp><literal name="exitcond_flatten1" val="0"/>
</and_exp></or_exp>
</condition>

<Node id="81" bw="0" op_0_bw="32" op_1_bw="14">
<![CDATA[
.reset9:37  store i32 %tmp_8, i32* %C_addr, align 4

]]></Node>
<StgValue><ssdm name=""/></StgValue>
</operation>

<operation id="94" st_id="12" stage="1" lat="1">
<core>NULL</core>
<MemPortIdVec></MemPortIdVec>
<condition id="0">
<or_exp><and_exp><literal name="exitcond_flatten1" val="0"/>
</and_exp></or_exp>
</condition>

<Node id="85" bw="0" op_0_bw="0">
<![CDATA[
.reset9:41  br label %1

]]></Node>
<StgValue><ssdm name=""/></StgValue>
</operation>
</state>

<state id="13" st_id="13">

<operation id="95" st_id="13" stage="1" lat="1">
<core>NULL</core>
<MemPortIdVec></MemPortIdVec>
<condition id="50">
<or_exp><and_exp></and_exp></or_exp>
</condition>

<Node id="87" bw="0">
<![CDATA[
:0  ret void

]]></Node>
<StgValue><ssdm name=""/></StgValue>
</operation>
</state>
</state_list>


<ports>
<port id="118" name="A" dir="0" iftype="1">
<core>RAM</core><StgValue><ssdm name="A"/><MemPortTyVec>1 3 </MemPortTyVec>
</StgValue>
</port>
<port id="119" name="B" dir="0" iftype="1">
<core>RAM</core><StgValue><ssdm name="B"/><MemPortTyVec>1 3 </MemPortTyVec>
</StgValue>
</port>
<port id="120" name="C" dir="2" iftype="1">
<core>RAM</core><StgValue><ssdm name="C"/><MemPortTyVec>2 3 </MemPortTyVec>
</StgValue>
</port>
<port id="121" name="mA" dir="0" iftype="0">
<core>NULL</core><StgValue><ssdm name="mA"/></StgValue>
</port>
<port id="122" name="nA" dir="0" iftype="0">
<core>NULL</core><StgValue><ssdm name="nA"/></StgValue>
</port>
<port id="123" name="mB" dir="0" iftype="0">
<core>NULL</core><StgValue><ssdm name="mB"/></StgValue>
</port>
<port id="124" name="nB" dir="0" iftype="0">
<core>NULL</core><StgValue><ssdm name="nB"/></StgValue>
</port>
<port id="125" name="mC" dir="0" iftype="0">
<core>NULL</core><StgValue><ssdm name="mC"/></StgValue>
</port>
<port id="126" name="nC" dir="0" iftype="0">
<core>NULL</core><StgValue><ssdm name="nC"/></StgValue>
</port>
</ports>


<dataflows>
<dataflow id="128" from="_ssdm_op_Read.ap_auto.i32" to="nC_read" fromId="127" toId="14">
</dataflow>
<dataflow id="129" from="nC" to="nC_read" fromId="126" toId="14">
</dataflow>
<dataflow id="130" from="_ssdm_op_Read.ap_auto.i32" to="nA_read" fromId="127" toId="15">
</dataflow>
<dataflow id="131" from="nA" to="nA_read" fromId="122" toId="15">
</dataflow>
<dataflow id="132" from="nC_read" to="cast" fromId="14" toId="16">
</dataflow>
<dataflow id="133" from="nA_read" to="cast3" fromId="15" toId="17">
</dataflow>
<dataflow id="134" from="cast3" to="bound" fromId="17" toId="18">
</dataflow>
<dataflow id="135" from="cast" to="bound" fromId="16" toId="18">
</dataflow>
<dataflow id="136" from="_ssdm_op_Read.ap_auto.i32" to="mC_read" fromId="127" toId="19">
</dataflow>
<dataflow id="137" from="mC" to="mC_read" fromId="125" toId="19">
</dataflow>
<dataflow id="138" from="mC_read" to="cast4" fromId="19" toId="20">
</dataflow>
<dataflow id="139" from="bound" to="cast5" fromId="18" toId="21">
</dataflow>
<dataflow id="140" from="cast5" to="bound6" fromId="21" toId="22">
</dataflow>
<dataflow id="141" from="cast4" to="bound6" fromId="20" toId="22">
</dataflow>
<dataflow id="142" from="cast5" to="bound6" fromId="21" toId="23">
</dataflow>
<dataflow id="143" from="cast4" to="bound6" fromId="20" toId="23">
</dataflow>
<dataflow id="144" from="cast5" to="bound6" fromId="21" toId="24">
</dataflow>
<dataflow id="145" from="cast4" to="bound6" fromId="20" toId="24">
</dataflow>
<dataflow id="146" from="cast5" to="bound6" fromId="21" toId="25">
</dataflow>
<dataflow id="147" from="cast4" to="bound6" fromId="20" toId="25">
</dataflow>
<dataflow id="149" from="_ssdm_op_SpecBitsMap" to="StgValue_26" fromId="148" toId="26">
</dataflow>
<dataflow id="150" from="A" to="StgValue_26" fromId="118" toId="26">
</dataflow>
<dataflow id="151" from="_ssdm_op_SpecBitsMap" to="StgValue_27" fromId="148" toId="27">
</dataflow>
<dataflow id="152" from="B" to="StgValue_27" fromId="119" toId="27">
</dataflow>
<dataflow id="153" from="_ssdm_op_SpecBitsMap" to="StgValue_28" fromId="148" toId="28">
</dataflow>
<dataflow id="154" from="C" to="StgValue_28" fromId="120" toId="28">
</dataflow>
<dataflow id="155" from="_ssdm_op_SpecBitsMap" to="StgValue_29" fromId="148" toId="29">
</dataflow>
<dataflow id="156" from="mA" to="StgValue_29" fromId="121" toId="29">
</dataflow>
<dataflow id="157" from="_ssdm_op_SpecBitsMap" to="StgValue_30" fromId="148" toId="30">
</dataflow>
<dataflow id="158" from="nA" to="StgValue_30" fromId="122" toId="30">
</dataflow>
<dataflow id="159" from="_ssdm_op_SpecBitsMap" to="StgValue_31" fromId="148" toId="31">
</dataflow>
<dataflow id="160" from="mB" to="StgValue_31" fromId="123" toId="31">
</dataflow>
<dataflow id="161" from="_ssdm_op_SpecBitsMap" to="StgValue_32" fromId="148" toId="32">
</dataflow>
<dataflow id="162" from="nB" to="StgValue_32" fromId="124" toId="32">
</dataflow>
<dataflow id="163" from="_ssdm_op_SpecBitsMap" to="StgValue_33" fromId="148" toId="33">
</dataflow>
<dataflow id="164" from="mC" to="StgValue_33" fromId="125" toId="33">
</dataflow>
<dataflow id="165" from="_ssdm_op_SpecBitsMap" to="StgValue_34" fromId="148" toId="34">
</dataflow>
<dataflow id="166" from="nC" to="StgValue_34" fromId="126" toId="34">
</dataflow>
<dataflow id="168" from="_ssdm_op_SpecTopModule" to="StgValue_35" fromId="167" toId="35">
</dataflow>
<dataflow id="170" from="parta1_2_str" to="StgValue_35" fromId="169" toId="35">
</dataflow>
<dataflow id="171" from="cast5" to="bound6" fromId="21" toId="36">
</dataflow>
<dataflow id="172" from="cast4" to="bound6" fromId="20" toId="36">
</dataflow>
<dataflow id="173" from="nA_read" to="tmp_5_mid" fromId="15" toId="37">
</dataflow>
<dataflow id="175" from="StgValue_174" to="tmp_5_mid" fromId="174" toId="37">
</dataflow>
<dataflow id="177" from="StgValue_176" to="indvar_flatten1" fromId="176" toId="39">
<condition id="88">
<or_exp><and_exp></and_exp></or_exp>
</condition>
</dataflow>
<dataflow id="178" from="StgValue_38" to="indvar_flatten1" fromId="38" toId="39">
</dataflow>
<dataflow id="179" from="indvar_flatten_next1" to="indvar_flatten1" fromId="48" toId="39">
<BackEdge/>
<condition id="89">
<or_exp><and_exp><literal name="exitcond_flatten1" val="0"/>
</and_exp></or_exp>
</condition>
</dataflow>
<dataflow id="180" from="StgValue_94" to="indvar_flatten1" fromId="94" toId="39">
<BackEdge/>
</dataflow>
<dataflow id="182" from="StgValue_181" to="i" fromId="181" toId="40">
<condition id="90">
<or_exp><and_exp></and_exp></or_exp>
</condition>
</dataflow>
<dataflow id="183" from="StgValue_38" to="i" fromId="38" toId="40">
</dataflow>
<dataflow id="184" from="tmp_1_mid2_v" to="i" fromId="54" toId="40">
<BackEdge/>
<condition id="91">
<or_exp><and_exp><literal name="exitcond_flatten1" val="0"/>
</and_exp></or_exp>
</condition>
</dataflow>
<dataflow id="185" from="StgValue_94" to="i" fromId="94" toId="40">
<BackEdge/>
</dataflow>
<dataflow id="187" from="StgValue_186" to="indvar_flatten" fromId="186" toId="41">
<condition id="92">
<or_exp><and_exp></and_exp></or_exp>
</condition>
</dataflow>
<dataflow id="188" from="StgValue_38" to="indvar_flatten" fromId="38" toId="41">
</dataflow>
<dataflow id="189" from="indvar_flatten_next" to="indvar_flatten" fromId="66" toId="41">
<BackEdge/>
<condition id="93">
<or_exp><and_exp><literal name="exitcond_flatten1" val="0"/>
</and_exp></or_exp>
</condition>
</dataflow>
<dataflow id="190" from="StgValue_94" to="indvar_flatten" fromId="94" toId="41">
<BackEdge/>
</dataflow>
<dataflow id="191" from="StgValue_181" to="j" fromId="181" toId="42">
<condition id="94">
<or_exp><and_exp></and_exp></or_exp>
</condition>
</dataflow>
<dataflow id="192" from="StgValue_38" to="j" fromId="38" toId="42">
</dataflow>
<dataflow id="193" from="j_mid2" to="j" fromId="63" toId="42">
<BackEdge/>
<condition id="95">
<or_exp><and_exp><literal name="exitcond_flatten1" val="0"/>
</and_exp></or_exp>
</condition>
</dataflow>
<dataflow id="194" from="StgValue_94" to="j" fromId="94" toId="42">
<BackEdge/>
</dataflow>
<dataflow id="195" from="StgValue_181" to="k" fromId="181" toId="43">
<condition id="96">
<or_exp><and_exp></and_exp></or_exp>
</condition>
</dataflow>
<dataflow id="196" from="StgValue_38" to="k" fromId="38" toId="43">
</dataflow>
<dataflow id="197" from="k_1" to="k" fromId="68" toId="43">
<BackEdge/>
<condition id="97">
<or_exp><and_exp><literal name="exitcond_flatten1" val="0"/>
</and_exp></or_exp>
</condition>
</dataflow>
<dataflow id="198" from="StgValue_94" to="k" fromId="94" toId="43">
<BackEdge/>
</dataflow>
<dataflow id="200" from="_ssdm_op_SpecPipeline" to="StgValue_44" fromId="199" toId="44">
</dataflow>
<dataflow id="202" from="StgValue_201" to="StgValue_44" fromId="201" toId="44">
</dataflow>
<dataflow id="203" from="StgValue_201" to="StgValue_44" fromId="201" toId="44">
</dataflow>
<dataflow id="204" from="StgValue_201" to="StgValue_44" fromId="201" toId="44">
</dataflow>
<dataflow id="205" from="StgValue_174" to="StgValue_44" fromId="174" toId="44">
</dataflow>
<dataflow id="207" from="p_str25" to="StgValue_44" fromId="206" toId="44">
</dataflow>
<dataflow id="208" from="k" to="k_cast" fromId="43" toId="45">
</dataflow>
<dataflow id="209" from="k_cast" to="tmp_5" fromId="45" toId="46">
</dataflow>
<dataflow id="210" from="nA_read" to="tmp_5" fromId="15" toId="46">
</dataflow>
<dataflow id="211" from="indvar_flatten1" to="exitcond_flatten1" fromId="39" toId="47">
</dataflow>
<dataflow id="212" from="bound6" to="exitcond_flatten1" fromId="36" toId="47">
</dataflow>
<dataflow id="213" from="indvar_flatten1" to="indvar_flatten_next1" fromId="39" toId="48">
</dataflow>
<dataflow id="215" from="StgValue_214" to="indvar_flatten_next1" fromId="214" toId="48">
</dataflow>
<dataflow id="216" from="exitcond_flatten1" to="StgValue_49" fromId="47" toId="49">
</dataflow>
<dataflow id="218" from="StgValue_217" to="i_1" fromId="217" toId="50">
</dataflow>
<dataflow id="219" from="i" to="i_1" fromId="40" toId="50">
</dataflow>
<dataflow id="220" from="indvar_flatten" to="exitcond_flatten7" fromId="41" toId="51">
</dataflow>
<dataflow id="221" from="bound" to="exitcond_flatten7" fromId="18" toId="51">
</dataflow>
<dataflow id="222" from="exitcond_flatten7" to="j_mid" fromId="51" toId="52">
</dataflow>
<dataflow id="223" from="StgValue_181" to="j_mid" fromId="181" toId="52">
</dataflow>
<dataflow id="224" from="j" to="j_mid" fromId="42" toId="52">
</dataflow>
<dataflow id="225" from="exitcond_flatten7" to="k_mid" fromId="51" toId="53">
</dataflow>
<dataflow id="226" from="StgValue_181" to="k_mid" fromId="181" toId="53">
</dataflow>
<dataflow id="227" from="k" to="k_mid" fromId="43" toId="53">
</dataflow>
<dataflow id="228" from="exitcond_flatten7" to="tmp_1_mid2_v" fromId="51" toId="54">
</dataflow>
<dataflow id="229" from="i_1" to="tmp_1_mid2_v" fromId="50" toId="54">
</dataflow>
<dataflow id="230" from="i" to="tmp_1_mid2_v" fromId="40" toId="54">
</dataflow>
<dataflow id="231" from="tmp_1_mid2_v" to="tmp_3" fromId="54" toId="55">
</dataflow>
<dataflow id="232" from="exitcond_flatten7" to="tmp_5_mid1" fromId="51" toId="56">
</dataflow>
<dataflow id="233" from="tmp_5_mid" to="tmp_5_mid1" fromId="37" toId="56">
</dataflow>
<dataflow id="234" from="tmp_5" to="tmp_5_mid1" fromId="46" toId="56">
</dataflow>
<dataflow id="235" from="StgValue_217" to="j_1" fromId="217" toId="57">
</dataflow>
<dataflow id="236" from="j_mid" to="j_1" fromId="52" toId="57">
</dataflow>
<dataflow id="237" from="tmp_5_mid1" to="k_mid2" fromId="56" toId="58">
</dataflow>
<dataflow id="238" from="k_mid" to="k_mid2" fromId="53" toId="58">
</dataflow>
<dataflow id="239" from="StgValue_181" to="k_mid2" fromId="181" toId="58">
</dataflow>
<dataflow id="240" from="j" to="tmp_6" fromId="42" toId="59">
</dataflow>
<dataflow id="241" from="exitcond_flatten7" to="tmp_10" fromId="51" toId="60">
</dataflow>
<dataflow id="243" from="StgValue_242" to="tmp_10" fromId="242" toId="60">
</dataflow>
<dataflow id="244" from="tmp_6" to="tmp_10" fromId="59" toId="60">
</dataflow>
<dataflow id="245" from="j_1" to="tmp_11" fromId="57" toId="61">
</dataflow>
<dataflow id="246" from="tmp_5_mid1" to="tmp_12" fromId="56" toId="62">
</dataflow>
<dataflow id="247" from="tmp_10" to="tmp_12" fromId="60" toId="62">
</dataflow>
<dataflow id="248" from="tmp_11" to="tmp_12" fromId="61" toId="62">
</dataflow>
<dataflow id="249" from="tmp_5_mid1" to="j_mid2" fromId="56" toId="63">
</dataflow>
<dataflow id="250" from="j_mid" to="j_mid2" fromId="52" toId="63">
</dataflow>
<dataflow id="251" from="j_1" to="j_mid2" fromId="57" toId="63">
</dataflow>
<dataflow id="252" from="k_mid2" to="tmp_13" fromId="58" toId="64">
</dataflow>
<dataflow id="254" from="StgValue_253" to="indvar_flatten_op" fromId="253" toId="65">
</dataflow>
<dataflow id="255" from="indvar_flatten" to="indvar_flatten_op" fromId="41" toId="65">
</dataflow>
<dataflow id="256" from="exitcond_flatten7" to="indvar_flatten_next" fromId="51" toId="66">
</dataflow>
<dataflow id="257" from="StgValue_253" to="indvar_flatten_next" fromId="253" toId="66">
</dataflow>
<dataflow id="258" from="indvar_flatten_op" to="indvar_flatten_next" fromId="65" toId="66">
</dataflow>
<dataflow id="260" from="StgValue_259" to="tmp" fromId="259" toId="67">
</dataflow>
<dataflow id="261" from="tmp_3" to="tmp" fromId="55" toId="67">
</dataflow>
<dataflow id="262" from="StgValue_217" to="k_1" fromId="217" toId="68">
</dataflow>
<dataflow id="263" from="k_mid2" to="k_1" fromId="58" toId="68">
</dataflow>
<dataflow id="264" from="tmp" to="tmp_1" fromId="67" toId="69">
</dataflow>
<dataflow id="265" from="tmp_12" to="tmp_1" fromId="62" toId="69">
</dataflow>
<dataflow id="266" from="tmp_1" to="tmp_1_cast" fromId="69" toId="70">
</dataflow>
<dataflow id="267" from="C" to="C_addr" fromId="120" toId="71">
</dataflow>
<dataflow id="268" from="StgValue_186" to="C_addr" fromId="186" toId="71">
</dataflow>
<dataflow id="269" from="tmp_1_cast" to="C_addr" fromId="70" toId="71">
</dataflow>
<dataflow id="270" from="tmp" to="tmp_2" fromId="67" toId="72">
</dataflow>
<dataflow id="271" from="tmp_13" to="tmp_2" fromId="64" toId="72">
</dataflow>
<dataflow id="272" from="tmp_2" to="tmp_2_cast" fromId="72" toId="73">
</dataflow>
<dataflow id="273" from="A" to="A_addr" fromId="118" toId="74">
</dataflow>
<dataflow id="274" from="StgValue_186" to="A_addr" fromId="186" toId="74">
</dataflow>
<dataflow id="275" from="tmp_2_cast" to="A_addr" fromId="73" toId="74">
</dataflow>
<dataflow id="276" from="StgValue_259" to="tmp_4" fromId="259" toId="75">
</dataflow>
<dataflow id="277" from="tmp_13" to="tmp_4" fromId="64" toId="75">
</dataflow>
<dataflow id="278" from="tmp_4" to="tmp_9" fromId="75" toId="76">
</dataflow>
<dataflow id="279" from="tmp_12" to="tmp_9" fromId="62" toId="76">
</dataflow>
<dataflow id="280" from="tmp_9" to="tmp_9_cast" fromId="76" toId="77">
</dataflow>
<dataflow id="281" from="B" to="B_addr" fromId="119" toId="78">
</dataflow>
<dataflow id="282" from="StgValue_186" to="B_addr" fromId="186" toId="78">
</dataflow>
<dataflow id="283" from="tmp_9_cast" to="B_addr" fromId="77" toId="78">
</dataflow>
<dataflow id="284" from="A_addr" to="A_load" fromId="74" toId="79">
</dataflow>
<dataflow id="285" from="B_addr" to="B_load" fromId="78" toId="80">
</dataflow>
<dataflow id="286" from="A_addr" to="A_load" fromId="74" toId="81">
</dataflow>
<dataflow id="287" from="B_addr" to="B_load" fromId="78" toId="82">
</dataflow>
<dataflow id="288" from="B_load" to="tmp_7" fromId="82" toId="83">
</dataflow>
<dataflow id="289" from="A_load" to="tmp_7" fromId="81" toId="83">
</dataflow>
<dataflow id="290" from="C_addr" to="C_load" fromId="71" toId="84">
</dataflow>
<dataflow id="292" from="_ssdm_op_SpecLoopName" to="StgValue_85" fromId="291" toId="85">
</dataflow>
<dataflow id="294" from="for_c_row_for_c_col_s" to="StgValue_85" fromId="293" toId="85">
</dataflow>
<dataflow id="295" from="_ssdm_op_SpecPipeline" to="StgValue_86" fromId="199" toId="86">
</dataflow>
<dataflow id="296" from="StgValue_201" to="StgValue_86" fromId="201" toId="86">
</dataflow>
<dataflow id="297" from="StgValue_201" to="StgValue_86" fromId="201" toId="86">
</dataflow>
<dataflow id="298" from="StgValue_201" to="StgValue_86" fromId="201" toId="86">
</dataflow>
<dataflow id="299" from="StgValue_174" to="StgValue_86" fromId="174" toId="86">
</dataflow>
<dataflow id="300" from="p_str25" to="StgValue_86" fromId="206" toId="86">
</dataflow>
<dataflow id="301" from="_ssdm_op_SpecPipeline" to="StgValue_87" fromId="199" toId="87">
</dataflow>
<dataflow id="302" from="StgValue_201" to="StgValue_87" fromId="201" toId="87">
</dataflow>
<dataflow id="303" from="StgValue_201" to="StgValue_87" fromId="201" toId="87">
</dataflow>
<dataflow id="304" from="StgValue_201" to="StgValue_87" fromId="201" toId="87">
</dataflow>
<dataflow id="305" from="StgValue_174" to="StgValue_87" fromId="174" toId="87">
</dataflow>
<dataflow id="306" from="p_str25" to="StgValue_87" fromId="206" toId="87">
</dataflow>
<dataflow id="307" from="_ssdm_op_SpecLoopName" to="StgValue_88" fromId="291" toId="88">
</dataflow>
<dataflow id="309" from="for_c_col_for_common" to="StgValue_88" fromId="308" toId="88">
</dataflow>
<dataflow id="310" from="_ssdm_op_SpecPipeline" to="StgValue_89" fromId="199" toId="89">
</dataflow>
<dataflow id="311" from="StgValue_201" to="StgValue_89" fromId="201" toId="89">
</dataflow>
<dataflow id="312" from="StgValue_201" to="StgValue_89" fromId="201" toId="89">
</dataflow>
<dataflow id="313" from="StgValue_201" to="StgValue_89" fromId="201" toId="89">
</dataflow>
<dataflow id="314" from="StgValue_174" to="StgValue_89" fromId="174" toId="89">
</dataflow>
<dataflow id="315" from="p_str25" to="StgValue_89" fromId="206" toId="89">
</dataflow>
<dataflow id="316" from="_ssdm_op_SpecLoopName" to="StgValue_90" fromId="291" toId="90">
</dataflow>
<dataflow id="318" from="p_str36" to="StgValue_90" fromId="317" toId="90">
</dataflow>
<dataflow id="319" from="C_addr" to="C_load" fromId="71" toId="91">
</dataflow>
<dataflow id="320" from="tmp_7" to="tmp_8" fromId="83" toId="92">
</dataflow>
<dataflow id="321" from="C_load" to="tmp_8" fromId="91" toId="92">
</dataflow>
<dataflow id="322" from="tmp_8" to="StgValue_93" fromId="92" toId="93">
</dataflow>
<dataflow id="323" from="C_addr" to="StgValue_93" fromId="71" toId="93">
</dataflow>
<dataflow id="324" from="exitcond_flatten1" to="StgValue_7" fromId="47" toId="7">
</dataflow>
<dataflow id="325" from="exitcond_flatten1" to="StgValue_8" fromId="47" toId="8">
</dataflow>
<dataflow id="326" from="exitcond_flatten1" to="StgValue_9" fromId="47" toId="9">
</dataflow>
<dataflow id="327" from="exitcond_flatten1" to="StgValue_10" fromId="47" toId="10">
</dataflow>
<dataflow id="328" from="exitcond_flatten1" to="StgValue_11" fromId="47" toId="11">
</dataflow>
<dataflow id="329" from="exitcond_flatten1" to="StgValue_12" fromId="47" toId="12">
</dataflow>
</dataflows>


</stg>
