<annotationInfo>
<annotationInfo>
<item  id="29" filename="PartA/parta1_2.cpp" linenumber="13" name="tmp_5_mid" contextFuncName="parta1_2" moduleName="parta1_2" rtlName="tmp_5_mid_fu_196_p2" latency="0" BRAM="-1" DSP="-1" FF="0" LUT="18" fileDirectory="C:\Users\Patel\Downloads\ECE527\exp\MP3"><\/item>
<item  id="38" filename="PartA/parta1_2.cpp" linenumber="13" name="k_cast" contextFuncName="parta1_2" moduleName="parta1_2" rtlName="k_cast_fu_201_p1" latency="0" BRAM="-1" DSP="-1" FF="-1" LUT="-1" fileDirectory="C:\Users\Patel\Downloads\ECE527\exp\MP3"><\/item>
<item  id="39" filename="PartA/parta1_2.cpp" linenumber="13" name="tmp_5" contextFuncName="parta1_2" moduleName="parta1_2" rtlName="tmp_5_fu_205_p2" latency="0" BRAM="-1" DSP="-1" FF="0" LUT="18" fileDirectory="C:\Users\Patel\Downloads\ECE527\exp\MP3"><\/item>
<item  id="44" filename="PartA/parta1_2.cpp" linenumber="8" name="i_1" contextFuncName="parta1_2" moduleName="parta1_2" rtlName="i_1_fu_221_p2" latency="0" BRAM="-1" DSP="-1" FF="0" LUT="38" fileDirectory="C:\Users\Patel\Downloads\ECE527\exp\MP3"><\/item>
<item  id="47" filename="PartA/parta1_2.cpp" linenumber="13" name="j_mid" contextFuncName="parta1_2" moduleName="parta1_2" rtlName="j_mid_fu_232_p3" latency="0" BRAM="-1" DSP="-1" FF="0" LUT="31" fileDirectory="C:\Users\Patel\Downloads\ECE527\exp\MP3"><\/item>
<item  id="48" filename="PartA/parta1_2.cpp" linenumber="13" name="k_mid" contextFuncName="parta1_2" moduleName="parta1_2" rtlName="k_mid_fu_240_p3" latency="0" BRAM="-1" DSP="-1" FF="0" LUT="31" fileDirectory="C:\Users\Patel\Downloads\ECE527\exp\MP3"><\/item>
<item  id="49" filename="PartA/parta1_2.cpp" linenumber="15" name="tmp_1_mid2_v" contextFuncName="parta1_2" moduleName="parta1_2" rtlName="tmp_1_mid2_v_fu_248_p3" latency="0" BRAM="-1" DSP="-1" FF="0" LUT="31" fileDirectory="C:\Users\Patel\Downloads\ECE527\exp\MP3"><\/item>
<item  id="50" filename="PartA/parta1_2.cpp" linenumber="15" name="tmp_3" contextFuncName="parta1_2" moduleName="parta1_2" rtlName="tmp_3_fu_256_p1" latency="0" BRAM="-1" DSP="-1" FF="-1" LUT="-1" fileDirectory="C:\Users\Patel\Downloads\ECE527\exp\MP3"><\/item>
<item  id="51" filename="PartA/parta1_2.cpp" linenumber="15" name="tmp" contextFuncName="parta1_2" moduleName="parta1_2" rtlName="parta1_2_mul_mul_cud_U2" latency="0" BRAM="-1" DSP="-1" FF="-1" LUT="-1" fileDirectory="C:\Users\Patel\Downloads\ECE527\exp\MP3"><\/item>
<item  id="53" filename="PartA/parta1_2.cpp" linenumber="13" name="tmp_5_mid1" contextFuncName="parta1_2" moduleName="parta1_2" rtlName="tmp_5_mid1_fu_260_p3" latency="0" BRAM="-1" DSP="-1" FF="0" LUT="2" fileDirectory="C:\Users\Patel\Downloads\ECE527\exp\MP3"><\/item>
<item  id="54" filename="PartA/parta1_2.cpp" linenumber="10" name="j_1" contextFuncName="parta1_2" moduleName="parta1_2" rtlName="j_1_fu_267_p2" latency="0" BRAM="-1" DSP="-1" FF="0" LUT="38" fileDirectory="C:\Users\Patel\Downloads\ECE527\exp\MP3"><\/item>
<item  id="57" filename="PartA/parta1_2.cpp" linenumber="13" name="k_mid2" contextFuncName="parta1_2" moduleName="parta1_2" rtlName="k_mid2_fu_273_p3" latency="0" BRAM="-1" DSP="-1" FF="0" LUT="31" fileDirectory="C:\Users\Patel\Downloads\ECE527\exp\MP3"><\/item>
<item  id="59" filename="PartA/parta1_2.cpp" linenumber="15" name="tmp_6" contextFuncName="parta1_2" moduleName="parta1_2" rtlName="tmp_6_fu_281_p1" latency="0" BRAM="-1" DSP="-1" FF="-1" LUT="-1" fileDirectory="C:\Users\Patel\Downloads\ECE527\exp\MP3"><\/item>
<item  id="60" filename="PartA/parta1_2.cpp" linenumber="15" name="tmp_10" contextFuncName="parta1_2" moduleName="parta1_2" rtlName="tmp_10_fu_285_p3" latency="0" BRAM="-1" DSP="-1" FF="0" LUT="15" fileDirectory="C:\Users\Patel\Downloads\ECE527\exp\MP3"><\/item>
<item  id="61" filename="PartA/parta1_2.cpp" linenumber="15" name="tmp_11" contextFuncName="parta1_2" moduleName="parta1_2" rtlName="tmp_11_fu_293_p1" latency="0" BRAM="-1" DSP="-1" FF="-1" LUT="-1" fileDirectory="C:\Users\Patel\Downloads\ECE527\exp\MP3"><\/item>
<item  id="62" filename="PartA/parta1_2.cpp" linenumber="15" name="tmp_12" contextFuncName="parta1_2" moduleName="parta1_2" rtlName="tmp_12_fu_297_p3" latency="0" BRAM="-1" DSP="-1" FF="0" LUT="15" fileDirectory="C:\Users\Patel\Downloads\ECE527\exp\MP3"><\/item>
<item  id="63" filename="PartA/parta1_2.cpp" linenumber="15" name="tmp_1" contextFuncName="parta1_2" moduleName="parta1_2" rtlName="tmp_1_fu_336_p2" latency="0" BRAM="-1" DSP="-1" FF="0" LUT="21" fileDirectory="C:\Users\Patel\Downloads\ECE527\exp\MP3"><\/item>
<item  id="64" filename="PartA/parta1_2.cpp" linenumber="15" name="tmp_1_cast" contextFuncName="parta1_2" moduleName="parta1_2" rtlName="tmp_1_cast_fu_340_p1" latency="0" BRAM="-1" DSP="-1" FF="-1" LUT="-1" fileDirectory="C:\Users\Patel\Downloads\ECE527\exp\MP3"><\/item>
<item  id="66" filename="PartA/parta1_2.cpp" linenumber="13" name="j_mid2" contextFuncName="parta1_2" moduleName="parta1_2" rtlName="j_mid2_fu_305_p3" latency="0" BRAM="-1" DSP="-1" FF="0" LUT="31" fileDirectory="C:\Users\Patel\Downloads\ECE527\exp\MP3"><\/item>
<item  id="68" filename="PartA/parta1_2.cpp" linenumber="15" name="tmp_13" contextFuncName="parta1_2" moduleName="parta1_2" rtlName="tmp_13_fu_313_p1" latency="0" BRAM="-1" DSP="-1" FF="-1" LUT="-1" fileDirectory="C:\Users\Patel\Downloads\ECE527\exp\MP3"><\/item>
<item  id="69" filename="PartA/parta1_2.cpp" linenumber="15" name="tmp_2" contextFuncName="parta1_2" moduleName="parta1_2" rtlName="tmp_2_fu_345_p2" latency="0" BRAM="-1" DSP="-1" FF="0" LUT="21" fileDirectory="C:\Users\Patel\Downloads\ECE527\exp\MP3"><\/item>
<item  id="70" filename="PartA/parta1_2.cpp" linenumber="15" name="tmp_2_cast" contextFuncName="parta1_2" moduleName="parta1_2" rtlName="tmp_2_cast_fu_349_p1" latency="0" BRAM="-1" DSP="-1" FF="-1" LUT="-1" fileDirectory="C:\Users\Patel\Downloads\ECE527\exp\MP3"><\/item>
<item  id="72" filename="PartA/parta1_2.cpp" linenumber="15" name="tmp_4" contextFuncName="parta1_2" moduleName="parta1_2" rtlName="parta1_2_mac_muladEe_U3" latency="0" BRAM="-1" DSP="-1" FF="-1" LUT="-1" fileDirectory="C:\Users\Patel\Downloads\ECE527\exp\MP3"><\/item>
<item  id="73" filename="PartA/parta1_2.cpp" linenumber="15" name="tmp_9" contextFuncName="parta1_2" moduleName="parta1_2" rtlName="parta1_2_mac_muladEe_U3" latency="0" BRAM="-1" DSP="-1" FF="-1" LUT="-1" fileDirectory="C:\Users\Patel\Downloads\ECE527\exp\MP3"><\/item>
<item  id="74" filename="PartA/parta1_2.cpp" linenumber="15" name="tmp_9_cast" contextFuncName="parta1_2" moduleName="parta1_2" rtlName="tmp_9_cast_fu_354_p1" latency="0" BRAM="-1" DSP="-1" FF="-1" LUT="-1" fileDirectory="C:\Users\Patel\Downloads\ECE527\exp\MP3"><\/item>
<item  id="78" filename="PartA/parta1_2.cpp" linenumber="15" name="tmp_7" contextFuncName="parta1_2" moduleName="parta1_2" rtlName="tmp_7_fu_358_p2" latency="0" BRAM="-1" DSP="3" FF="0" LUT="20" fileDirectory="C:\Users\Patel\Downloads\ECE527\exp\MP3"><\/item>
<item  id="80" filename="PartA/parta1_2.cpp" linenumber="15" name="tmp_8" contextFuncName="parta1_2" moduleName="parta1_2" rtlName="C_d0" latency="0" BRAM="-1" DSP="-1" FF="0" LUT="39" fileDirectory="C:\Users\Patel\Downloads\ECE527\exp\MP3"><\/item>
<item  id="82" filename="PartA/parta1_2.cpp" linenumber="13" name="k_1" contextFuncName="parta1_2" moduleName="parta1_2" rtlName="k_1_fu_331_p2" latency="0" BRAM="-1" DSP="-1" FF="0" LUT="38" fileDirectory="C:\Users\Patel\Downloads\ECE527\exp\MP3"><\/item>
<\/annotationInfo>
</annotationInfo>
