<annotationInfo>
<annotationInfo>
<item  id="29" filename="PartA/parta1_3.cpp" linenumber="8" name="i_cast" contextFuncName="parta1_3" moduleName="parta1_3" rtlName="i_cast_fu_251_p1" latency="0" BRAM="-1" DSP="-1" FF="-1" LUT="-1" fileDirectory="C:\Users\Patel\Downloads\ECE527\exp\MP3"><\/item>
<item  id="30" filename="PartA/parta1_3.cpp" linenumber="8" name="tmp" contextFuncName="parta1_3" moduleName="parta1_3" rtlName="tmp_fu_255_p2" latency="0" BRAM="-1" DSP="-1" FF="0" LUT="18" fileDirectory="C:\Users\Patel\Downloads\ECE527\exp\MP3"><\/item>
<item  id="31" filename="PartA/parta1_3.cpp" linenumber="8" name="i_1" contextFuncName="parta1_3" moduleName="parta1_3" rtlName="i_1_fu_260_p2" latency="0" BRAM="-1" DSP="-1" FF="0" LUT="38" fileDirectory="C:\Users\Patel\Downloads\ECE527\exp\MP3"><\/item>
<item  id="39" filename="PartA/parta1_3.cpp" linenumber="10" name="j_cast" contextFuncName="parta1_3" moduleName="parta1_3" rtlName="j_cast_fu_266_p1" latency="0" BRAM="-1" DSP="-1" FF="-1" LUT="-1" fileDirectory="C:\Users\Patel\Downloads\ECE527\exp\MP3"><\/item>
<item  id="40" filename="PartA/parta1_3.cpp" linenumber="10" name="tmp_2" contextFuncName="parta1_3" moduleName="parta1_3" rtlName="tmp_2_fu_270_p2" latency="0" BRAM="-1" DSP="-1" FF="0" LUT="18" fileDirectory="C:\Users\Patel\Downloads\ECE527\exp\MP3"><\/item>
<item  id="41" filename="PartA/parta1_3.cpp" linenumber="10" name="j_1" contextFuncName="parta1_3" moduleName="parta1_3" rtlName="j_1_fu_275_p2" latency="0" BRAM="-1" DSP="-1" FF="0" LUT="38" fileDirectory="C:\Users\Patel\Downloads\ECE527\exp\MP3"><\/item>
<item  id="46" filename="PartA/parta1_3.cpp" linenumber="15" name="tmp_3" contextFuncName="parta1_3" moduleName="parta1_3" rtlName="tmp_3_fu_281_p1" latency="0" BRAM="-1" DSP="-1" FF="-1" LUT="-1" fileDirectory="C:\Users\Patel\Downloads\ECE527\exp\MP3"><\/item>
<item  id="47" filename="PartA/parta1_3.cpp" linenumber="15" name="tmp_s" contextFuncName="parta1_3" moduleName="parta1_3" rtlName="tmp_s_fu_285_p2" latency="0" BRAM="-1" DSP="-1" FF="0" LUT="21" fileDirectory="C:\Users\Patel\Downloads\ECE527\exp\MP3"><\/item>
<item  id="48" filename="PartA/parta1_3.cpp" linenumber="15" name="tmp_10_cast" contextFuncName="parta1_3" moduleName="parta1_3" rtlName="tmp_10_cast_fu_290_p1" latency="0" BRAM="-1" DSP="-1" FF="-1" LUT="-1" fileDirectory="C:\Users\Patel\Downloads\ECE527\exp\MP3"><\/item>
<item  id="63" filename="PartA/parta1_3.cpp" linenumber="12" name="tmp_26" contextFuncName="parta1_3" moduleName="parta1_3" rtlName="tmp_26_fu_370_p2" latency="0" BRAM="-1" DSP="-1" FF="0" LUT="18" fileDirectory="C:\Users\Patel\Downloads\ECE527\exp\MP3"><\/item>
<item  id="67" filename="PartA/parta1_3.cpp" linenumber="15" name="tmp_27" contextFuncName="parta1_3" moduleName="parta1_3" rtlName="tmp_27_fu_375_p1" latency="0" BRAM="-1" DSP="-1" FF="-1" LUT="-1" fileDirectory="C:\Users\Patel\Downloads\ECE527\exp\MP3"><\/item>
<item  id="68" filename="PartA/parta1_3.cpp" linenumber="15" name="tmp_11" contextFuncName="parta1_3" moduleName="parta1_3" rtlName="tmp_11_fu_379_p2" latency="0" BRAM="-1" DSP="-1" FF="0" LUT="21" fileDirectory="C:\Users\Patel\Downloads\ECE527\exp\MP3"><\/item>
<item  id="69" filename="PartA/parta1_3.cpp" linenumber="15" name="tmp_11_cast" contextFuncName="parta1_3" moduleName="parta1_3" rtlName="tmp_11_cast_fu_384_p1" latency="0" BRAM="-1" DSP="-1" FF="-1" LUT="-1" fileDirectory="C:\Users\Patel\Downloads\ECE527\exp\MP3"><\/item>
<item  id="71" filename="PartA/parta1_3.cpp" linenumber="15" name="tmp_12" contextFuncName="parta1_3" moduleName="parta1_3" rtlName="parta1_3_mac_mulabkb_U1" latency="0" BRAM="-1" DSP="-1" FF="-1" LUT="-1" fileDirectory="C:\Users\Patel\Downloads\ECE527\exp\MP3"><\/item>
<item  id="72" filename="PartA/parta1_3.cpp" linenumber="15" name="tmp_13" contextFuncName="parta1_3" moduleName="parta1_3" rtlName="parta1_3_mac_mulabkb_U1" latency="0" BRAM="-1" DSP="-1" FF="-1" LUT="-1" fileDirectory="C:\Users\Patel\Downloads\ECE527\exp\MP3"><\/item>
<item  id="73" filename="PartA/parta1_3.cpp" linenumber="15" name="tmp_13_cast" contextFuncName="parta1_3" moduleName="parta1_3" rtlName="tmp_13_cast_fu_389_p1" latency="0" BRAM="-1" DSP="-1" FF="-1" LUT="-1" fileDirectory="C:\Users\Patel\Downloads\ECE527\exp\MP3"><\/item>
<item  id="77" filename="PartA/parta1_3.cpp" linenumber="15" name="tmp_7" contextFuncName="parta1_3" moduleName="parta1_3" rtlName="grp_fu_231_p2" latency="0" BRAM="-1" DSP="3" FF="0" LUT="20" fileDirectory="C:\Users\Patel\Downloads\ECE527\exp\MP3"><\/item>
<item  id="79" filename="PartA/parta1_3.cpp" linenumber="15" name="tmp_8" contextFuncName="parta1_3" moduleName="parta1_3" rtlName="tmp_8_fu_393_p2" latency="0" BRAM="-1" DSP="-1" FF="0" LUT="39" fileDirectory="C:\Users\Patel\Downloads\ECE527\exp\MP3"><\/item>
<item  id="81" filename="PartA/parta1_3.cpp" linenumber="12" name="k_1_s" contextFuncName="parta1_3" moduleName="parta1_3" rtlName="k_1_s_fu_399_p2" latency="0" BRAM="-1" DSP="-1" FF="0" LUT="32" fileDirectory="C:\Users\Patel\Downloads\ECE527\exp\MP3"><\/item>
<item  id="82" filename="PartA/parta1_3.cpp" linenumber="12" name="tmp_5_1" contextFuncName="parta1_3" moduleName="parta1_3" rtlName="tmp_5_1_fu_405_p2" latency="0" BRAM="-1" DSP="-1" FF="0" LUT="18" fileDirectory="C:\Users\Patel\Downloads\ECE527\exp\MP3"><\/item>
<item  id="85" filename="PartA/parta1_3.cpp" linenumber="15" name="tmp_28" contextFuncName="parta1_3" moduleName="parta1_3" rtlName="tmp_28_fu_410_p1" latency="0" BRAM="-1" DSP="-1" FF="-1" LUT="-1" fileDirectory="C:\Users\Patel\Downloads\ECE527\exp\MP3"><\/item>
<item  id="86" filename="PartA/parta1_3.cpp" linenumber="15" name="tmp_14" contextFuncName="parta1_3" moduleName="parta1_3" rtlName="tmp_14_fu_414_p2" latency="0" BRAM="-1" DSP="-1" FF="0" LUT="21" fileDirectory="C:\Users\Patel\Downloads\ECE527\exp\MP3"><\/item>
<item  id="87" filename="PartA/parta1_3.cpp" linenumber="15" name="tmp_14_cast" contextFuncName="parta1_3" moduleName="parta1_3" rtlName="tmp_14_cast_fu_419_p1" latency="0" BRAM="-1" DSP="-1" FF="-1" LUT="-1" fileDirectory="C:\Users\Patel\Downloads\ECE527\exp\MP3"><\/item>
<item  id="89" filename="PartA/parta1_3.cpp" linenumber="15" name="tmp_15" contextFuncName="parta1_3" moduleName="parta1_3" rtlName="parta1_3_mac_mulabkb_U2" latency="0" BRAM="-1" DSP="-1" FF="-1" LUT="-1" fileDirectory="C:\Users\Patel\Downloads\ECE527\exp\MP3"><\/item>
<item  id="90" filename="PartA/parta1_3.cpp" linenumber="15" name="tmp_16" contextFuncName="parta1_3" moduleName="parta1_3" rtlName="parta1_3_mac_mulabkb_U2" latency="0" BRAM="-1" DSP="-1" FF="-1" LUT="-1" fileDirectory="C:\Users\Patel\Downloads\ECE527\exp\MP3"><\/item>
<item  id="91" filename="PartA/parta1_3.cpp" linenumber="15" name="tmp_16_cast" contextFuncName="parta1_3" moduleName="parta1_3" rtlName="tmp_16_cast_fu_424_p1" latency="0" BRAM="-1" DSP="-1" FF="-1" LUT="-1" fileDirectory="C:\Users\Patel\Downloads\ECE527\exp\MP3"><\/item>
<item  id="95" filename="PartA/parta1_3.cpp" linenumber="15" name="tmp_7_1" contextFuncName="parta1_3" moduleName="parta1_3" rtlName="grp_fu_231_p2" latency="0" BRAM="-1" DSP="3" FF="0" LUT="20" fileDirectory="C:\Users\Patel\Downloads\ECE527\exp\MP3"><\/item>
<item  id="96" filename="PartA/parta1_3.cpp" linenumber="15" name="tmp_8_1" contextFuncName="parta1_3" moduleName="parta1_3" rtlName="tmp_8_1_fu_428_p2" latency="0" BRAM="-1" DSP="-1" FF="0" LUT="39" fileDirectory="C:\Users\Patel\Downloads\ECE527\exp\MP3"><\/item>
<item  id="98" filename="PartA/parta1_3.cpp" linenumber="12" name="k_1_1" contextFuncName="parta1_3" moduleName="parta1_3" rtlName="k_1_1_fu_434_p2" latency="0" BRAM="-1" DSP="-1" FF="0" LUT="32" fileDirectory="C:\Users\Patel\Downloads\ECE527\exp\MP3"><\/item>
<item  id="99" filename="PartA/parta1_3.cpp" linenumber="12" name="tmp_5_2" contextFuncName="parta1_3" moduleName="parta1_3" rtlName="tmp_5_2_fu_440_p2" latency="0" BRAM="-1" DSP="-1" FF="0" LUT="18" fileDirectory="C:\Users\Patel\Downloads\ECE527\exp\MP3"><\/item>
<item  id="102" filename="PartA/parta1_3.cpp" linenumber="15" name="tmp_29" contextFuncName="parta1_3" moduleName="parta1_3" rtlName="tmp_29_fu_445_p1" latency="0" BRAM="-1" DSP="-1" FF="-1" LUT="-1" fileDirectory="C:\Users\Patel\Downloads\ECE527\exp\MP3"><\/item>
<item  id="103" filename="PartA/parta1_3.cpp" linenumber="15" name="tmp_17" contextFuncName="parta1_3" moduleName="parta1_3" rtlName="tmp_17_fu_449_p2" latency="0" BRAM="-1" DSP="-1" FF="0" LUT="21" fileDirectory="C:\Users\Patel\Downloads\ECE527\exp\MP3"><\/item>
<item  id="104" filename="PartA/parta1_3.cpp" linenumber="15" name="tmp_17_cast" contextFuncName="parta1_3" moduleName="parta1_3" rtlName="tmp_17_cast_fu_454_p1" latency="0" BRAM="-1" DSP="-1" FF="-1" LUT="-1" fileDirectory="C:\Users\Patel\Downloads\ECE527\exp\MP3"><\/item>
<item  id="106" filename="PartA/parta1_3.cpp" linenumber="15" name="tmp_18" contextFuncName="parta1_3" moduleName="parta1_3" rtlName="parta1_3_mac_mulabkb_U3" latency="0" BRAM="-1" DSP="-1" FF="-1" LUT="-1" fileDirectory="C:\Users\Patel\Downloads\ECE527\exp\MP3"><\/item>
<item  id="107" filename="PartA/parta1_3.cpp" linenumber="15" name="tmp_19" contextFuncName="parta1_3" moduleName="parta1_3" rtlName="parta1_3_mac_mulabkb_U3" latency="0" BRAM="-1" DSP="-1" FF="-1" LUT="-1" fileDirectory="C:\Users\Patel\Downloads\ECE527\exp\MP3"><\/item>
<item  id="108" filename="PartA/parta1_3.cpp" linenumber="15" name="tmp_19_cast" contextFuncName="parta1_3" moduleName="parta1_3" rtlName="tmp_19_cast_fu_459_p1" latency="0" BRAM="-1" DSP="-1" FF="-1" LUT="-1" fileDirectory="C:\Users\Patel\Downloads\ECE527\exp\MP3"><\/item>
<item  id="112" filename="PartA/parta1_3.cpp" linenumber="15" name="tmp_7_2" contextFuncName="parta1_3" moduleName="parta1_3" rtlName="grp_fu_231_p2" latency="0" BRAM="-1" DSP="3" FF="0" LUT="20" fileDirectory="C:\Users\Patel\Downloads\ECE527\exp\MP3"><\/item>
<item  id="113" filename="PartA/parta1_3.cpp" linenumber="15" name="tmp_8_2" contextFuncName="parta1_3" moduleName="parta1_3" rtlName="tmp_8_2_fu_463_p2" latency="0" BRAM="-1" DSP="-1" FF="0" LUT="39" fileDirectory="C:\Users\Patel\Downloads\ECE527\exp\MP3"><\/item>
<item  id="115" filename="PartA/parta1_3.cpp" linenumber="12" name="k_1_2" contextFuncName="parta1_3" moduleName="parta1_3" rtlName="k_1_2_fu_468_p2" latency="0" BRAM="-1" DSP="-1" FF="0" LUT="32" fileDirectory="C:\Users\Patel\Downloads\ECE527\exp\MP3"><\/item>
<item  id="116" filename="PartA/parta1_3.cpp" linenumber="12" name="tmp_5_3" contextFuncName="parta1_3" moduleName="parta1_3" rtlName="tmp_5_3_fu_474_p2" latency="0" BRAM="-1" DSP="-1" FF="0" LUT="18" fileDirectory="C:\Users\Patel\Downloads\ECE527\exp\MP3"><\/item>
<item  id="119" filename="PartA/parta1_3.cpp" linenumber="15" name="tmp_30" contextFuncName="parta1_3" moduleName="parta1_3" rtlName="tmp_30_fu_479_p1" latency="0" BRAM="-1" DSP="-1" FF="-1" LUT="-1" fileDirectory="C:\Users\Patel\Downloads\ECE527\exp\MP3"><\/item>
<item  id="120" filename="PartA/parta1_3.cpp" linenumber="15" name="tmp_20" contextFuncName="parta1_3" moduleName="parta1_3" rtlName="tmp_20_fu_483_p2" latency="0" BRAM="-1" DSP="-1" FF="0" LUT="21" fileDirectory="C:\Users\Patel\Downloads\ECE527\exp\MP3"><\/item>
<item  id="121" filename="PartA/parta1_3.cpp" linenumber="15" name="tmp_20_cast" contextFuncName="parta1_3" moduleName="parta1_3" rtlName="tmp_20_cast_fu_488_p1" latency="0" BRAM="-1" DSP="-1" FF="-1" LUT="-1" fileDirectory="C:\Users\Patel\Downloads\ECE527\exp\MP3"><\/item>
<item  id="123" filename="PartA/parta1_3.cpp" linenumber="15" name="tmp_21" contextFuncName="parta1_3" moduleName="parta1_3" rtlName="parta1_3_mac_mulabkb_U4" latency="0" BRAM="-1" DSP="-1" FF="-1" LUT="-1" fileDirectory="C:\Users\Patel\Downloads\ECE527\exp\MP3"><\/item>
<item  id="124" filename="PartA/parta1_3.cpp" linenumber="15" name="tmp_22" contextFuncName="parta1_3" moduleName="parta1_3" rtlName="parta1_3_mac_mulabkb_U4" latency="0" BRAM="-1" DSP="-1" FF="-1" LUT="-1" fileDirectory="C:\Users\Patel\Downloads\ECE527\exp\MP3"><\/item>
<item  id="125" filename="PartA/parta1_3.cpp" linenumber="15" name="tmp_22_cast" contextFuncName="parta1_3" moduleName="parta1_3" rtlName="tmp_22_cast_fu_493_p1" latency="0" BRAM="-1" DSP="-1" FF="-1" LUT="-1" fileDirectory="C:\Users\Patel\Downloads\ECE527\exp\MP3"><\/item>
<item  id="129" filename="PartA/parta1_3.cpp" linenumber="15" name="tmp_7_3" contextFuncName="parta1_3" moduleName="parta1_3" rtlName="grp_fu_231_p2" latency="0" BRAM="-1" DSP="3" FF="0" LUT="20" fileDirectory="C:\Users\Patel\Downloads\ECE527\exp\MP3"><\/item>
<item  id="130" filename="PartA/parta1_3.cpp" linenumber="15" name="tmp_8_3" contextFuncName="parta1_3" moduleName="parta1_3" rtlName="tmp_8_3_fu_503_p2" latency="0" BRAM="-1" DSP="-1" FF="0" LUT="39" fileDirectory="C:\Users\Patel\Downloads\ECE527\exp\MP3"><\/item>
<item  id="132" filename="PartA/parta1_3.cpp" linenumber="12" name="k_1_3" contextFuncName="parta1_3" moduleName="parta1_3" rtlName="k_1_3_fu_497_p2" latency="0" BRAM="-1" DSP="-1" FF="0" LUT="39" fileDirectory="C:\Users\Patel\Downloads\ECE527\exp\MP3"><\/item>
<\/annotationInfo>
</annotationInfo>
