<stg><name>parta1_3</name>


<trans_list>

<trans id="146" from="1" to="2">
<condition id="44">
<or_exp><and_exp></and_exp></or_exp>
</condition>
</trans>

<trans id="147" from="2" to="3">
<condition id="46">
<or_exp><and_exp><literal name="tmp" val="1"/>
</and_exp></or_exp>
</condition>
</trans>

<trans id="148" from="3" to="4">
<condition id="48">
<or_exp><and_exp><literal name="tmp_2" val="1"/>
</and_exp></or_exp>
</condition>
</trans>

<trans id="170" from="3" to="2">
<condition id="73">
<or_exp><and_exp><literal name="tmp_2" val="0"/>
</and_exp></or_exp>
</condition>
</trans>

<trans id="149" from="4" to="5">
<condition id="50">
<or_exp><and_exp><literal name="tmp_26" val="0"/>
</and_exp></or_exp>
</condition>
</trans>

<trans id="150" from="4" to="13">
<condition id="49">
<or_exp><and_exp><literal name="tmp_26" val="1"/>
</and_exp></or_exp>
</condition>
</trans>

<trans id="152" from="5" to="6">
<condition id="52">
<or_exp><and_exp></and_exp></or_exp>
</condition>
</trans>

<trans id="153" from="6" to="7">
<condition id="53">
<or_exp><and_exp></and_exp></or_exp>
</condition>
</trans>

<trans id="154" from="7" to="8">
<condition id="54">
<or_exp><and_exp><literal name="tmp_5_1" val="1"/>
</and_exp></or_exp>
</condition>
</trans>

<trans id="155" from="7" to="13">
<condition id="55">
<or_exp><and_exp><literal name="tmp_5_1" val="0"/>
</and_exp></or_exp>
</condition>
</trans>

<trans id="157" from="8" to="9">
<condition id="57">
<or_exp><and_exp></and_exp></or_exp>
</condition>
</trans>

<trans id="158" from="9" to="10">
<condition id="58">
<or_exp><and_exp></and_exp></or_exp>
</condition>
</trans>

<trans id="159" from="10" to="11">
<condition id="59">
<or_exp><and_exp><literal name="tmp_5_2" val="1"/>
</and_exp></or_exp>
</condition>
</trans>

<trans id="160" from="10" to="13">
<condition id="60">
<or_exp><and_exp><literal name="tmp_5_2" val="0"/>
</and_exp></or_exp>
</condition>
</trans>

<trans id="162" from="11" to="12">
<condition id="62">
<or_exp><and_exp></and_exp></or_exp>
</condition>
</trans>

<trans id="163" from="12" to="13">
<condition id="63">
<or_exp><and_exp></and_exp></or_exp>
</condition>
</trans>

<trans id="164" from="13" to="14">
<condition id="64">
<or_exp><and_exp><literal name="tmp_26" val="0"/>
<literal name="tmp_5_1" val="1"/>
<literal name="tmp_5_2" val="1"/>
<literal name="tmp_5_3" val="1"/>
</and_exp></or_exp>
</condition>
</trans>

<trans id="169" from="13" to="3">
<condition id="71">
<or_exp><and_exp><literal name="tmp_26" val="1"/>
</and_exp><and_exp><literal name="tmp_5_1" val="0"/>
</and_exp><and_exp><literal name="tmp_5_2" val="0"/>
</and_exp><and_exp><literal name="tmp_5_3" val="0"/>
</and_exp></or_exp>
</condition>
</trans>

<trans id="166" from="14" to="15">
<condition id="66">
<or_exp><and_exp></and_exp></or_exp>
</condition>
</trans>

<trans id="167" from="15" to="16">
<condition id="67">
<or_exp><and_exp></and_exp></or_exp>
</condition>
</trans>

<trans id="168" from="16" to="4">
<condition id="69">
<or_exp><and_exp></and_exp></or_exp>
</condition>
</trans>
</trans_list>



<state_list>

<state id="1" st_id="1">

<operation id="17" st_id="1" stage="1" lat="1">
<core>NULL</core>
<MemPortIdVec></MemPortIdVec>
<condition id="9">
<or_exp><and_exp></and_exp></or_exp>
</condition>

<Node id="10" bw="0" op_0_bw="0" op_1_bw="32">
<![CDATA[
:0  call void (...)* @_ssdm_op_SpecBitsMap([10000 x i32]* %A) nounwind, !map !7

]]></Node>
<StgValue><ssdm name=""/></StgValue>
</operation>

<operation id="18" st_id="1" stage="1" lat="1">
<core>NULL</core>
<MemPortIdVec></MemPortIdVec>
<condition id="9">
<or_exp><and_exp></and_exp></or_exp>
</condition>

<Node id="11" bw="0" op_0_bw="0" op_1_bw="32">
<![CDATA[
:1  call void (...)* @_ssdm_op_SpecBitsMap([10000 x i32]* %B) nounwind, !map !13

]]></Node>
<StgValue><ssdm name=""/></StgValue>
</operation>

<operation id="19" st_id="1" stage="1" lat="1">
<core>NULL</core>
<MemPortIdVec></MemPortIdVec>
<condition id="9">
<or_exp><and_exp></and_exp></or_exp>
</condition>

<Node id="12" bw="0" op_0_bw="0" op_1_bw="32">
<![CDATA[
:2  call void (...)* @_ssdm_op_SpecBitsMap([10000 x i32]* %C) nounwind, !map !17

]]></Node>
<StgValue><ssdm name=""/></StgValue>
</operation>

<operation id="20" st_id="1" stage="1" lat="1">
<core>NULL</core>
<MemPortIdVec></MemPortIdVec>
<condition id="9">
<or_exp><and_exp></and_exp></or_exp>
</condition>

<Node id="13" bw="0" op_0_bw="0" op_1_bw="32">
<![CDATA[
:3  call void (...)* @_ssdm_op_SpecBitsMap(i32 %mA) nounwind, !map !21

]]></Node>
<StgValue><ssdm name=""/></StgValue>
</operation>

<operation id="21" st_id="1" stage="1" lat="1">
<core>NULL</core>
<MemPortIdVec></MemPortIdVec>
<condition id="9">
<or_exp><and_exp></and_exp></or_exp>
</condition>

<Node id="14" bw="0" op_0_bw="0" op_1_bw="32">
<![CDATA[
:4  call void (...)* @_ssdm_op_SpecBitsMap(i32 %nA) nounwind, !map !27

]]></Node>
<StgValue><ssdm name=""/></StgValue>
</operation>

<operation id="22" st_id="1" stage="1" lat="1">
<core>NULL</core>
<MemPortIdVec></MemPortIdVec>
<condition id="9">
<or_exp><and_exp></and_exp></or_exp>
</condition>

<Node id="15" bw="0" op_0_bw="0" op_1_bw="32">
<![CDATA[
:5  call void (...)* @_ssdm_op_SpecBitsMap(i32 %mB) nounwind, !map !31

]]></Node>
<StgValue><ssdm name=""/></StgValue>
</operation>

<operation id="23" st_id="1" stage="1" lat="1">
<core>NULL</core>
<MemPortIdVec></MemPortIdVec>
<condition id="9">
<or_exp><and_exp></and_exp></or_exp>
</condition>

<Node id="16" bw="0" op_0_bw="0" op_1_bw="32">
<![CDATA[
:6  call void (...)* @_ssdm_op_SpecBitsMap(i32 %nB) nounwind, !map !35

]]></Node>
<StgValue><ssdm name=""/></StgValue>
</operation>

<operation id="24" st_id="1" stage="1" lat="1">
<core>NULL</core>
<MemPortIdVec></MemPortIdVec>
<condition id="9">
<or_exp><and_exp></and_exp></or_exp>
</condition>

<Node id="17" bw="0" op_0_bw="0" op_1_bw="32">
<![CDATA[
:7  call void (...)* @_ssdm_op_SpecBitsMap(i32 %mC) nounwind, !map !39

]]></Node>
<StgValue><ssdm name=""/></StgValue>
</operation>

<operation id="25" st_id="1" stage="1" lat="1">
<core>NULL</core>
<MemPortIdVec></MemPortIdVec>
<condition id="9">
<or_exp><and_exp></and_exp></or_exp>
</condition>

<Node id="18" bw="0" op_0_bw="0" op_1_bw="32">
<![CDATA[
:8  call void (...)* @_ssdm_op_SpecBitsMap(i32 %nC) nounwind, !map !43

]]></Node>
<StgValue><ssdm name=""/></StgValue>
</operation>

<operation id="26" st_id="1" stage="1" lat="1">
<core>NULL</core>
<MemPortIdVec></MemPortIdVec>
<condition id="9">
<or_exp><and_exp></and_exp></or_exp>
</condition>

<Node id="19" bw="0" op_0_bw="0" op_1_bw="0">
<![CDATA[
:9  call void (...)* @_ssdm_op_SpecTopModule([9 x i8]* @parta1_3_str) nounwind

]]></Node>
<StgValue><ssdm name=""/></StgValue>
</operation>

<operation id="27" st_id="1" stage="1" lat="1">
<core>NULL</core>
<MemPortIdVec></MemPortIdVec>
<condition id="9">
<or_exp><and_exp></and_exp></or_exp>
</condition>

<Node id="20" bw="32" op_0_bw="32" op_1_bw="32">
<![CDATA[
:10  %nC_read = call i32 @_ssdm_op_Read.ap_auto.i32(i32 %nC) nounwind

]]></Node>
<StgValue><ssdm name="nC_read"/></StgValue>
</operation>

<operation id="28" st_id="1" stage="1" lat="1">
<core>NULL</core>
<MemPortIdVec></MemPortIdVec>
<condition id="9">
<or_exp><and_exp></and_exp></or_exp>
</condition>

<Node id="21" bw="32" op_0_bw="32" op_1_bw="32">
<![CDATA[
:11  %mC_read = call i32 @_ssdm_op_Read.ap_auto.i32(i32 %mC) nounwind

]]></Node>
<StgValue><ssdm name="mC_read"/></StgValue>
</operation>

<operation id="29" st_id="1" stage="1" lat="1">
<core>NULL</core>
<MemPortIdVec></MemPortIdVec>
<condition id="9">
<or_exp><and_exp></and_exp></or_exp>
</condition>

<Node id="22" bw="32" op_0_bw="32" op_1_bw="32">
<![CDATA[
:12  %nA_read = call i32 @_ssdm_op_Read.ap_auto.i32(i32 %nA) nounwind

]]></Node>
<StgValue><ssdm name="nA_read"/></StgValue>
</operation>

<operation id="30" st_id="1" stage="1" lat="1">
<core>NULL</core>
<MemPortIdVec></MemPortIdVec>
<condition id="9">
<or_exp><and_exp></and_exp></or_exp>
</condition>

<Node id="23" bw="0" op_0_bw="0">
<![CDATA[
:13  br label %1

]]></Node>
<StgValue><ssdm name=""/></StgValue>
</operation>
</state>

<state id="2" st_id="2">

<operation id="31" st_id="2" stage="1" lat="1">
<core>NULL</core>
<MemPortIdVec></MemPortIdVec>
<condition id="10">
<or_exp><and_exp></and_exp></or_exp>
</condition>

<Node id="25" bw="31" op_0_bw="31" op_1_bw="0">
<![CDATA[
:0  %i = phi i31 [ 0, %0 ], [ %i_1, %11 ]

]]></Node>
<StgValue><ssdm name="i"/></StgValue>
</operation>

<operation id="32" st_id="2" stage="1" lat="1">
<core>NULL</core>
<MemPortIdVec></MemPortIdVec>
<condition id="10">
<or_exp><and_exp></and_exp></or_exp>
</condition>

<Node id="26" bw="38" op_0_bw="38" op_1_bw="0">
<![CDATA[
:1  %phi_mul = phi i38 [ 0, %0 ], [ %next_mul, %11 ]

]]></Node>
<StgValue><ssdm name="phi_mul"/></StgValue>
</operation>

<operation id="33" st_id="2" stage="1" lat="1">
<core>NULL</core>
<MemPortIdVec></MemPortIdVec>
<condition id="10">
<or_exp><and_exp></and_exp></or_exp>
</condition>

<Node id="27" bw="15" op_0_bw="38">
<![CDATA[
:2  %tmp_1 = trunc i38 %phi_mul to i15

]]></Node>
<StgValue><ssdm name="tmp_1"/></StgValue>
</operation>

<operation id="34" st_id="2" stage="1" lat="1">
<core>AddSub</core>
<MemPortIdVec></MemPortIdVec>
<condition id="10">
<or_exp><and_exp></and_exp></or_exp>
</condition>

<Node id="28" bw="38" op_0_bw="38" op_1_bw="38">
<![CDATA[
:3  %next_mul = add i38 100, %phi_mul

]]></Node>
<StgValue><ssdm name="next_mul"/></StgValue>
</operation>

<operation id="35" st_id="2" stage="1" lat="1">
<core>NULL</core>
<MemPortIdVec></MemPortIdVec>
<condition id="10">
<or_exp><and_exp></and_exp></or_exp>
</condition>

<Node id="29" bw="32" op_0_bw="31">
<![CDATA[
:4  %i_cast = zext i31 %i to i32

]]></Node>
<StgValue><ssdm name="i_cast"/></StgValue>
</operation>

<operation id="36" st_id="2" stage="1" lat="1">
<core>Cmp</core>
<MemPortIdVec></MemPortIdVec>
<condition id="10">
<or_exp><and_exp></and_exp></or_exp>
</condition>

<Node id="30" bw="1" op_0_bw="32" op_1_bw="32">
<![CDATA[
:5  %tmp = icmp slt i32 %i_cast, %mC_read

]]></Node>
<StgValue><ssdm name="tmp"/></StgValue>
</operation>

<operation id="37" st_id="2" stage="1" lat="1">
<core>AddSub</core>
<MemPortIdVec></MemPortIdVec>
<condition id="10">
<or_exp><and_exp></and_exp></or_exp>
</condition>

<Node id="31" bw="31" op_0_bw="31" op_1_bw="31">
<![CDATA[
:6  %i_1 = add i31 1, %i

]]></Node>
<StgValue><ssdm name="i_1"/></StgValue>
</operation>

<operation id="38" st_id="2" stage="1" lat="1">
<core>NULL</core>
<MemPortIdVec></MemPortIdVec>
<condition id="10">
<or_exp><and_exp></and_exp></or_exp>
</condition>

<Node id="32" bw="0" op_0_bw="1" op_1_bw="0" op_2_bw="0">
<![CDATA[
:7  br i1 %tmp, label %2, label %12

]]></Node>
<StgValue><ssdm name=""/></StgValue>
</operation>

<operation id="39" st_id="2" stage="1" lat="1">
<core>NULL</core>
<MemPortIdVec></MemPortIdVec>
<condition id="12">
<or_exp><and_exp><literal name="tmp" val="1"/>
</and_exp></or_exp>
</condition>

<Node id="34" bw="0" op_0_bw="0" op_1_bw="0">
<![CDATA[
:0  call void (...)* @_ssdm_op_SpecLoopName([10 x i8]* @p_str7) nounwind

]]></Node>
<StgValue><ssdm name=""/></StgValue>
</operation>

<operation id="40" st_id="2" stage="1" lat="1">
<core>NULL</core>
<MemPortIdVec></MemPortIdVec>
<condition id="12">
<or_exp><and_exp><literal name="tmp" val="1"/>
</and_exp></or_exp>
</condition>

<Node id="35" bw="32" op_0_bw="32" op_1_bw="0">
<![CDATA[
:1  %tmp_4 = call i32 (...)* @_ssdm_op_SpecRegionBegin([10 x i8]* @p_str7) nounwind

]]></Node>
<StgValue><ssdm name="tmp_4"/></StgValue>
</operation>

<operation id="41" st_id="2" stage="1" lat="1">
<core>NULL</core>
<MemPortIdVec></MemPortIdVec>
<condition id="12">
<or_exp><and_exp><literal name="tmp" val="1"/>
</and_exp></or_exp>
</condition>

<Node id="36" bw="0" op_0_bw="0">
<![CDATA[
:2  br label %3

]]></Node>
<StgValue><ssdm name=""/></StgValue>
</operation>

<operation id="42" st_id="2" stage="1" lat="1">
<core>NULL</core>
<MemPortIdVec></MemPortIdVec>
<condition id="14">
<or_exp><and_exp><literal name="tmp" val="0"/>
</and_exp></or_exp>
</condition>

<Node id="141" bw="0">
<![CDATA[
:0  ret void

]]></Node>
<StgValue><ssdm name=""/></StgValue>
</operation>
</state>

<state id="3" st_id="3">

<operation id="43" st_id="3" stage="1" lat="1">
<core>NULL</core>
<MemPortIdVec></MemPortIdVec>
<condition id="15">
<or_exp><and_exp></and_exp></or_exp>
</condition>

<Node id="38" bw="31" op_0_bw="31" op_1_bw="0">
<![CDATA[
:0  %j = phi i31 [ 0, %2 ], [ %j_1, %10 ]

]]></Node>
<StgValue><ssdm name="j"/></StgValue>
</operation>

<operation id="44" st_id="3" stage="1" lat="1">
<core>NULL</core>
<MemPortIdVec></MemPortIdVec>
<condition id="15">
<or_exp><and_exp></and_exp></or_exp>
</condition>

<Node id="39" bw="32" op_0_bw="31">
<![CDATA[
:1  %j_cast = zext i31 %j to i32

]]></Node>
<StgValue><ssdm name="j_cast"/></StgValue>
</operation>

<operation id="45" st_id="3" stage="1" lat="1">
<core>Cmp</core>
<MemPortIdVec></MemPortIdVec>
<condition id="15">
<or_exp><and_exp></and_exp></or_exp>
</condition>

<Node id="40" bw="1" op_0_bw="32" op_1_bw="32">
<![CDATA[
:2  %tmp_2 = icmp slt i32 %j_cast, %nC_read

]]></Node>
<StgValue><ssdm name="tmp_2"/></StgValue>
</operation>

<operation id="46" st_id="3" stage="1" lat="1">
<core>AddSub</core>
<MemPortIdVec></MemPortIdVec>
<condition id="15">
<or_exp><and_exp></and_exp></or_exp>
</condition>

<Node id="41" bw="31" op_0_bw="31" op_1_bw="31">
<![CDATA[
:3  %j_1 = add i31 %j, 1

]]></Node>
<StgValue><ssdm name="j_1"/></StgValue>
</operation>

<operation id="47" st_id="3" stage="1" lat="1">
<core>NULL</core>
<MemPortIdVec></MemPortIdVec>
<condition id="15">
<or_exp><and_exp></and_exp></or_exp>
</condition>

<Node id="42" bw="0" op_0_bw="1" op_1_bw="0" op_2_bw="0">
<![CDATA[
:4  br i1 %tmp_2, label %4, label %11

]]></Node>
<StgValue><ssdm name=""/></StgValue>
</operation>

<operation id="48" st_id="3" stage="1" lat="1">
<core>NULL</core>
<MemPortIdVec></MemPortIdVec>
<condition id="17">
<or_exp><and_exp><literal name="tmp_2" val="1"/>
</and_exp></or_exp>
</condition>

<Node id="44" bw="0" op_0_bw="0" op_1_bw="0">
<![CDATA[
:0  call void (...)* @_ssdm_op_SpecLoopName([10 x i8]* @p_str18) nounwind

]]></Node>
<StgValue><ssdm name=""/></StgValue>
</operation>

<operation id="49" st_id="3" stage="1" lat="1">
<core>NULL</core>
<MemPortIdVec></MemPortIdVec>
<condition id="17">
<or_exp><and_exp><literal name="tmp_2" val="1"/>
</and_exp></or_exp>
</condition>

<Node id="45" bw="32" op_0_bw="32" op_1_bw="0">
<![CDATA[
:1  %tmp_5 = call i32 (...)* @_ssdm_op_SpecRegionBegin([10 x i8]* @p_str18) nounwind

]]></Node>
<StgValue><ssdm name="tmp_5"/></StgValue>
</operation>

<operation id="50" st_id="3" stage="1" lat="1">
<core>NULL</core>
<MemPortIdVec></MemPortIdVec>
<condition id="17">
<or_exp><and_exp><literal name="tmp_2" val="1"/>
</and_exp></or_exp>
</condition>

<Node id="46" bw="15" op_0_bw="31">
<![CDATA[
:2  %tmp_3 = trunc i31 %j to i15

]]></Node>
<StgValue><ssdm name="tmp_3"/></StgValue>
</operation>

<operation id="51" st_id="3" stage="1" lat="1">
<core>AddSub</core>
<MemPortIdVec></MemPortIdVec>
<condition id="17">
<or_exp><and_exp><literal name="tmp_2" val="1"/>
</and_exp></or_exp>
</condition>

<Node id="47" bw="15" op_0_bw="15" op_1_bw="15">
<![CDATA[
:3  %tmp_s = add i15 %tmp_3, %tmp_1

]]></Node>
<StgValue><ssdm name="tmp_s"/></StgValue>
</operation>

<operation id="52" st_id="3" stage="1" lat="1">
<core>NULL</core>
<MemPortIdVec></MemPortIdVec>
<condition id="17">
<or_exp><and_exp><literal name="tmp_2" val="1"/>
</and_exp></or_exp>
</condition>

<Node id="48" bw="64" op_0_bw="15">
<![CDATA[
:4  %tmp_10_cast = zext i15 %tmp_s to i64

]]></Node>
<StgValue><ssdm name="tmp_10_cast"/></StgValue>
</operation>

<operation id="53" st_id="3" stage="1" lat="1">
<core>NULL</core>
<MemPortIdVec></MemPortIdVec>
<condition id="17">
<or_exp><and_exp><literal name="tmp_2" val="1"/>
</and_exp></or_exp>
</condition>

<Node id="49" bw="14" op_0_bw="32" op_1_bw="64" op_2_bw="64">
<![CDATA[
:5  %C_addr = getelementptr [10000 x i32]* %C, i64 0, i64 %tmp_10_cast

]]></Node>
<StgValue><ssdm name="C_addr"/></StgValue>
</operation>

<operation id="54" st_id="3" stage="1" lat="1">
<core>NULL</core>
<MemPortIdVec></MemPortIdVec>
<condition id="17">
<or_exp><and_exp><literal name="tmp_2" val="1"/>
</and_exp></or_exp>
</condition>

<Node id="50" bw="1" op_0_bw="1" op_1_bw="32" op_2_bw="32">
<![CDATA[
:6  %tmp_6 = call i1 @_ssdm_op_BitSelect.i1.i32.i32(i32 %nA_read, i32 31)

]]></Node>
<StgValue><ssdm name="tmp_6"/></StgValue>
</operation>

<operation id="55" st_id="3" stage="1" lat="1">
<core>AddSub</core>
<MemPortIdVec></MemPortIdVec>
<condition id="17">
<or_exp><and_exp><literal name="tmp_2" val="1"/>
</and_exp></or_exp>
</condition>

<Node id="51" bw="32" op_0_bw="32" op_1_bw="32">
<![CDATA[
:7  %nA_op_op = add i32 3, %nA_read

]]></Node>
<StgValue><ssdm name="nA_op_op"/></StgValue>
</operation>

<operation id="56" st_id="3" stage="1" lat="1">
<core>NULL</core>
<MemPortIdVec></MemPortIdVec>
<condition id="17">
<or_exp><and_exp><literal name="tmp_2" val="1"/>
</and_exp></or_exp>
</condition>

<Node id="52" bw="1" op_0_bw="1" op_1_bw="32" op_2_bw="32">
<![CDATA[
:8  %tmp_9 = call i1 @_ssdm_op_BitSelect.i1.i32.i32(i32 %nA_op_op, i32 31)

]]></Node>
<StgValue><ssdm name="tmp_9"/></StgValue>
</operation>

<operation id="57" st_id="3" stage="1" lat="1">
<core>AddSub</core>
<MemPortIdVec></MemPortIdVec>
<condition id="17">
<or_exp><and_exp><literal name="tmp_2" val="1"/>
</and_exp></or_exp>
</condition>

<Node id="53" bw="32" op_0_bw="32" op_1_bw="32">
<![CDATA[
:9  %p_neg = sub i32 -3, %nA_read

]]></Node>
<StgValue><ssdm name="p_neg"/></StgValue>
</operation>

<operation id="58" st_id="3" stage="1" lat="1">
<core>NULL</core>
<MemPortIdVec></MemPortIdVec>
<condition id="17">
<or_exp><and_exp><literal name="tmp_2" val="1"/>
</and_exp></or_exp>
</condition>

<Node id="54" bw="30" op_0_bw="30" op_1_bw="32" op_2_bw="32" op_3_bw="32">
<![CDATA[
:10  %p_lshr = call i30 @_ssdm_op_PartSelect.i30.i32.i32.i32(i32 %p_neg, i32 2, i32 31)

]]></Node>
<StgValue><ssdm name="p_lshr"/></StgValue>
</operation>

<operation id="59" st_id="3" stage="1" lat="1">
<core>AddSub</core>
<MemPortIdVec></MemPortIdVec>
<condition id="17">
<or_exp><and_exp><literal name="tmp_2" val="1"/>
</and_exp></or_exp>
</condition>

<Node id="55" bw="30" op_0_bw="30" op_1_bw="30">
<![CDATA[
:11  %p_neg_t = sub i30 0, %p_lshr

]]></Node>
<StgValue><ssdm name="p_neg_t"/></StgValue>
</operation>

<operation id="60" st_id="3" stage="1" lat="1">
<core>NULL</core>
<MemPortIdVec></MemPortIdVec>
<condition id="17">
<or_exp><and_exp><literal name="tmp_2" val="1"/>
</and_exp></or_exp>
</condition>

<Node id="56" bw="30" op_0_bw="30" op_1_bw="32" op_2_bw="32" op_3_bw="32">
<![CDATA[
:12  %tmp_10 = call i30 @_ssdm_op_PartSelect.i30.i32.i32.i32(i32 %nA_op_op, i32 2, i32 31)

]]></Node>
<StgValue><ssdm name="tmp_10"/></StgValue>
</operation>

<operation id="61" st_id="3" stage="1" lat="1">
<core>Sel</core>
<MemPortIdVec></MemPortIdVec>
<condition id="17">
<or_exp><and_exp><literal name="tmp_2" val="1"/>
</and_exp></or_exp>
</condition>

<Node id="57" bw="30" op_0_bw="1" op_1_bw="30" op_2_bw="30">
<![CDATA[
:13  %tmp_23 = select i1 %tmp_9, i30 %p_neg_t, i30 %tmp_10

]]></Node>
<StgValue><ssdm name="tmp_23"/></StgValue>
</operation>

<operation id="62" st_id="3" stage="1" lat="1">
<core>Sel</core>
<MemPortIdVec></MemPortIdVec>
<condition id="17">
<or_exp><and_exp><literal name="tmp_2" val="1"/>
</and_exp></or_exp>
</condition>

<Node id="58" bw="30" op_0_bw="1" op_1_bw="30" op_2_bw="30">
<![CDATA[
:14  %tmp_24 = select i1 %tmp_6, i30 0, i30 %tmp_23

]]></Node>
<StgValue><ssdm name="tmp_24"/></StgValue>
</operation>

<operation id="63" st_id="3" stage="1" lat="1">
<core>NULL</core>
<MemPortIdVec></MemPortIdVec>
<condition id="17">
<or_exp><and_exp><literal name="tmp_2" val="1"/>
</and_exp></or_exp>
</condition>

<Node id="59" bw="32" op_0_bw="32" op_1_bw="30" op_2_bw="2">
<![CDATA[
:15  %tmp_25 = call i32 @_ssdm_op_BitConcatenate.i32.i30.i2(i30 %tmp_24, i2 0)

]]></Node>
<StgValue><ssdm name="tmp_25"/></StgValue>
</operation>

<operation id="64" st_id="3" stage="1" lat="1">
<core>NULL</core>
<MemPortIdVec></MemPortIdVec>
<condition id="17">
<or_exp><and_exp><literal name="tmp_2" val="1"/>
</and_exp></or_exp>
</condition>

<Node id="60" bw="0" op_0_bw="0">
<![CDATA[
:16  br label %5

]]></Node>
<StgValue><ssdm name=""/></StgValue>
</operation>

<operation id="65" st_id="3" stage="1" lat="1">
<core>NULL</core>
<MemPortIdVec></MemPortIdVec>
<condition id="19">
<or_exp><and_exp><literal name="tmp_2" val="0"/>
</and_exp></or_exp>
</condition>

<Node id="138" bw="32" op_0_bw="32" op_1_bw="0" op_2_bw="32">
<![CDATA[
:0  %empty_4 = call i32 (...)* @_ssdm_op_SpecRegionEnd([10 x i8]* @p_str7, i32 %tmp_4) nounwind

]]></Node>
<StgValue><ssdm name="empty_4"/></StgValue>
</operation>

<operation id="66" st_id="3" stage="1" lat="1">
<core>NULL</core>
<MemPortIdVec></MemPortIdVec>
<condition id="19">
<or_exp><and_exp><literal name="tmp_2" val="0"/>
</and_exp></or_exp>
</condition>

<Node id="139" bw="0" op_0_bw="0">
<![CDATA[
:1  br label %1

]]></Node>
<StgValue><ssdm name=""/></StgValue>
</operation>
</state>

<state id="4" st_id="4">

<operation id="67" st_id="4" stage="1" lat="1">
<core>NULL</core>
<MemPortIdVec></MemPortIdVec>
<condition id="20">
<or_exp><and_exp></and_exp></or_exp>
</condition>

<Node id="62" bw="32" op_0_bw="32" op_1_bw="0">
<![CDATA[
:0  %k = phi i32 [ 0, %4 ], [ %k_1_3, %9 ]

]]></Node>
<StgValue><ssdm name="k"/></StgValue>
</operation>

<operation id="68" st_id="4" stage="1" lat="1">
<core>Cmp</core>
<MemPortIdVec></MemPortIdVec>
<condition id="20">
<or_exp><and_exp></and_exp></or_exp>
</condition>

<Node id="63" bw="1" op_0_bw="32" op_1_bw="32">
<![CDATA[
:1  %tmp_26 = icmp eq i32 %k, %tmp_25

]]></Node>
<StgValue><ssdm name="tmp_26"/></StgValue>
</operation>

<operation id="69" st_id="4" stage="1" lat="1">
<core>NULL</core>
<MemPortIdVec></MemPortIdVec>
<condition id="20">
<or_exp><and_exp></and_exp></or_exp>
</condition>

<Node id="64" bw="0" op_0_bw="1" op_1_bw="0" op_2_bw="0">
<![CDATA[
:2  br i1 %tmp_26, label %10, label %6

]]></Node>
<StgValue><ssdm name=""/></StgValue>
</operation>

<operation id="70" st_id="4" stage="1" lat="1">
<core>NULL</core>
<MemPortIdVec></MemPortIdVec>
<condition id="22">
<or_exp><and_exp><literal name="tmp_26" val="0"/>
</and_exp></or_exp>
</condition>

<Node id="67" bw="15" op_0_bw="32">
<![CDATA[
:1  %tmp_27 = trunc i32 %k to i15

]]></Node>
<StgValue><ssdm name="tmp_27"/></StgValue>
</operation>

<operation id="71" st_id="4" stage="1" lat="1">
<core>AddSub</core>
<MemPortIdVec></MemPortIdVec>
<condition id="22">
<or_exp><and_exp><literal name="tmp_26" val="0"/>
</and_exp></or_exp>
</condition>

<Node id="68" bw="15" op_0_bw="15" op_1_bw="15">
<![CDATA[
:2  %tmp_11 = add i15 %tmp_1, %tmp_27

]]></Node>
<StgValue><ssdm name="tmp_11"/></StgValue>
</operation>

<operation id="72" st_id="4" stage="1" lat="1">
<core>NULL</core>
<MemPortIdVec></MemPortIdVec>
<condition id="22">
<or_exp><and_exp><literal name="tmp_26" val="0"/>
</and_exp></or_exp>
</condition>

<Node id="69" bw="64" op_0_bw="15">
<![CDATA[
:3  %tmp_11_cast = zext i15 %tmp_11 to i64

]]></Node>
<StgValue><ssdm name="tmp_11_cast"/></StgValue>
</operation>

<operation id="73" st_id="4" stage="1" lat="1">
<core>NULL</core>
<MemPortIdVec></MemPortIdVec>
<condition id="22">
<or_exp><and_exp><literal name="tmp_26" val="0"/>
</and_exp></or_exp>
</condition>

<Node id="70" bw="14" op_0_bw="32" op_1_bw="64" op_2_bw="64">
<![CDATA[
:4  %A_addr = getelementptr [10000 x i32]* %A, i64 0, i64 %tmp_11_cast

]]></Node>
<StgValue><ssdm name="A_addr"/></StgValue>
</operation>

<operation id="74" st_id="4" stage="1" lat="1">
<core>DSP48</core>
<MemPortIdVec></MemPortIdVec>
<condition id="22">
<or_exp><and_exp><literal name="tmp_26" val="0"/>
</and_exp></or_exp>
</condition>

<Node id="71" bw="15" op_0_bw="15" op_1_bw="15">
<![CDATA[
:5  %tmp_12 = mul i15 100, %tmp_27

]]></Node>
<StgValue><ssdm name="tmp_12"/></StgValue>
</operation>

<operation id="75" st_id="4" stage="1" lat="1">
<core>DSP48</core>
<MemPortIdVec></MemPortIdVec>
<condition id="22">
<or_exp><and_exp><literal name="tmp_26" val="0"/>
</and_exp></or_exp>
</condition>

<Node id="72" bw="15" op_0_bw="15" op_1_bw="15">
<![CDATA[
:6  %tmp_13 = add i15 %tmp_12, %tmp_3

]]></Node>
<StgValue><ssdm name="tmp_13"/></StgValue>
</operation>

<operation id="76" st_id="4" stage="1" lat="1">
<core>NULL</core>
<MemPortIdVec></MemPortIdVec>
<condition id="22">
<or_exp><and_exp><literal name="tmp_26" val="0"/>
</and_exp></or_exp>
</condition>

<Node id="73" bw="64" op_0_bw="15">
<![CDATA[
:7  %tmp_13_cast = sext i15 %tmp_13 to i64

]]></Node>
<StgValue><ssdm name="tmp_13_cast"/></StgValue>
</operation>

<operation id="77" st_id="4" stage="1" lat="1">
<core>NULL</core>
<MemPortIdVec></MemPortIdVec>
<condition id="22">
<or_exp><and_exp><literal name="tmp_26" val="0"/>
</and_exp></or_exp>
</condition>

<Node id="74" bw="14" op_0_bw="32" op_1_bw="64" op_2_bw="64">
<![CDATA[
:8  %B_addr = getelementptr [10000 x i32]* %B, i64 0, i64 %tmp_13_cast

]]></Node>
<StgValue><ssdm name="B_addr"/></StgValue>
</operation>

<operation id="78" st_id="4" stage="2" lat="2">
<core>RAM</core>
<MemPortIdVec>0 </MemPortIdVec>
<condition id="22">
<or_exp><and_exp><literal name="tmp_26" val="0"/>
</and_exp></or_exp>
</condition>

<Node id="75" bw="32" op_0_bw="14">
<![CDATA[
:9  %A_load = load i32* %A_addr, align 4

]]></Node>
<StgValue><ssdm name="A_load"/></StgValue>
</operation>

<operation id="79" st_id="4" stage="2" lat="2">
<core>RAM</core>
<MemPortIdVec>0 </MemPortIdVec>
<condition id="22">
<or_exp><and_exp><literal name="tmp_26" val="0"/>
</and_exp></or_exp>
</condition>

<Node id="76" bw="32" op_0_bw="14">
<![CDATA[
:10  %B_load = load i32* %B_addr, align 4

]]></Node>
<StgValue><ssdm name="B_load"/></StgValue>
</operation>
</state>

<state id="5" st_id="5">

<operation id="80" st_id="5" stage="1" lat="2">
<core>RAM</core>
<MemPortIdVec>0 </MemPortIdVec>
<condition id="23">
<or_exp><and_exp></and_exp></or_exp>
</condition>

<Node id="75" bw="32" op_0_bw="14">
<![CDATA[
:9  %A_load = load i32* %A_addr, align 4

]]></Node>
<StgValue><ssdm name="A_load"/></StgValue>
</operation>

<operation id="81" st_id="5" stage="1" lat="2">
<core>RAM</core>
<MemPortIdVec>0 </MemPortIdVec>
<condition id="23">
<or_exp><and_exp></and_exp></or_exp>
</condition>

<Node id="76" bw="32" op_0_bw="14">
<![CDATA[
:10  %B_load = load i32* %B_addr, align 4

]]></Node>
<StgValue><ssdm name="B_load"/></StgValue>
</operation>

<operation id="82" st_id="5" stage="2" lat="2">
<core>RAM</core>
<MemPortIdVec>0 </MemPortIdVec>
<condition id="23">
<or_exp><and_exp></and_exp></or_exp>
</condition>

<Node id="78" bw="32" op_0_bw="14">
<![CDATA[
:12  %C_load = load i32* %C_addr, align 4

]]></Node>
<StgValue><ssdm name="C_load"/></StgValue>
</operation>
</state>

<state id="6" st_id="6">

<operation id="83" st_id="6" stage="1" lat="1">
<core>Mul</core>
<MemPortIdVec></MemPortIdVec>
<condition id="24">
<or_exp><and_exp></and_exp></or_exp>
</condition>

<Node id="77" bw="32" op_0_bw="32" op_1_bw="32">
<![CDATA[
:11  %tmp_7 = mul nsw i32 %B_load, %A_load

]]></Node>
<StgValue><ssdm name="tmp_7"/></StgValue>
</operation>

<operation id="84" st_id="6" stage="1" lat="2">
<core>RAM</core>
<MemPortIdVec>0 </MemPortIdVec>
<condition id="24">
<or_exp><and_exp></and_exp></or_exp>
</condition>

<Node id="78" bw="32" op_0_bw="14">
<![CDATA[
:12  %C_load = load i32* %C_addr, align 4

]]></Node>
<StgValue><ssdm name="C_load"/></StgValue>
</operation>
</state>

<state id="7" st_id="7">

<operation id="85" st_id="7" stage="1" lat="1">
<core>NULL</core>
<MemPortIdVec></MemPortIdVec>
<condition id="25">
<or_exp><and_exp></and_exp></or_exp>
</condition>

<Node id="66" bw="0" op_0_bw="0" op_1_bw="0">
<![CDATA[
:0  call void (...)* @_ssdm_op_SpecLoopName([11 x i8]* @p_str29) nounwind

]]></Node>
<StgValue><ssdm name=""/></StgValue>
</operation>

<operation id="86" st_id="7" stage="1" lat="1">
<core>AddSub</core>
<MemPortIdVec></MemPortIdVec>
<condition id="25">
<or_exp><and_exp></and_exp></or_exp>
</condition>

<Node id="79" bw="32" op_0_bw="32" op_1_bw="32">
<![CDATA[
:13  %tmp_8 = add nsw i32 %tmp_7, %C_load

]]></Node>
<StgValue><ssdm name="tmp_8"/></StgValue>
</operation>

<operation id="87" st_id="7" stage="1" lat="1">
<core>RAM</core>
<MemPortIdVec>0 </MemPortIdVec>
<condition id="25">
<or_exp><and_exp></and_exp></or_exp>
</condition>

<Node id="80" bw="0" op_0_bw="32" op_1_bw="14">
<![CDATA[
:14  store i32 %tmp_8, i32* %C_addr, align 4

]]></Node>
<StgValue><ssdm name=""/></StgValue>
</operation>

<operation id="88" st_id="7" stage="1" lat="1">
<core>NULL</core>
<MemPortIdVec></MemPortIdVec>
<condition id="25">
<or_exp><and_exp></and_exp></or_exp>
</condition>

<Node id="81" bw="32" op_0_bw="32" op_1_bw="32">
<![CDATA[
:15  %k_1_s = or i32 %k, 1

]]></Node>
<StgValue><ssdm name="k_1_s"/></StgValue>
</operation>

<operation id="89" st_id="7" stage="1" lat="1">
<core>Cmp</core>
<MemPortIdVec></MemPortIdVec>
<condition id="25">
<or_exp><and_exp></and_exp></or_exp>
</condition>

<Node id="82" bw="1" op_0_bw="32" op_1_bw="32">
<![CDATA[
:16  %tmp_5_1 = icmp slt i32 %k_1_s, %nA_read

]]></Node>
<StgValue><ssdm name="tmp_5_1"/></StgValue>
</operation>

<operation id="90" st_id="7" stage="1" lat="1">
<core>NULL</core>
<MemPortIdVec></MemPortIdVec>
<condition id="25">
<or_exp><and_exp></and_exp></or_exp>
</condition>

<Node id="83" bw="0" op_0_bw="1" op_1_bw="0" op_2_bw="0">
<![CDATA[
:17  br i1 %tmp_5_1, label %7, label %10

]]></Node>
<StgValue><ssdm name=""/></StgValue>
</operation>

<operation id="91" st_id="7" stage="1" lat="1">
<core>NULL</core>
<MemPortIdVec></MemPortIdVec>
<condition id="26">
<or_exp><and_exp><literal name="tmp_5_1" val="1"/>
</and_exp></or_exp>
</condition>

<Node id="85" bw="15" op_0_bw="32">
<![CDATA[
:0  %tmp_28 = trunc i32 %k_1_s to i15

]]></Node>
<StgValue><ssdm name="tmp_28"/></StgValue>
</operation>

<operation id="92" st_id="7" stage="1" lat="1">
<core>AddSub</core>
<MemPortIdVec></MemPortIdVec>
<condition id="26">
<or_exp><and_exp><literal name="tmp_5_1" val="1"/>
</and_exp></or_exp>
</condition>

<Node id="86" bw="15" op_0_bw="15" op_1_bw="15">
<![CDATA[
:1  %tmp_14 = add i15 %tmp_1, %tmp_28

]]></Node>
<StgValue><ssdm name="tmp_14"/></StgValue>
</operation>

<operation id="93" st_id="7" stage="1" lat="1">
<core>NULL</core>
<MemPortIdVec></MemPortIdVec>
<condition id="26">
<or_exp><and_exp><literal name="tmp_5_1" val="1"/>
</and_exp></or_exp>
</condition>

<Node id="87" bw="64" op_0_bw="15">
<![CDATA[
:2  %tmp_14_cast = zext i15 %tmp_14 to i64

]]></Node>
<StgValue><ssdm name="tmp_14_cast"/></StgValue>
</operation>

<operation id="94" st_id="7" stage="1" lat="1">
<core>NULL</core>
<MemPortIdVec></MemPortIdVec>
<condition id="26">
<or_exp><and_exp><literal name="tmp_5_1" val="1"/>
</and_exp></or_exp>
</condition>

<Node id="88" bw="14" op_0_bw="32" op_1_bw="64" op_2_bw="64">
<![CDATA[
:3  %A_addr_1 = getelementptr [10000 x i32]* %A, i64 0, i64 %tmp_14_cast

]]></Node>
<StgValue><ssdm name="A_addr_1"/></StgValue>
</operation>

<operation id="95" st_id="7" stage="1" lat="1">
<core>DSP48</core>
<MemPortIdVec></MemPortIdVec>
<condition id="26">
<or_exp><and_exp><literal name="tmp_5_1" val="1"/>
</and_exp></or_exp>
</condition>

<Node id="89" bw="15" op_0_bw="15" op_1_bw="15">
<![CDATA[
:4  %tmp_15 = mul i15 100, %tmp_28

]]></Node>
<StgValue><ssdm name="tmp_15"/></StgValue>
</operation>

<operation id="96" st_id="7" stage="1" lat="1">
<core>DSP48</core>
<MemPortIdVec></MemPortIdVec>
<condition id="26">
<or_exp><and_exp><literal name="tmp_5_1" val="1"/>
</and_exp></or_exp>
</condition>

<Node id="90" bw="15" op_0_bw="15" op_1_bw="15">
<![CDATA[
:5  %tmp_16 = add i15 %tmp_15, %tmp_3

]]></Node>
<StgValue><ssdm name="tmp_16"/></StgValue>
</operation>

<operation id="97" st_id="7" stage="1" lat="1">
<core>NULL</core>
<MemPortIdVec></MemPortIdVec>
<condition id="26">
<or_exp><and_exp><literal name="tmp_5_1" val="1"/>
</and_exp></or_exp>
</condition>

<Node id="91" bw="64" op_0_bw="15">
<![CDATA[
:6  %tmp_16_cast = sext i15 %tmp_16 to i64

]]></Node>
<StgValue><ssdm name="tmp_16_cast"/></StgValue>
</operation>

<operation id="98" st_id="7" stage="1" lat="1">
<core>NULL</core>
<MemPortIdVec></MemPortIdVec>
<condition id="26">
<or_exp><and_exp><literal name="tmp_5_1" val="1"/>
</and_exp></or_exp>
</condition>

<Node id="92" bw="14" op_0_bw="32" op_1_bw="64" op_2_bw="64">
<![CDATA[
:7  %B_addr_1 = getelementptr [10000 x i32]* %B, i64 0, i64 %tmp_16_cast

]]></Node>
<StgValue><ssdm name="B_addr_1"/></StgValue>
</operation>

<operation id="99" st_id="7" stage="2" lat="2">
<core>RAM</core>
<MemPortIdVec>0 </MemPortIdVec>
<condition id="26">
<or_exp><and_exp><literal name="tmp_5_1" val="1"/>
</and_exp></or_exp>
</condition>

<Node id="93" bw="32" op_0_bw="14">
<![CDATA[
:8  %A_load_1 = load i32* %A_addr_1, align 4

]]></Node>
<StgValue><ssdm name="A_load_1"/></StgValue>
</operation>

<operation id="100" st_id="7" stage="2" lat="2">
<core>RAM</core>
<MemPortIdVec>0 </MemPortIdVec>
<condition id="26">
<or_exp><and_exp><literal name="tmp_5_1" val="1"/>
</and_exp></or_exp>
</condition>

<Node id="94" bw="32" op_0_bw="14">
<![CDATA[
:9  %B_load_1 = load i32* %B_addr_1, align 4

]]></Node>
<StgValue><ssdm name="B_load_1"/></StgValue>
</operation>
</state>

<state id="8" st_id="8">

<operation id="101" st_id="8" stage="1" lat="2">
<core>RAM</core>
<MemPortIdVec>0 </MemPortIdVec>
<condition id="27">
<or_exp><and_exp></and_exp></or_exp>
</condition>

<Node id="93" bw="32" op_0_bw="14">
<![CDATA[
:8  %A_load_1 = load i32* %A_addr_1, align 4

]]></Node>
<StgValue><ssdm name="A_load_1"/></StgValue>
</operation>

<operation id="102" st_id="8" stage="1" lat="2">
<core>RAM</core>
<MemPortIdVec>0 </MemPortIdVec>
<condition id="27">
<or_exp><and_exp></and_exp></or_exp>
</condition>

<Node id="94" bw="32" op_0_bw="14">
<![CDATA[
:9  %B_load_1 = load i32* %B_addr_1, align 4

]]></Node>
<StgValue><ssdm name="B_load_1"/></StgValue>
</operation>
</state>

<state id="9" st_id="9">

<operation id="103" st_id="9" stage="1" lat="1">
<core>Mul</core>
<MemPortIdVec></MemPortIdVec>
<condition id="28">
<or_exp><and_exp></and_exp></or_exp>
</condition>

<Node id="95" bw="32" op_0_bw="32" op_1_bw="32">
<![CDATA[
:10  %tmp_7_1 = mul nsw i32 %B_load_1, %A_load_1

]]></Node>
<StgValue><ssdm name="tmp_7_1"/></StgValue>
</operation>
</state>

<state id="10" st_id="10">

<operation id="104" st_id="10" stage="1" lat="1">
<core>AddSub</core>
<MemPortIdVec></MemPortIdVec>
<condition id="29">
<or_exp><and_exp></and_exp></or_exp>
</condition>

<Node id="96" bw="32" op_0_bw="32" op_1_bw="32">
<![CDATA[
:11  %tmp_8_1 = add nsw i32 %tmp_8, %tmp_7_1

]]></Node>
<StgValue><ssdm name="tmp_8_1"/></StgValue>
</operation>

<operation id="105" st_id="10" stage="1" lat="1">
<core>RAM</core>
<MemPortIdVec>0 </MemPortIdVec>
<condition id="29">
<or_exp><and_exp></and_exp></or_exp>
</condition>

<Node id="97" bw="0" op_0_bw="32" op_1_bw="14">
<![CDATA[
:12  store i32 %tmp_8_1, i32* %C_addr, align 4

]]></Node>
<StgValue><ssdm name=""/></StgValue>
</operation>

<operation id="106" st_id="10" stage="1" lat="1">
<core>NULL</core>
<MemPortIdVec></MemPortIdVec>
<condition id="29">
<or_exp><and_exp></and_exp></or_exp>
</condition>

<Node id="98" bw="32" op_0_bw="32" op_1_bw="32">
<![CDATA[
:13  %k_1_1 = or i32 %k, 2

]]></Node>
<StgValue><ssdm name="k_1_1"/></StgValue>
</operation>

<operation id="107" st_id="10" stage="1" lat="1">
<core>Cmp</core>
<MemPortIdVec></MemPortIdVec>
<condition id="29">
<or_exp><and_exp></and_exp></or_exp>
</condition>

<Node id="99" bw="1" op_0_bw="32" op_1_bw="32">
<![CDATA[
:14  %tmp_5_2 = icmp slt i32 %k_1_1, %nA_read

]]></Node>
<StgValue><ssdm name="tmp_5_2"/></StgValue>
</operation>

<operation id="108" st_id="10" stage="1" lat="1">
<core>NULL</core>
<MemPortIdVec></MemPortIdVec>
<condition id="29">
<or_exp><and_exp></and_exp></or_exp>
</condition>

<Node id="100" bw="0" op_0_bw="1" op_1_bw="0" op_2_bw="0">
<![CDATA[
:15  br i1 %tmp_5_2, label %8, label %10

]]></Node>
<StgValue><ssdm name=""/></StgValue>
</operation>

<operation id="109" st_id="10" stage="1" lat="1">
<core>NULL</core>
<MemPortIdVec></MemPortIdVec>
<condition id="30">
<or_exp><and_exp><literal name="tmp_5_2" val="1"/>
</and_exp></or_exp>
</condition>

<Node id="102" bw="15" op_0_bw="32">
<![CDATA[
:0  %tmp_29 = trunc i32 %k_1_1 to i15

]]></Node>
<StgValue><ssdm name="tmp_29"/></StgValue>
</operation>

<operation id="110" st_id="10" stage="1" lat="1">
<core>AddSub</core>
<MemPortIdVec></MemPortIdVec>
<condition id="30">
<or_exp><and_exp><literal name="tmp_5_2" val="1"/>
</and_exp></or_exp>
</condition>

<Node id="103" bw="15" op_0_bw="15" op_1_bw="15">
<![CDATA[
:1  %tmp_17 = add i15 %tmp_1, %tmp_29

]]></Node>
<StgValue><ssdm name="tmp_17"/></StgValue>
</operation>

<operation id="111" st_id="10" stage="1" lat="1">
<core>NULL</core>
<MemPortIdVec></MemPortIdVec>
<condition id="30">
<or_exp><and_exp><literal name="tmp_5_2" val="1"/>
</and_exp></or_exp>
</condition>

<Node id="104" bw="64" op_0_bw="15">
<![CDATA[
:2  %tmp_17_cast = zext i15 %tmp_17 to i64

]]></Node>
<StgValue><ssdm name="tmp_17_cast"/></StgValue>
</operation>

<operation id="112" st_id="10" stage="1" lat="1">
<core>NULL</core>
<MemPortIdVec></MemPortIdVec>
<condition id="30">
<or_exp><and_exp><literal name="tmp_5_2" val="1"/>
</and_exp></or_exp>
</condition>

<Node id="105" bw="14" op_0_bw="32" op_1_bw="64" op_2_bw="64">
<![CDATA[
:3  %A_addr_2 = getelementptr [10000 x i32]* %A, i64 0, i64 %tmp_17_cast

]]></Node>
<StgValue><ssdm name="A_addr_2"/></StgValue>
</operation>

<operation id="113" st_id="10" stage="1" lat="1">
<core>DSP48</core>
<MemPortIdVec></MemPortIdVec>
<condition id="30">
<or_exp><and_exp><literal name="tmp_5_2" val="1"/>
</and_exp></or_exp>
</condition>

<Node id="106" bw="15" op_0_bw="15" op_1_bw="15">
<![CDATA[
:4  %tmp_18 = mul i15 100, %tmp_29

]]></Node>
<StgValue><ssdm name="tmp_18"/></StgValue>
</operation>

<operation id="114" st_id="10" stage="1" lat="1">
<core>DSP48</core>
<MemPortIdVec></MemPortIdVec>
<condition id="30">
<or_exp><and_exp><literal name="tmp_5_2" val="1"/>
</and_exp></or_exp>
</condition>

<Node id="107" bw="15" op_0_bw="15" op_1_bw="15">
<![CDATA[
:5  %tmp_19 = add i15 %tmp_18, %tmp_3

]]></Node>
<StgValue><ssdm name="tmp_19"/></StgValue>
</operation>

<operation id="115" st_id="10" stage="1" lat="1">
<core>NULL</core>
<MemPortIdVec></MemPortIdVec>
<condition id="30">
<or_exp><and_exp><literal name="tmp_5_2" val="1"/>
</and_exp></or_exp>
</condition>

<Node id="108" bw="64" op_0_bw="15">
<![CDATA[
:6  %tmp_19_cast = sext i15 %tmp_19 to i64

]]></Node>
<StgValue><ssdm name="tmp_19_cast"/></StgValue>
</operation>

<operation id="116" st_id="10" stage="1" lat="1">
<core>NULL</core>
<MemPortIdVec></MemPortIdVec>
<condition id="30">
<or_exp><and_exp><literal name="tmp_5_2" val="1"/>
</and_exp></or_exp>
</condition>

<Node id="109" bw="14" op_0_bw="32" op_1_bw="64" op_2_bw="64">
<![CDATA[
:7  %B_addr_2 = getelementptr [10000 x i32]* %B, i64 0, i64 %tmp_19_cast

]]></Node>
<StgValue><ssdm name="B_addr_2"/></StgValue>
</operation>

<operation id="117" st_id="10" stage="2" lat="2">
<core>RAM</core>
<MemPortIdVec>0 </MemPortIdVec>
<condition id="30">
<or_exp><and_exp><literal name="tmp_5_2" val="1"/>
</and_exp></or_exp>
</condition>

<Node id="110" bw="32" op_0_bw="14">
<![CDATA[
:8  %A_load_2 = load i32* %A_addr_2, align 4

]]></Node>
<StgValue><ssdm name="A_load_2"/></StgValue>
</operation>

<operation id="118" st_id="10" stage="2" lat="2">
<core>RAM</core>
<MemPortIdVec>0 </MemPortIdVec>
<condition id="30">
<or_exp><and_exp><literal name="tmp_5_2" val="1"/>
</and_exp></or_exp>
</condition>

<Node id="111" bw="32" op_0_bw="14">
<![CDATA[
:9  %B_load_2 = load i32* %B_addr_2, align 4

]]></Node>
<StgValue><ssdm name="B_load_2"/></StgValue>
</operation>
</state>

<state id="11" st_id="11">

<operation id="119" st_id="11" stage="1" lat="2">
<core>RAM</core>
<MemPortIdVec>0 </MemPortIdVec>
<condition id="31">
<or_exp><and_exp></and_exp></or_exp>
</condition>

<Node id="110" bw="32" op_0_bw="14">
<![CDATA[
:8  %A_load_2 = load i32* %A_addr_2, align 4

]]></Node>
<StgValue><ssdm name="A_load_2"/></StgValue>
</operation>

<operation id="120" st_id="11" stage="1" lat="2">
<core>RAM</core>
<MemPortIdVec>0 </MemPortIdVec>
<condition id="31">
<or_exp><and_exp></and_exp></or_exp>
</condition>

<Node id="111" bw="32" op_0_bw="14">
<![CDATA[
:9  %B_load_2 = load i32* %B_addr_2, align 4

]]></Node>
<StgValue><ssdm name="B_load_2"/></StgValue>
</operation>
</state>

<state id="12" st_id="12">

<operation id="121" st_id="12" stage="1" lat="1">
<core>Mul</core>
<MemPortIdVec></MemPortIdVec>
<condition id="32">
<or_exp><and_exp></and_exp></or_exp>
</condition>

<Node id="112" bw="32" op_0_bw="32" op_1_bw="32">
<![CDATA[
:10  %tmp_7_2 = mul nsw i32 %B_load_2, %A_load_2

]]></Node>
<StgValue><ssdm name="tmp_7_2"/></StgValue>
</operation>
</state>

<state id="13" st_id="13">

<operation id="122" st_id="13" stage="1" lat="1">
<core>AddSub</core>
<MemPortIdVec></MemPortIdVec>
<condition id="33">
<or_exp><and_exp><literal name="tmp_26" val="0"/>
<literal name="tmp_5_1" val="1"/>
<literal name="tmp_5_2" val="1"/>
</and_exp></or_exp>
</condition>

<Node id="113" bw="32" op_0_bw="32" op_1_bw="32">
<![CDATA[
:11  %tmp_8_2 = add nsw i32 %tmp_8_1, %tmp_7_2

]]></Node>
<StgValue><ssdm name="tmp_8_2"/></StgValue>
</operation>

<operation id="123" st_id="13" stage="1" lat="1">
<core>RAM</core>
<MemPortIdVec>0 </MemPortIdVec>
<condition id="33">
<or_exp><and_exp><literal name="tmp_26" val="0"/>
<literal name="tmp_5_1" val="1"/>
<literal name="tmp_5_2" val="1"/>
</and_exp></or_exp>
</condition>

<Node id="114" bw="0" op_0_bw="32" op_1_bw="14">
<![CDATA[
:12  store i32 %tmp_8_2, i32* %C_addr, align 4

]]></Node>
<StgValue><ssdm name=""/></StgValue>
</operation>

<operation id="124" st_id="13" stage="1" lat="1">
<core>NULL</core>
<MemPortIdVec></MemPortIdVec>
<condition id="33">
<or_exp><and_exp><literal name="tmp_26" val="0"/>
<literal name="tmp_5_1" val="1"/>
<literal name="tmp_5_2" val="1"/>
</and_exp></or_exp>
</condition>

<Node id="115" bw="32" op_0_bw="32" op_1_bw="32">
<![CDATA[
:13  %k_1_2 = or i32 %k, 3

]]></Node>
<StgValue><ssdm name="k_1_2"/></StgValue>
</operation>

<operation id="125" st_id="13" stage="1" lat="1">
<core>Cmp</core>
<MemPortIdVec></MemPortIdVec>
<condition id="33">
<or_exp><and_exp><literal name="tmp_26" val="0"/>
<literal name="tmp_5_1" val="1"/>
<literal name="tmp_5_2" val="1"/>
</and_exp></or_exp>
</condition>

<Node id="116" bw="1" op_0_bw="32" op_1_bw="32">
<![CDATA[
:14  %tmp_5_3 = icmp slt i32 %k_1_2, %nA_read

]]></Node>
<StgValue><ssdm name="tmp_5_3"/></StgValue>
</operation>

<operation id="126" st_id="13" stage="1" lat="1">
<core>NULL</core>
<MemPortIdVec></MemPortIdVec>
<condition id="33">
<or_exp><and_exp><literal name="tmp_26" val="0"/>
<literal name="tmp_5_1" val="1"/>
<literal name="tmp_5_2" val="1"/>
</and_exp></or_exp>
</condition>

<Node id="117" bw="0" op_0_bw="1" op_1_bw="0" op_2_bw="0">
<![CDATA[
:15  br i1 %tmp_5_3, label %9, label %10

]]></Node>
<StgValue><ssdm name=""/></StgValue>
</operation>

<operation id="127" st_id="13" stage="1" lat="1">
<core>NULL</core>
<MemPortIdVec></MemPortIdVec>
<condition id="34">
<or_exp><and_exp><literal name="tmp_26" val="0"/>
<literal name="tmp_5_1" val="1"/>
<literal name="tmp_5_2" val="1"/>
<literal name="tmp_5_3" val="1"/>
</and_exp></or_exp>
</condition>

<Node id="119" bw="15" op_0_bw="32">
<![CDATA[
:0  %tmp_30 = trunc i32 %k_1_2 to i15

]]></Node>
<StgValue><ssdm name="tmp_30"/></StgValue>
</operation>

<operation id="128" st_id="13" stage="1" lat="1">
<core>AddSub</core>
<MemPortIdVec></MemPortIdVec>
<condition id="34">
<or_exp><and_exp><literal name="tmp_26" val="0"/>
<literal name="tmp_5_1" val="1"/>
<literal name="tmp_5_2" val="1"/>
<literal name="tmp_5_3" val="1"/>
</and_exp></or_exp>
</condition>

<Node id="120" bw="15" op_0_bw="15" op_1_bw="15">
<![CDATA[
:1  %tmp_20 = add i15 %tmp_1, %tmp_30

]]></Node>
<StgValue><ssdm name="tmp_20"/></StgValue>
</operation>

<operation id="129" st_id="13" stage="1" lat="1">
<core>NULL</core>
<MemPortIdVec></MemPortIdVec>
<condition id="34">
<or_exp><and_exp><literal name="tmp_26" val="0"/>
<literal name="tmp_5_1" val="1"/>
<literal name="tmp_5_2" val="1"/>
<literal name="tmp_5_3" val="1"/>
</and_exp></or_exp>
</condition>

<Node id="121" bw="64" op_0_bw="15">
<![CDATA[
:2  %tmp_20_cast = zext i15 %tmp_20 to i64

]]></Node>
<StgValue><ssdm name="tmp_20_cast"/></StgValue>
</operation>

<operation id="130" st_id="13" stage="1" lat="1">
<core>NULL</core>
<MemPortIdVec></MemPortIdVec>
<condition id="34">
<or_exp><and_exp><literal name="tmp_26" val="0"/>
<literal name="tmp_5_1" val="1"/>
<literal name="tmp_5_2" val="1"/>
<literal name="tmp_5_3" val="1"/>
</and_exp></or_exp>
</condition>

<Node id="122" bw="14" op_0_bw="32" op_1_bw="64" op_2_bw="64">
<![CDATA[
:3  %A_addr_3 = getelementptr [10000 x i32]* %A, i64 0, i64 %tmp_20_cast

]]></Node>
<StgValue><ssdm name="A_addr_3"/></StgValue>
</operation>

<operation id="131" st_id="13" stage="1" lat="1">
<core>DSP48</core>
<MemPortIdVec></MemPortIdVec>
<condition id="34">
<or_exp><and_exp><literal name="tmp_26" val="0"/>
<literal name="tmp_5_1" val="1"/>
<literal name="tmp_5_2" val="1"/>
<literal name="tmp_5_3" val="1"/>
</and_exp></or_exp>
</condition>

<Node id="123" bw="15" op_0_bw="15" op_1_bw="15">
<![CDATA[
:4  %tmp_21 = mul i15 100, %tmp_30

]]></Node>
<StgValue><ssdm name="tmp_21"/></StgValue>
</operation>

<operation id="132" st_id="13" stage="1" lat="1">
<core>DSP48</core>
<MemPortIdVec></MemPortIdVec>
<condition id="34">
<or_exp><and_exp><literal name="tmp_26" val="0"/>
<literal name="tmp_5_1" val="1"/>
<literal name="tmp_5_2" val="1"/>
<literal name="tmp_5_3" val="1"/>
</and_exp></or_exp>
</condition>

<Node id="124" bw="15" op_0_bw="15" op_1_bw="15">
<![CDATA[
:5  %tmp_22 = add i15 %tmp_21, %tmp_3

]]></Node>
<StgValue><ssdm name="tmp_22"/></StgValue>
</operation>

<operation id="133" st_id="13" stage="1" lat="1">
<core>NULL</core>
<MemPortIdVec></MemPortIdVec>
<condition id="34">
<or_exp><and_exp><literal name="tmp_26" val="0"/>
<literal name="tmp_5_1" val="1"/>
<literal name="tmp_5_2" val="1"/>
<literal name="tmp_5_3" val="1"/>
</and_exp></or_exp>
</condition>

<Node id="125" bw="64" op_0_bw="15">
<![CDATA[
:6  %tmp_22_cast = sext i15 %tmp_22 to i64

]]></Node>
<StgValue><ssdm name="tmp_22_cast"/></StgValue>
</operation>

<operation id="134" st_id="13" stage="1" lat="1">
<core>NULL</core>
<MemPortIdVec></MemPortIdVec>
<condition id="34">
<or_exp><and_exp><literal name="tmp_26" val="0"/>
<literal name="tmp_5_1" val="1"/>
<literal name="tmp_5_2" val="1"/>
<literal name="tmp_5_3" val="1"/>
</and_exp></or_exp>
</condition>

<Node id="126" bw="14" op_0_bw="32" op_1_bw="64" op_2_bw="64">
<![CDATA[
:7  %B_addr_3 = getelementptr [10000 x i32]* %B, i64 0, i64 %tmp_22_cast

]]></Node>
<StgValue><ssdm name="B_addr_3"/></StgValue>
</operation>

<operation id="135" st_id="13" stage="2" lat="2">
<core>RAM</core>
<MemPortIdVec>0 </MemPortIdVec>
<condition id="34">
<or_exp><and_exp><literal name="tmp_26" val="0"/>
<literal name="tmp_5_1" val="1"/>
<literal name="tmp_5_2" val="1"/>
<literal name="tmp_5_3" val="1"/>
</and_exp></or_exp>
</condition>

<Node id="127" bw="32" op_0_bw="14">
<![CDATA[
:8  %A_load_3 = load i32* %A_addr_3, align 4

]]></Node>
<StgValue><ssdm name="A_load_3"/></StgValue>
</operation>

<operation id="136" st_id="13" stage="2" lat="2">
<core>RAM</core>
<MemPortIdVec>0 </MemPortIdVec>
<condition id="34">
<or_exp><and_exp><literal name="tmp_26" val="0"/>
<literal name="tmp_5_1" val="1"/>
<literal name="tmp_5_2" val="1"/>
<literal name="tmp_5_3" val="1"/>
</and_exp></or_exp>
</condition>

<Node id="128" bw="32" op_0_bw="14">
<![CDATA[
:9  %B_load_3 = load i32* %B_addr_3, align 4

]]></Node>
<StgValue><ssdm name="B_load_3"/></StgValue>
</operation>

<operation id="137" st_id="13" stage="1" lat="1">
<core>AddSub</core>
<MemPortIdVec></MemPortIdVec>
<condition id="34">
<or_exp><and_exp><literal name="tmp_26" val="0"/>
<literal name="tmp_5_1" val="1"/>
<literal name="tmp_5_2" val="1"/>
<literal name="tmp_5_3" val="1"/>
</and_exp></or_exp>
</condition>

<Node id="132" bw="32" op_0_bw="32" op_1_bw="32">
<![CDATA[
:13  %k_1_3 = add nsw i32 4, %k

]]></Node>
<StgValue><ssdm name="k_1_3"/></StgValue>
</operation>

<operation id="138" st_id="13" stage="1" lat="1">
<core>NULL</core>
<MemPortIdVec></MemPortIdVec>
<condition id="39">
<or_exp><and_exp><literal name="tmp_26" val="1"/>
</and_exp><and_exp><literal name="tmp_5_1" val="0"/>
</and_exp><and_exp><literal name="tmp_5_2" val="0"/>
</and_exp><and_exp><literal name="tmp_5_3" val="0"/>
</and_exp></or_exp>
</condition>

<Node id="135" bw="32" op_0_bw="32" op_1_bw="0" op_2_bw="32">
<![CDATA[
:0  %empty = call i32 (...)* @_ssdm_op_SpecRegionEnd([10 x i8]* @p_str18, i32 %tmp_5) nounwind

]]></Node>
<StgValue><ssdm name="empty"/></StgValue>
</operation>

<operation id="139" st_id="13" stage="1" lat="1">
<core>NULL</core>
<MemPortIdVec></MemPortIdVec>
<condition id="39">
<or_exp><and_exp><literal name="tmp_26" val="1"/>
</and_exp><and_exp><literal name="tmp_5_1" val="0"/>
</and_exp><and_exp><literal name="tmp_5_2" val="0"/>
</and_exp><and_exp><literal name="tmp_5_3" val="0"/>
</and_exp></or_exp>
</condition>

<Node id="136" bw="0" op_0_bw="0">
<![CDATA[
:1  br label %3

]]></Node>
<StgValue><ssdm name=""/></StgValue>
</operation>
</state>

<state id="14" st_id="14">

<operation id="140" st_id="14" stage="1" lat="2">
<core>RAM</core>
<MemPortIdVec>0 </MemPortIdVec>
<condition id="40">
<or_exp><and_exp></and_exp></or_exp>
</condition>

<Node id="127" bw="32" op_0_bw="14">
<![CDATA[
:8  %A_load_3 = load i32* %A_addr_3, align 4

]]></Node>
<StgValue><ssdm name="A_load_3"/></StgValue>
</operation>

<operation id="141" st_id="14" stage="1" lat="2">
<core>RAM</core>
<MemPortIdVec>0 </MemPortIdVec>
<condition id="40">
<or_exp><and_exp></and_exp></or_exp>
</condition>

<Node id="128" bw="32" op_0_bw="14">
<![CDATA[
:9  %B_load_3 = load i32* %B_addr_3, align 4

]]></Node>
<StgValue><ssdm name="B_load_3"/></StgValue>
</operation>
</state>

<state id="15" st_id="15">

<operation id="142" st_id="15" stage="1" lat="1">
<core>Mul</core>
<MemPortIdVec></MemPortIdVec>
<condition id="41">
<or_exp><and_exp></and_exp></or_exp>
</condition>

<Node id="129" bw="32" op_0_bw="32" op_1_bw="32">
<![CDATA[
:10  %tmp_7_3 = mul nsw i32 %B_load_3, %A_load_3

]]></Node>
<StgValue><ssdm name="tmp_7_3"/></StgValue>
</operation>
</state>

<state id="16" st_id="16">

<operation id="143" st_id="16" stage="1" lat="1">
<core>AddSub</core>
<MemPortIdVec></MemPortIdVec>
<condition id="42">
<or_exp><and_exp></and_exp></or_exp>
</condition>

<Node id="130" bw="32" op_0_bw="32" op_1_bw="32">
<![CDATA[
:11  %tmp_8_3 = add nsw i32 %tmp_8_2, %tmp_7_3

]]></Node>
<StgValue><ssdm name="tmp_8_3"/></StgValue>
</operation>

<operation id="144" st_id="16" stage="1" lat="1">
<core>RAM</core>
<MemPortIdVec>0 </MemPortIdVec>
<condition id="42">
<or_exp><and_exp></and_exp></or_exp>
</condition>

<Node id="131" bw="0" op_0_bw="32" op_1_bw="14">
<![CDATA[
:12  store i32 %tmp_8_3, i32* %C_addr, align 4

]]></Node>
<StgValue><ssdm name=""/></StgValue>
</operation>

<operation id="145" st_id="16" stage="1" lat="1">
<core>NULL</core>
<MemPortIdVec></MemPortIdVec>
<condition id="42">
<or_exp><and_exp></and_exp></or_exp>
</condition>

<Node id="133" bw="0" op_0_bw="0">
<![CDATA[
:14  br label %5

]]></Node>
<StgValue><ssdm name=""/></StgValue>
</operation>
</state>
</state_list>


<ports>
<port id="171" name="A" dir="0" iftype="1">
<core>RAM</core><StgValue><ssdm name="A"/><MemPortTyVec>1 3 </MemPortTyVec>
</StgValue>
</port>
<port id="172" name="B" dir="0" iftype="1">
<core>RAM</core><StgValue><ssdm name="B"/><MemPortTyVec>1 3 </MemPortTyVec>
</StgValue>
</port>
<port id="173" name="C" dir="2" iftype="1">
<core>RAM</core><StgValue><ssdm name="C"/><MemPortTyVec>2 3 </MemPortTyVec>
</StgValue>
</port>
<port id="174" name="mA" dir="0" iftype="0">
<core>NULL</core><StgValue><ssdm name="mA"/></StgValue>
</port>
<port id="175" name="nA" dir="0" iftype="0">
<core>NULL</core><StgValue><ssdm name="nA"/></StgValue>
</port>
<port id="176" name="mB" dir="0" iftype="0">
<core>NULL</core><StgValue><ssdm name="mB"/></StgValue>
</port>
<port id="177" name="nB" dir="0" iftype="0">
<core>NULL</core><StgValue><ssdm name="nB"/></StgValue>
</port>
<port id="178" name="mC" dir="0" iftype="0">
<core>NULL</core><StgValue><ssdm name="mC"/></StgValue>
</port>
<port id="179" name="nC" dir="0" iftype="0">
<core>NULL</core><StgValue><ssdm name="nC"/></StgValue>
</port>
</ports>


<dataflows>
<dataflow id="181" from="_ssdm_op_SpecBitsMap" to="StgValue_17" fromId="180" toId="17">
</dataflow>
<dataflow id="182" from="A" to="StgValue_17" fromId="171" toId="17">
</dataflow>
<dataflow id="183" from="_ssdm_op_SpecBitsMap" to="StgValue_18" fromId="180" toId="18">
</dataflow>
<dataflow id="184" from="B" to="StgValue_18" fromId="172" toId="18">
</dataflow>
<dataflow id="185" from="_ssdm_op_SpecBitsMap" to="StgValue_19" fromId="180" toId="19">
</dataflow>
<dataflow id="186" from="C" to="StgValue_19" fromId="173" toId="19">
</dataflow>
<dataflow id="187" from="_ssdm_op_SpecBitsMap" to="StgValue_20" fromId="180" toId="20">
</dataflow>
<dataflow id="188" from="mA" to="StgValue_20" fromId="174" toId="20">
</dataflow>
<dataflow id="189" from="_ssdm_op_SpecBitsMap" to="StgValue_21" fromId="180" toId="21">
</dataflow>
<dataflow id="190" from="nA" to="StgValue_21" fromId="175" toId="21">
</dataflow>
<dataflow id="191" from="_ssdm_op_SpecBitsMap" to="StgValue_22" fromId="180" toId="22">
</dataflow>
<dataflow id="192" from="mB" to="StgValue_22" fromId="176" toId="22">
</dataflow>
<dataflow id="193" from="_ssdm_op_SpecBitsMap" to="StgValue_23" fromId="180" toId="23">
</dataflow>
<dataflow id="194" from="nB" to="StgValue_23" fromId="177" toId="23">
</dataflow>
<dataflow id="195" from="_ssdm_op_SpecBitsMap" to="StgValue_24" fromId="180" toId="24">
</dataflow>
<dataflow id="196" from="mC" to="StgValue_24" fromId="178" toId="24">
</dataflow>
<dataflow id="197" from="_ssdm_op_SpecBitsMap" to="StgValue_25" fromId="180" toId="25">
</dataflow>
<dataflow id="198" from="nC" to="StgValue_25" fromId="179" toId="25">
</dataflow>
<dataflow id="200" from="_ssdm_op_SpecTopModule" to="StgValue_26" fromId="199" toId="26">
</dataflow>
<dataflow id="202" from="parta1_3_str" to="StgValue_26" fromId="201" toId="26">
</dataflow>
<dataflow id="204" from="_ssdm_op_Read.ap_auto.i32" to="nC_read" fromId="203" toId="27">
</dataflow>
<dataflow id="205" from="nC" to="nC_read" fromId="179" toId="27">
</dataflow>
<dataflow id="206" from="_ssdm_op_Read.ap_auto.i32" to="mC_read" fromId="203" toId="28">
</dataflow>
<dataflow id="207" from="mC" to="mC_read" fromId="178" toId="28">
</dataflow>
<dataflow id="208" from="_ssdm_op_Read.ap_auto.i32" to="nA_read" fromId="203" toId="29">
</dataflow>
<dataflow id="209" from="nA" to="nA_read" fromId="175" toId="29">
</dataflow>
<dataflow id="211" from="StgValue_210" to="i" fromId="210" toId="31">
<condition id="90">
<or_exp><and_exp></and_exp></or_exp>
</condition>
</dataflow>
<dataflow id="212" from="StgValue_30" to="i" fromId="30" toId="31">
</dataflow>
<dataflow id="213" from="i_1" to="i" fromId="37" toId="31">
<BackEdge/>
<condition id="91">
<or_exp><and_exp><literal name="tmp_2" val="0"/>
</and_exp></or_exp>
</condition>
</dataflow>
<dataflow id="214" from="StgValue_66" to="i" fromId="66" toId="31">
<BackEdge/>
</dataflow>
<dataflow id="216" from="StgValue_215" to="phi_mul" fromId="215" toId="32">
<condition id="92">
<or_exp><and_exp></and_exp></or_exp>
</condition>
</dataflow>
<dataflow id="217" from="StgValue_30" to="phi_mul" fromId="30" toId="32">
</dataflow>
<dataflow id="218" from="next_mul" to="phi_mul" fromId="34" toId="32">
<BackEdge/>
<condition id="93">
<or_exp><and_exp><literal name="tmp_2" val="0"/>
</and_exp></or_exp>
</condition>
</dataflow>
<dataflow id="219" from="StgValue_66" to="phi_mul" fromId="66" toId="32">
<BackEdge/>
</dataflow>
<dataflow id="220" from="phi_mul" to="tmp_1" fromId="32" toId="33">
</dataflow>
<dataflow id="222" from="StgValue_221" to="next_mul" fromId="221" toId="34">
</dataflow>
<dataflow id="223" from="phi_mul" to="next_mul" fromId="32" toId="34">
</dataflow>
<dataflow id="224" from="i" to="i_cast" fromId="31" toId="35">
</dataflow>
<dataflow id="225" from="i_cast" to="tmp" fromId="35" toId="36">
</dataflow>
<dataflow id="226" from="mC_read" to="tmp" fromId="28" toId="36">
</dataflow>
<dataflow id="228" from="StgValue_227" to="i_1" fromId="227" toId="37">
</dataflow>
<dataflow id="229" from="i" to="i_1" fromId="31" toId="37">
</dataflow>
<dataflow id="230" from="tmp" to="StgValue_38" fromId="36" toId="38">
</dataflow>
<dataflow id="232" from="_ssdm_op_SpecLoopName" to="StgValue_39" fromId="231" toId="39">
</dataflow>
<dataflow id="234" from="p_str7" to="StgValue_39" fromId="233" toId="39">
</dataflow>
<dataflow id="236" from="_ssdm_op_SpecRegionBegin" to="tmp_4" fromId="235" toId="40">
</dataflow>
<dataflow id="237" from="p_str7" to="tmp_4" fromId="233" toId="40">
</dataflow>
<dataflow id="238" from="StgValue_210" to="j" fromId="210" toId="43">
<condition id="94">
<or_exp><and_exp><literal name="tmp" val="1"/>
</and_exp></or_exp>
</condition>
</dataflow>
<dataflow id="239" from="StgValue_41" to="j" fromId="41" toId="43">
</dataflow>
<dataflow id="240" from="j_1" to="j" fromId="46" toId="43">
<BackEdge/>
<condition id="95">
<or_exp><and_exp><literal name="tmp_26" val="1"/>
</and_exp><and_exp><literal name="tmp_5_1" val="0"/>
</and_exp><and_exp><literal name="tmp_5_2" val="0"/>
</and_exp><and_exp><literal name="tmp_5_3" val="0"/>
</and_exp></or_exp>
</condition>
</dataflow>
<dataflow id="241" from="StgValue_139" to="j" fromId="139" toId="43">
<BackEdge/>
</dataflow>
<dataflow id="242" from="j" to="j_cast" fromId="43" toId="44">
</dataflow>
<dataflow id="243" from="j_cast" to="tmp_2" fromId="44" toId="45">
</dataflow>
<dataflow id="244" from="nC_read" to="tmp_2" fromId="27" toId="45">
</dataflow>
<dataflow id="245" from="j" to="j_1" fromId="43" toId="46">
</dataflow>
<dataflow id="246" from="StgValue_227" to="j_1" fromId="227" toId="46">
</dataflow>
<dataflow id="247" from="tmp_2" to="StgValue_47" fromId="45" toId="47">
</dataflow>
<dataflow id="248" from="_ssdm_op_SpecLoopName" to="StgValue_48" fromId="231" toId="48">
</dataflow>
<dataflow id="250" from="p_str18" to="StgValue_48" fromId="249" toId="48">
</dataflow>
<dataflow id="251" from="_ssdm_op_SpecRegionBegin" to="tmp_5" fromId="235" toId="49">
</dataflow>
<dataflow id="252" from="p_str18" to="tmp_5" fromId="249" toId="49">
</dataflow>
<dataflow id="253" from="j" to="tmp_3" fromId="43" toId="50">
</dataflow>
<dataflow id="254" from="tmp_3" to="tmp_s" fromId="50" toId="51">
</dataflow>
<dataflow id="255" from="tmp_1" to="tmp_s" fromId="33" toId="51">
</dataflow>
<dataflow id="256" from="tmp_s" to="tmp_10_cast" fromId="51" toId="52">
</dataflow>
<dataflow id="257" from="C" to="C_addr" fromId="173" toId="53">
</dataflow>
<dataflow id="259" from="StgValue_258" to="C_addr" fromId="258" toId="53">
</dataflow>
<dataflow id="260" from="tmp_10_cast" to="C_addr" fromId="52" toId="53">
</dataflow>
<dataflow id="262" from="_ssdm_op_BitSelect.i1.i32.i32" to="tmp_6" fromId="261" toId="54">
</dataflow>
<dataflow id="263" from="nA_read" to="tmp_6" fromId="29" toId="54">
</dataflow>
<dataflow id="265" from="StgValue_264" to="tmp_6" fromId="264" toId="54">
</dataflow>
<dataflow id="267" from="StgValue_266" to="nA_op_op" fromId="266" toId="55">
</dataflow>
<dataflow id="268" from="nA_read" to="nA_op_op" fromId="29" toId="55">
</dataflow>
<dataflow id="269" from="_ssdm_op_BitSelect.i1.i32.i32" to="tmp_9" fromId="261" toId="56">
</dataflow>
<dataflow id="270" from="nA_op_op" to="tmp_9" fromId="55" toId="56">
</dataflow>
<dataflow id="271" from="StgValue_264" to="tmp_9" fromId="264" toId="56">
</dataflow>
<dataflow id="273" from="StgValue_272" to="p_neg" fromId="272" toId="57">
</dataflow>
<dataflow id="274" from="nA_read" to="p_neg" fromId="29" toId="57">
</dataflow>
<dataflow id="276" from="_ssdm_op_PartSelect.i30.i32.i32.i32" to="p_lshr" fromId="275" toId="58">
</dataflow>
<dataflow id="277" from="p_neg" to="p_lshr" fromId="57" toId="58">
</dataflow>
<dataflow id="279" from="StgValue_278" to="p_lshr" fromId="278" toId="58">
</dataflow>
<dataflow id="280" from="StgValue_264" to="p_lshr" fromId="264" toId="58">
</dataflow>
<dataflow id="282" from="StgValue_281" to="p_neg_t" fromId="281" toId="59">
</dataflow>
<dataflow id="283" from="p_lshr" to="p_neg_t" fromId="58" toId="59">
</dataflow>
<dataflow id="284" from="_ssdm_op_PartSelect.i30.i32.i32.i32" to="tmp_10" fromId="275" toId="60">
</dataflow>
<dataflow id="285" from="nA_op_op" to="tmp_10" fromId="55" toId="60">
</dataflow>
<dataflow id="286" from="StgValue_278" to="tmp_10" fromId="278" toId="60">
</dataflow>
<dataflow id="287" from="StgValue_264" to="tmp_10" fromId="264" toId="60">
</dataflow>
<dataflow id="288" from="tmp_9" to="tmp_23" fromId="56" toId="61">
</dataflow>
<dataflow id="289" from="p_neg_t" to="tmp_23" fromId="59" toId="61">
</dataflow>
<dataflow id="290" from="tmp_10" to="tmp_23" fromId="60" toId="61">
</dataflow>
<dataflow id="291" from="tmp_6" to="tmp_24" fromId="54" toId="62">
</dataflow>
<dataflow id="292" from="StgValue_281" to="tmp_24" fromId="281" toId="62">
</dataflow>
<dataflow id="293" from="tmp_23" to="tmp_24" fromId="61" toId="62">
</dataflow>
<dataflow id="295" from="_ssdm_op_BitConcatenate.i32.i30.i2" to="tmp_25" fromId="294" toId="63">
</dataflow>
<dataflow id="296" from="tmp_24" to="tmp_25" fromId="62" toId="63">
</dataflow>
<dataflow id="298" from="StgValue_297" to="tmp_25" fromId="297" toId="63">
</dataflow>
<dataflow id="300" from="_ssdm_op_SpecRegionEnd" to="empty_4" fromId="299" toId="65">
</dataflow>
<dataflow id="301" from="p_str7" to="empty_4" fromId="233" toId="65">
</dataflow>
<dataflow id="302" from="tmp_4" to="empty_4" fromId="40" toId="65">
</dataflow>
<dataflow id="304" from="StgValue_303" to="k" fromId="303" toId="67">
<condition id="96">
<or_exp><and_exp><literal name="tmp_2" val="1"/>
</and_exp></or_exp>
</condition>
</dataflow>
<dataflow id="305" from="StgValue_64" to="k" fromId="64" toId="67">
</dataflow>
<dataflow id="306" from="k_1_3" to="k" fromId="137" toId="67">
<BackEdge/>
<condition id="97">
<or_exp><and_exp></and_exp></or_exp>
</condition>
</dataflow>
<dataflow id="307" from="StgValue_145" to="k" fromId="145" toId="67">
<BackEdge/>
</dataflow>
<dataflow id="308" from="k" to="tmp_26" fromId="67" toId="68">
</dataflow>
<dataflow id="309" from="tmp_25" to="tmp_26" fromId="63" toId="68">
</dataflow>
<dataflow id="310" from="tmp_26" to="StgValue_69" fromId="68" toId="69">
</dataflow>
<dataflow id="311" from="k" to="tmp_27" fromId="67" toId="70">
</dataflow>
<dataflow id="312" from="tmp_1" to="tmp_11" fromId="33" toId="71">
</dataflow>
<dataflow id="313" from="tmp_27" to="tmp_11" fromId="70" toId="71">
</dataflow>
<dataflow id="314" from="tmp_11" to="tmp_11_cast" fromId="71" toId="72">
</dataflow>
<dataflow id="315" from="A" to="A_addr" fromId="171" toId="73">
</dataflow>
<dataflow id="316" from="StgValue_258" to="A_addr" fromId="258" toId="73">
</dataflow>
<dataflow id="317" from="tmp_11_cast" to="A_addr" fromId="72" toId="73">
</dataflow>
<dataflow id="319" from="StgValue_318" to="tmp_12" fromId="318" toId="74">
</dataflow>
<dataflow id="320" from="tmp_27" to="tmp_12" fromId="70" toId="74">
</dataflow>
<dataflow id="321" from="tmp_12" to="tmp_13" fromId="74" toId="75">
</dataflow>
<dataflow id="322" from="tmp_3" to="tmp_13" fromId="50" toId="75">
</dataflow>
<dataflow id="323" from="tmp_13" to="tmp_13_cast" fromId="75" toId="76">
</dataflow>
<dataflow id="324" from="B" to="B_addr" fromId="172" toId="77">
</dataflow>
<dataflow id="325" from="StgValue_258" to="B_addr" fromId="258" toId="77">
</dataflow>
<dataflow id="326" from="tmp_13_cast" to="B_addr" fromId="76" toId="77">
</dataflow>
<dataflow id="327" from="A_addr" to="A_load" fromId="73" toId="78">
</dataflow>
<dataflow id="328" from="B_addr" to="B_load" fromId="77" toId="79">
</dataflow>
<dataflow id="329" from="A_addr" to="A_load" fromId="73" toId="80">
</dataflow>
<dataflow id="330" from="B_addr" to="B_load" fromId="77" toId="81">
</dataflow>
<dataflow id="331" from="C_addr" to="C_load" fromId="53" toId="82">
</dataflow>
<dataflow id="332" from="B_load" to="tmp_7" fromId="81" toId="83">
</dataflow>
<dataflow id="333" from="A_load" to="tmp_7" fromId="80" toId="83">
</dataflow>
<dataflow id="334" from="C_addr" to="C_load" fromId="53" toId="84">
</dataflow>
<dataflow id="335" from="_ssdm_op_SpecLoopName" to="StgValue_85" fromId="231" toId="85">
</dataflow>
<dataflow id="337" from="p_str29" to="StgValue_85" fromId="336" toId="85">
</dataflow>
<dataflow id="338" from="tmp_7" to="tmp_8" fromId="83" toId="86">
</dataflow>
<dataflow id="339" from="C_load" to="tmp_8" fromId="84" toId="86">
</dataflow>
<dataflow id="340" from="tmp_8" to="StgValue_87" fromId="86" toId="87">
</dataflow>
<dataflow id="341" from="C_addr" to="StgValue_87" fromId="53" toId="87">
</dataflow>
<dataflow id="342" from="k" to="k_1_s" fromId="67" toId="88">
</dataflow>
<dataflow id="344" from="StgValue_343" to="k_1_s" fromId="343" toId="88">
</dataflow>
<dataflow id="345" from="k_1_s" to="tmp_5_1" fromId="88" toId="89">
</dataflow>
<dataflow id="346" from="nA_read" to="tmp_5_1" fromId="29" toId="89">
</dataflow>
<dataflow id="347" from="tmp_5_1" to="StgValue_90" fromId="89" toId="90">
</dataflow>
<dataflow id="348" from="k_1_s" to="tmp_28" fromId="88" toId="91">
</dataflow>
<dataflow id="349" from="tmp_1" to="tmp_14" fromId="33" toId="92">
</dataflow>
<dataflow id="350" from="tmp_28" to="tmp_14" fromId="91" toId="92">
</dataflow>
<dataflow id="351" from="tmp_14" to="tmp_14_cast" fromId="92" toId="93">
</dataflow>
<dataflow id="352" from="A" to="A_addr_1" fromId="171" toId="94">
</dataflow>
<dataflow id="353" from="StgValue_258" to="A_addr_1" fromId="258" toId="94">
</dataflow>
<dataflow id="354" from="tmp_14_cast" to="A_addr_1" fromId="93" toId="94">
</dataflow>
<dataflow id="355" from="StgValue_318" to="tmp_15" fromId="318" toId="95">
</dataflow>
<dataflow id="356" from="tmp_28" to="tmp_15" fromId="91" toId="95">
</dataflow>
<dataflow id="357" from="tmp_15" to="tmp_16" fromId="95" toId="96">
</dataflow>
<dataflow id="358" from="tmp_3" to="tmp_16" fromId="50" toId="96">
</dataflow>
<dataflow id="359" from="tmp_16" to="tmp_16_cast" fromId="96" toId="97">
</dataflow>
<dataflow id="360" from="B" to="B_addr_1" fromId="172" toId="98">
</dataflow>
<dataflow id="361" from="StgValue_258" to="B_addr_1" fromId="258" toId="98">
</dataflow>
<dataflow id="362" from="tmp_16_cast" to="B_addr_1" fromId="97" toId="98">
</dataflow>
<dataflow id="363" from="A_addr_1" to="A_load_1" fromId="94" toId="99">
</dataflow>
<dataflow id="364" from="B_addr_1" to="B_load_1" fromId="98" toId="100">
</dataflow>
<dataflow id="365" from="A_addr_1" to="A_load_1" fromId="94" toId="101">
</dataflow>
<dataflow id="366" from="B_addr_1" to="B_load_1" fromId="98" toId="102">
</dataflow>
<dataflow id="367" from="B_load_1" to="tmp_7_1" fromId="102" toId="103">
</dataflow>
<dataflow id="368" from="A_load_1" to="tmp_7_1" fromId="101" toId="103">
</dataflow>
<dataflow id="369" from="tmp_8" to="tmp_8_1" fromId="86" toId="104">
</dataflow>
<dataflow id="370" from="tmp_7_1" to="tmp_8_1" fromId="103" toId="104">
</dataflow>
<dataflow id="371" from="tmp_8_1" to="StgValue_105" fromId="104" toId="105">
</dataflow>
<dataflow id="372" from="C_addr" to="StgValue_105" fromId="53" toId="105">
</dataflow>
<dataflow id="373" from="k" to="k_1_1" fromId="67" toId="106">
</dataflow>
<dataflow id="374" from="StgValue_278" to="k_1_1" fromId="278" toId="106">
</dataflow>
<dataflow id="375" from="k_1_1" to="tmp_5_2" fromId="106" toId="107">
</dataflow>
<dataflow id="376" from="nA_read" to="tmp_5_2" fromId="29" toId="107">
</dataflow>
<dataflow id="377" from="tmp_5_2" to="StgValue_108" fromId="107" toId="108">
</dataflow>
<dataflow id="378" from="k_1_1" to="tmp_29" fromId="106" toId="109">
</dataflow>
<dataflow id="379" from="tmp_1" to="tmp_17" fromId="33" toId="110">
</dataflow>
<dataflow id="380" from="tmp_29" to="tmp_17" fromId="109" toId="110">
</dataflow>
<dataflow id="381" from="tmp_17" to="tmp_17_cast" fromId="110" toId="111">
</dataflow>
<dataflow id="382" from="A" to="A_addr_2" fromId="171" toId="112">
</dataflow>
<dataflow id="383" from="StgValue_258" to="A_addr_2" fromId="258" toId="112">
</dataflow>
<dataflow id="384" from="tmp_17_cast" to="A_addr_2" fromId="111" toId="112">
</dataflow>
<dataflow id="385" from="StgValue_318" to="tmp_18" fromId="318" toId="113">
</dataflow>
<dataflow id="386" from="tmp_29" to="tmp_18" fromId="109" toId="113">
</dataflow>
<dataflow id="387" from="tmp_18" to="tmp_19" fromId="113" toId="114">
</dataflow>
<dataflow id="388" from="tmp_3" to="tmp_19" fromId="50" toId="114">
</dataflow>
<dataflow id="389" from="tmp_19" to="tmp_19_cast" fromId="114" toId="115">
</dataflow>
<dataflow id="390" from="B" to="B_addr_2" fromId="172" toId="116">
</dataflow>
<dataflow id="391" from="StgValue_258" to="B_addr_2" fromId="258" toId="116">
</dataflow>
<dataflow id="392" from="tmp_19_cast" to="B_addr_2" fromId="115" toId="116">
</dataflow>
<dataflow id="393" from="A_addr_2" to="A_load_2" fromId="112" toId="117">
</dataflow>
<dataflow id="394" from="B_addr_2" to="B_load_2" fromId="116" toId="118">
</dataflow>
<dataflow id="395" from="A_addr_2" to="A_load_2" fromId="112" toId="119">
</dataflow>
<dataflow id="396" from="B_addr_2" to="B_load_2" fromId="116" toId="120">
</dataflow>
<dataflow id="397" from="B_load_2" to="tmp_7_2" fromId="120" toId="121">
</dataflow>
<dataflow id="398" from="A_load_2" to="tmp_7_2" fromId="119" toId="121">
</dataflow>
<dataflow id="399" from="tmp_8_1" to="tmp_8_2" fromId="104" toId="122">
</dataflow>
<dataflow id="400" from="tmp_7_2" to="tmp_8_2" fromId="121" toId="122">
</dataflow>
<dataflow id="401" from="tmp_8_2" to="StgValue_123" fromId="122" toId="123">
</dataflow>
<dataflow id="402" from="C_addr" to="StgValue_123" fromId="53" toId="123">
</dataflow>
<dataflow id="403" from="k" to="k_1_2" fromId="67" toId="124">
</dataflow>
<dataflow id="404" from="StgValue_266" to="k_1_2" fromId="266" toId="124">
</dataflow>
<dataflow id="405" from="k_1_2" to="tmp_5_3" fromId="124" toId="125">
</dataflow>
<dataflow id="406" from="nA_read" to="tmp_5_3" fromId="29" toId="125">
</dataflow>
<dataflow id="407" from="tmp_5_3" to="StgValue_126" fromId="125" toId="126">
</dataflow>
<dataflow id="408" from="k_1_2" to="tmp_30" fromId="124" toId="127">
</dataflow>
<dataflow id="409" from="tmp_1" to="tmp_20" fromId="33" toId="128">
</dataflow>
<dataflow id="410" from="tmp_30" to="tmp_20" fromId="127" toId="128">
</dataflow>
<dataflow id="411" from="tmp_20" to="tmp_20_cast" fromId="128" toId="129">
</dataflow>
<dataflow id="412" from="A" to="A_addr_3" fromId="171" toId="130">
</dataflow>
<dataflow id="413" from="StgValue_258" to="A_addr_3" fromId="258" toId="130">
</dataflow>
<dataflow id="414" from="tmp_20_cast" to="A_addr_3" fromId="129" toId="130">
</dataflow>
<dataflow id="415" from="StgValue_318" to="tmp_21" fromId="318" toId="131">
</dataflow>
<dataflow id="416" from="tmp_30" to="tmp_21" fromId="127" toId="131">
</dataflow>
<dataflow id="417" from="tmp_21" to="tmp_22" fromId="131" toId="132">
</dataflow>
<dataflow id="418" from="tmp_3" to="tmp_22" fromId="50" toId="132">
</dataflow>
<dataflow id="419" from="tmp_22" to="tmp_22_cast" fromId="132" toId="133">
</dataflow>
<dataflow id="420" from="B" to="B_addr_3" fromId="172" toId="134">
</dataflow>
<dataflow id="421" from="StgValue_258" to="B_addr_3" fromId="258" toId="134">
</dataflow>
<dataflow id="422" from="tmp_22_cast" to="B_addr_3" fromId="133" toId="134">
</dataflow>
<dataflow id="423" from="A_addr_3" to="A_load_3" fromId="130" toId="135">
</dataflow>
<dataflow id="424" from="B_addr_3" to="B_load_3" fromId="134" toId="136">
</dataflow>
<dataflow id="426" from="StgValue_425" to="k_1_3" fromId="425" toId="137">
</dataflow>
<dataflow id="427" from="k" to="k_1_3" fromId="67" toId="137">
</dataflow>
<dataflow id="428" from="_ssdm_op_SpecRegionEnd" to="empty" fromId="299" toId="138">
</dataflow>
<dataflow id="429" from="p_str18" to="empty" fromId="249" toId="138">
</dataflow>
<dataflow id="430" from="tmp_5" to="empty" fromId="49" toId="138">
</dataflow>
<dataflow id="431" from="A_addr_3" to="A_load_3" fromId="130" toId="140">
</dataflow>
<dataflow id="432" from="B_addr_3" to="B_load_3" fromId="134" toId="141">
</dataflow>
<dataflow id="433" from="B_load_3" to="tmp_7_3" fromId="141" toId="142">
</dataflow>
<dataflow id="434" from="A_load_3" to="tmp_7_3" fromId="140" toId="142">
</dataflow>
<dataflow id="435" from="tmp_8_2" to="tmp_8_3" fromId="122" toId="143">
</dataflow>
<dataflow id="436" from="tmp_7_3" to="tmp_8_3" fromId="142" toId="143">
</dataflow>
<dataflow id="437" from="tmp_8_3" to="StgValue_144" fromId="143" toId="144">
</dataflow>
<dataflow id="438" from="C_addr" to="StgValue_144" fromId="53" toId="144">
</dataflow>
<dataflow id="439" from="tmp" to="StgValue_2" fromId="36" toId="2">
</dataflow>
<dataflow id="440" from="tmp_2" to="StgValue_3" fromId="45" toId="3">
</dataflow>
<dataflow id="441" from="tmp_26" to="StgValue_4" fromId="68" toId="4">
</dataflow>
<dataflow id="442" from="tmp_5_1" to="StgValue_7" fromId="89" toId="7">
</dataflow>
<dataflow id="443" from="tmp_5_2" to="StgValue_10" fromId="107" toId="10">
</dataflow>
<dataflow id="444" from="tmp_26" to="StgValue_13" fromId="68" toId="13">
</dataflow>
<dataflow id="445" from="tmp_5_1" to="StgValue_13" fromId="89" toId="13">
</dataflow>
<dataflow id="446" from="tmp_5_2" to="StgValue_13" fromId="107" toId="13">
</dataflow>
<dataflow id="447" from="tmp_5_3" to="StgValue_13" fromId="125" toId="13">
</dataflow>
</dataflows>


</stg>
