<annotationInfo>
<annotationInfo>
<item  id="30" filename="PartA/parta1_6.cpp" linenumber="7" name="i_cast" contextFuncName="parta1_6" moduleName="parta1_6" rtlName="i_cast_fu_293_p1" latency="0" BRAM="-1" DSP="-1" FF="-1" LUT="-1" fileDirectory="C:\Users\Patel\Downloads\ECE527\exp\MP3"><\/item>
<item  id="31" filename="PartA/parta1_6.cpp" linenumber="7" name="tmp" contextFuncName="parta1_6" moduleName="parta1_6" rtlName="tmp_fu_297_p2" latency="0" BRAM="-1" DSP="-1" FF="0" LUT="18" fileDirectory="C:\Users\Patel\Downloads\ECE527\exp\MP3"><\/item>
<item  id="32" filename="PartA/parta1_6.cpp" linenumber="7" name="i_1" contextFuncName="parta1_6" moduleName="parta1_6" rtlName="i_1_fu_302_p2" latency="0" BRAM="-1" DSP="-1" FF="0" LUT="38" fileDirectory="C:\Users\Patel\Downloads\ECE527\exp\MP3"><\/item>
<item  id="47" filename="PartA/parta1_6.cpp" linenumber="10" name="j_cast" contextFuncName="parta1_6" moduleName="parta1_6" rtlName="j_cast_fu_323_p1" latency="0" BRAM="-1" DSP="-1" FF="-1" LUT="-1" fileDirectory="C:\Users\Patel\Downloads\ECE527\exp\MP3"><\/item>
<item  id="48" filename="PartA/parta1_6.cpp" linenumber="10" name="tmp_2" contextFuncName="parta1_6" moduleName="parta1_6" rtlName="tmp_2_fu_327_p2" latency="0" BRAM="-1" DSP="-1" FF="0" LUT="18" fileDirectory="C:\Users\Patel\Downloads\ECE527\exp\MP3"><\/item>
<item  id="49" filename="PartA/parta1_6.cpp" linenumber="10" name="j_1" contextFuncName="parta1_6" moduleName="parta1_6" rtlName="j_1_fu_332_p2" latency="0" BRAM="-1" DSP="-1" FF="0" LUT="38" fileDirectory="C:\Users\Patel\Downloads\ECE527\exp\MP3"><\/item>
<item  id="55" filename="PartA/parta1_6.cpp" linenumber="12" name="tmp_6" contextFuncName="parta1_6" moduleName="parta1_6" rtlName="tmp_6_fu_338_p1" latency="0" BRAM="-1" DSP="-1" FF="-1" LUT="-1" fileDirectory="C:\Users\Patel\Downloads\ECE527\exp\MP3"><\/item>
<item  id="57" filename="PartA/parta1_6.cpp" linenumber="16" name="tmp_s" contextFuncName="parta1_6" moduleName="parta1_6" rtlName="tmp_s_fu_342_p2" latency="0" BRAM="-1" DSP="-1" FF="0" LUT="21" fileDirectory="C:\Users\Patel\Downloads\ECE527\exp\MP3"><\/item>
<item  id="58" filename="PartA/parta1_6.cpp" linenumber="16" name="tmp_11_cast" contextFuncName="parta1_6" moduleName="parta1_6" rtlName="tmp_11_cast_fu_347_p1" latency="0" BRAM="-1" DSP="-1" FF="-1" LUT="-1" fileDirectory="C:\Users\Patel\Downloads\ECE527\exp\MP3"><\/item>
<item  id="74" filename="PartA/parta1_6.cpp" linenumber="13" name="tmp_23" contextFuncName="parta1_6" moduleName="parta1_6" rtlName="tmp_23_fu_427_p2" latency="0" BRAM="-1" DSP="-1" FF="0" LUT="18" fileDirectory="C:\Users\Patel\Downloads\ECE527\exp\MP3"><\/item>
<item  id="78" filename="PartA/parta1_6.cpp" linenumber="16" name="tmp_24" contextFuncName="parta1_6" moduleName="parta1_6" rtlName="tmp_24_fu_432_p1" latency="0" BRAM="-1" DSP="-1" FF="-1" LUT="-1" fileDirectory="C:\Users\Patel\Downloads\ECE527\exp\MP3"><\/item>
<item  id="79" filename="PartA/parta1_6.cpp" linenumber="16" name="tmp_12" contextFuncName="parta1_6" moduleName="parta1_6" rtlName="tmp_12_fu_436_p2" latency="0" BRAM="-1" DSP="-1" FF="0" LUT="21" fileDirectory="C:\Users\Patel\Downloads\ECE527\exp\MP3"><\/item>
<item  id="80" filename="PartA/parta1_6.cpp" linenumber="16" name="tmp_12_cast" contextFuncName="parta1_6" moduleName="parta1_6" rtlName="tmp_12_cast_fu_441_p1" latency="0" BRAM="-1" DSP="-1" FF="-1" LUT="-1" fileDirectory="C:\Users\Patel\Downloads\ECE527\exp\MP3"><\/item>
<item  id="82" filename="PartA/parta1_6.cpp" linenumber="16" name="tmp_13" contextFuncName="parta1_6" moduleName="parta1_6" rtlName="tmp_13_fu_446_p2" latency="0" BRAM="-1" DSP="-1" FF="0" LUT="21" fileDirectory="C:\Users\Patel\Downloads\ECE527\exp\MP3"><\/item>
<item  id="83" filename="PartA/parta1_6.cpp" linenumber="16" name="tmp_13_cast" contextFuncName="parta1_6" moduleName="parta1_6" rtlName="tmp_13_cast_fu_451_p1" latency="0" BRAM="-1" DSP="-1" FF="-1" LUT="-1" fileDirectory="C:\Users\Patel\Downloads\ECE527\exp\MP3"><\/item>
<item  id="87" filename="PartA/parta1_6.cpp" linenumber="16" name="tmp_7" contextFuncName="parta1_6" moduleName="parta1_6" rtlName="grp_fu_267_p2" latency="0" BRAM="-1" DSP="3" FF="0" LUT="20" fileDirectory="C:\Users\Patel\Downloads\ECE527\exp\MP3"><\/item>
<item  id="89" filename="PartA/parta1_6.cpp" linenumber="16" name="tmp_8" contextFuncName="parta1_6" moduleName="parta1_6" rtlName="tmp_8_fu_456_p2" latency="0" BRAM="-1" DSP="-1" FF="0" LUT="39" fileDirectory="C:\Users\Patel\Downloads\ECE527\exp\MP3"><\/item>
<item  id="91" filename="PartA/parta1_6.cpp" linenumber="13" name="k_1_s" contextFuncName="parta1_6" moduleName="parta1_6" rtlName="k_1_s_fu_462_p2" latency="0" BRAM="-1" DSP="-1" FF="0" LUT="32" fileDirectory="C:\Users\Patel\Downloads\ECE527\exp\MP3"><\/item>
<item  id="92" filename="PartA/parta1_6.cpp" linenumber="13" name="tmp_5_1" contextFuncName="parta1_6" moduleName="parta1_6" rtlName="tmp_5_1_fu_468_p2" latency="0" BRAM="-1" DSP="-1" FF="0" LUT="18" fileDirectory="C:\Users\Patel\Downloads\ECE527\exp\MP3"><\/item>
<item  id="95" filename="PartA/parta1_6.cpp" linenumber="16" name="tmp_25" contextFuncName="parta1_6" moduleName="parta1_6" rtlName="tmp_25_fu_473_p1" latency="0" BRAM="-1" DSP="-1" FF="-1" LUT="-1" fileDirectory="C:\Users\Patel\Downloads\ECE527\exp\MP3"><\/item>
<item  id="96" filename="PartA/parta1_6.cpp" linenumber="16" name="tmp_14" contextFuncName="parta1_6" moduleName="parta1_6" rtlName="tmp_14_fu_477_p2" latency="0" BRAM="-1" DSP="-1" FF="0" LUT="21" fileDirectory="C:\Users\Patel\Downloads\ECE527\exp\MP3"><\/item>
<item  id="97" filename="PartA/parta1_6.cpp" linenumber="16" name="tmp_14_cast" contextFuncName="parta1_6" moduleName="parta1_6" rtlName="tmp_14_cast_fu_482_p1" latency="0" BRAM="-1" DSP="-1" FF="-1" LUT="-1" fileDirectory="C:\Users\Patel\Downloads\ECE527\exp\MP3"><\/item>
<item  id="99" filename="PartA/parta1_6.cpp" linenumber="16" name="tmp_15" contextFuncName="parta1_6" moduleName="parta1_6" rtlName="tmp_15_fu_487_p2" latency="0" BRAM="-1" DSP="-1" FF="0" LUT="21" fileDirectory="C:\Users\Patel\Downloads\ECE527\exp\MP3"><\/item>
<item  id="100" filename="PartA/parta1_6.cpp" linenumber="16" name="tmp_15_cast" contextFuncName="parta1_6" moduleName="parta1_6" rtlName="tmp_15_cast_fu_492_p1" latency="0" BRAM="-1" DSP="-1" FF="-1" LUT="-1" fileDirectory="C:\Users\Patel\Downloads\ECE527\exp\MP3"><\/item>
<item  id="104" filename="PartA/parta1_6.cpp" linenumber="16" name="tmp_7_1" contextFuncName="parta1_6" moduleName="parta1_6" rtlName="grp_fu_267_p2" latency="0" BRAM="-1" DSP="3" FF="0" LUT="20" fileDirectory="C:\Users\Patel\Downloads\ECE527\exp\MP3"><\/item>
<item  id="105" filename="PartA/parta1_6.cpp" linenumber="16" name="tmp_8_1" contextFuncName="parta1_6" moduleName="parta1_6" rtlName="tmp_8_1_fu_497_p2" latency="0" BRAM="-1" DSP="-1" FF="0" LUT="39" fileDirectory="C:\Users\Patel\Downloads\ECE527\exp\MP3"><\/item>
<item  id="107" filename="PartA/parta1_6.cpp" linenumber="13" name="k_1_1" contextFuncName="parta1_6" moduleName="parta1_6" rtlName="k_1_1_fu_503_p2" latency="0" BRAM="-1" DSP="-1" FF="0" LUT="32" fileDirectory="C:\Users\Patel\Downloads\ECE527\exp\MP3"><\/item>
<item  id="108" filename="PartA/parta1_6.cpp" linenumber="13" name="tmp_5_2" contextFuncName="parta1_6" moduleName="parta1_6" rtlName="tmp_5_2_fu_509_p2" latency="0" BRAM="-1" DSP="-1" FF="0" LUT="18" fileDirectory="C:\Users\Patel\Downloads\ECE527\exp\MP3"><\/item>
<item  id="111" filename="PartA/parta1_6.cpp" linenumber="16" name="tmp_26" contextFuncName="parta1_6" moduleName="parta1_6" rtlName="tmp_26_fu_514_p1" latency="0" BRAM="-1" DSP="-1" FF="-1" LUT="-1" fileDirectory="C:\Users\Patel\Downloads\ECE527\exp\MP3"><\/item>
<item  id="112" filename="PartA/parta1_6.cpp" linenumber="16" name="tmp_16" contextFuncName="parta1_6" moduleName="parta1_6" rtlName="tmp_16_fu_518_p2" latency="0" BRAM="-1" DSP="-1" FF="0" LUT="21" fileDirectory="C:\Users\Patel\Downloads\ECE527\exp\MP3"><\/item>
<item  id="113" filename="PartA/parta1_6.cpp" linenumber="16" name="tmp_16_cast" contextFuncName="parta1_6" moduleName="parta1_6" rtlName="tmp_16_cast_fu_523_p1" latency="0" BRAM="-1" DSP="-1" FF="-1" LUT="-1" fileDirectory="C:\Users\Patel\Downloads\ECE527\exp\MP3"><\/item>
<item  id="115" filename="PartA/parta1_6.cpp" linenumber="16" name="tmp_17" contextFuncName="parta1_6" moduleName="parta1_6" rtlName="tmp_17_fu_528_p2" latency="0" BRAM="-1" DSP="-1" FF="0" LUT="21" fileDirectory="C:\Users\Patel\Downloads\ECE527\exp\MP3"><\/item>
<item  id="116" filename="PartA/parta1_6.cpp" linenumber="16" name="tmp_17_cast" contextFuncName="parta1_6" moduleName="parta1_6" rtlName="tmp_17_cast_fu_533_p1" latency="0" BRAM="-1" DSP="-1" FF="-1" LUT="-1" fileDirectory="C:\Users\Patel\Downloads\ECE527\exp\MP3"><\/item>
<item  id="120" filename="PartA/parta1_6.cpp" linenumber="16" name="tmp_7_2" contextFuncName="parta1_6" moduleName="parta1_6" rtlName="grp_fu_267_p2" latency="0" BRAM="-1" DSP="3" FF="0" LUT="20" fileDirectory="C:\Users\Patel\Downloads\ECE527\exp\MP3"><\/item>
<item  id="121" filename="PartA/parta1_6.cpp" linenumber="16" name="tmp_8_2" contextFuncName="parta1_6" moduleName="parta1_6" rtlName="tmp_8_2_fu_538_p2" latency="0" BRAM="-1" DSP="-1" FF="0" LUT="39" fileDirectory="C:\Users\Patel\Downloads\ECE527\exp\MP3"><\/item>
<item  id="123" filename="PartA/parta1_6.cpp" linenumber="13" name="k_1_2" contextFuncName="parta1_6" moduleName="parta1_6" rtlName="k_1_2_fu_543_p2" latency="0" BRAM="-1" DSP="-1" FF="0" LUT="32" fileDirectory="C:\Users\Patel\Downloads\ECE527\exp\MP3"><\/item>
<item  id="124" filename="PartA/parta1_6.cpp" linenumber="13" name="tmp_5_3" contextFuncName="parta1_6" moduleName="parta1_6" rtlName="tmp_5_3_fu_549_p2" latency="0" BRAM="-1" DSP="-1" FF="0" LUT="18" fileDirectory="C:\Users\Patel\Downloads\ECE527\exp\MP3"><\/item>
<item  id="127" filename="PartA/parta1_6.cpp" linenumber="16" name="tmp_27" contextFuncName="parta1_6" moduleName="parta1_6" rtlName="tmp_27_fu_554_p1" latency="0" BRAM="-1" DSP="-1" FF="-1" LUT="-1" fileDirectory="C:\Users\Patel\Downloads\ECE527\exp\MP3"><\/item>
<item  id="128" filename="PartA/parta1_6.cpp" linenumber="16" name="tmp_18" contextFuncName="parta1_6" moduleName="parta1_6" rtlName="tmp_18_fu_558_p2" latency="0" BRAM="-1" DSP="-1" FF="0" LUT="21" fileDirectory="C:\Users\Patel\Downloads\ECE527\exp\MP3"><\/item>
<item  id="129" filename="PartA/parta1_6.cpp" linenumber="16" name="tmp_18_cast" contextFuncName="parta1_6" moduleName="parta1_6" rtlName="tmp_18_cast_fu_563_p1" latency="0" BRAM="-1" DSP="-1" FF="-1" LUT="-1" fileDirectory="C:\Users\Patel\Downloads\ECE527\exp\MP3"><\/item>
<item  id="131" filename="PartA/parta1_6.cpp" linenumber="16" name="tmp_19" contextFuncName="parta1_6" moduleName="parta1_6" rtlName="tmp_19_fu_568_p2" latency="0" BRAM="-1" DSP="-1" FF="0" LUT="21" fileDirectory="C:\Users\Patel\Downloads\ECE527\exp\MP3"><\/item>
<item  id="132" filename="PartA/parta1_6.cpp" linenumber="16" name="tmp_19_cast" contextFuncName="parta1_6" moduleName="parta1_6" rtlName="tmp_19_cast_fu_573_p1" latency="0" BRAM="-1" DSP="-1" FF="-1" LUT="-1" fileDirectory="C:\Users\Patel\Downloads\ECE527\exp\MP3"><\/item>
<item  id="136" filename="PartA/parta1_6.cpp" linenumber="16" name="tmp_7_3" contextFuncName="parta1_6" moduleName="parta1_6" rtlName="grp_fu_267_p2" latency="0" BRAM="-1" DSP="3" FF="0" LUT="20" fileDirectory="C:\Users\Patel\Downloads\ECE527\exp\MP3"><\/item>
<item  id="137" filename="PartA/parta1_6.cpp" linenumber="16" name="tmp_8_3" contextFuncName="parta1_6" moduleName="parta1_6" rtlName="tmp_8_3_fu_584_p2" latency="0" BRAM="-1" DSP="-1" FF="0" LUT="39" fileDirectory="C:\Users\Patel\Downloads\ECE527\exp\MP3"><\/item>
<item  id="139" filename="PartA/parta1_6.cpp" linenumber="13" name="k_1_3" contextFuncName="parta1_6" moduleName="parta1_6" rtlName="k_1_3_fu_578_p2" latency="0" BRAM="-1" DSP="-1" FF="0" LUT="39" fileDirectory="C:\Users\Patel\Downloads\ECE527\exp\MP3"><\/item>
<\/annotationInfo>
</annotationInfo>
