{
  "Top": "parta1_5",
  "RtlTop": "parta1_5",
  "RtlPrefix": "",
  "SourceLanguage": "cpp",
  "ResetStyle": "control",
  "GenerateBdFiles": "0",
  "HostMachineBits": "64",
  "Target": {
    "Family": "zynq",
    "Device": "xc7z020",
    "Package": "clg484",
    "Speed": "-1"
  },
  "HlsSolution": {
    
  },
  "ClockInfo": {
    "ClockName": "ap_clk",
    "ClockPeriod": "10",
    "IsCombLogic": "0",
    "II": "x",
    "Latency": "undef",
    "Uncertainty": "1.25"
  },
  "Xdc": {"OocClocks": ["create_clock -name ap_clk -period 10.000 [get_ports ap_clk]"]},
  "Ipx": {
    "Vendor": "xilinx.com",
    "Library": "hls",
    "Name": "parta1_5",
    "Version": "1.0",
    "DisplayName": "Parta1_5",
    "Revision": "",
    "Description": "An IP generated by Vivado HLS",
    "Taxonomy": "\/VIVADO_HLS_IP"
  },
  "Files": {
    "CSource": [
      "..\/unop_mm.cpp",
      "..\/parta1_6.cpp",
      "..\/parta1_5.cpp",
      "..\/parta1_4.cpp",
      "..\/parta1_3.cpp",
      "..\/parta1_2.cpp",
      "..\/gold.cpp"
    ],
    "Vhdl": [
      "impl\/vhdl\/parta1_5_mul_mul_bkb.vhd",
      "impl\/vhdl\/parta1_5.vhd"
    ],
    "Verilog": [
      "impl\/verilog\/parta1_5_mul_mul_bkb.v",
      "impl\/verilog\/parta1_5.v"
    ],
    "Misc": ["impl\/misc\/logo.png"]
  },
  "SubcoreInfo": {
    "HasXpmMemory": false,
    "HasClockedDsp": false,
    "IP": []
  },
  "Interfaces": {
    "A_address0": {
      "type": "data",
      "dir": "out",
      "width": "14",
      "ctype": {"DATA": {
          "Type": "null",
          "Width": "14"
        }}
    },
    "A_q0": {
      "type": "data",
      "dir": "in",
      "width": "32",
      "ctype": {"DATA": {
          "Type": "integer signed",
          "Width": "32"
        }}
    },
    "B_address0": {
      "type": "data",
      "dir": "out",
      "width": "14",
      "ctype": {"DATA": {
          "Type": "null",
          "Width": "14"
        }}
    },
    "B_q0": {
      "type": "data",
      "dir": "in",
      "width": "32",
      "ctype": {"DATA": {
          "Type": "integer signed",
          "Width": "32"
        }}
    },
    "C_address0": {
      "type": "data",
      "dir": "out",
      "width": "14",
      "ctype": {"DATA": {
          "Type": "null",
          "Width": "14"
        }}
    },
    "C_d0": {
      "type": "data",
      "dir": "out",
      "width": "32",
      "ctype": {"DATA": {
          "Type": "integer signed",
          "Width": "32"
        }}
    },
    "C_q0": {
      "type": "data",
      "dir": "in",
      "width": "32",
      "ctype": {"DATA": {
          "Type": "integer signed",
          "Width": "32"
        }}
    },
    "ap_clk": {
      "type": "clock",
      "ctype": {"CLK": {"Type": "bool"}},
      "reset": "ap_rst"
    },
    "ap_ctrl": {
      "type": "ap_ctrl",
      "ctrl_ports": "ap_start ap_done ap_idle ap_ready",
      "ctype": {
        "start": {"Type": "bool"},
        "done": {"Type": "bool"},
        "idle": {"Type": "bool"},
        "ready": {"Type": "bool"}
      }
    },
    "ap_rst": {
      "type": "reset",
      "polarity": "ACTIVE_HIGH",
      "ctype": {"RST": {"Type": "bool"}}
    },
    "mA": {
      "type": "data",
      "dir": "in",
      "width": "32",
      "ctype": {"DATA": {
          "Type": "integer signed",
          "Width": "32"
        }}
    },
    "mB": {
      "type": "data",
      "dir": "in",
      "width": "32",
      "ctype": {"DATA": {
          "Type": "integer signed",
          "Width": "32"
        }}
    },
    "mC": {
      "type": "data",
      "dir": "in",
      "width": "32",
      "ctype": {"DATA": {
          "Type": "integer signed",
          "Width": "32"
        }}
    },
    "nA": {
      "type": "data",
      "dir": "in",
      "width": "32",
      "ctype": {"DATA": {
          "Type": "integer signed",
          "Width": "32"
        }}
    },
    "nB": {
      "type": "data",
      "dir": "in",
      "width": "32",
      "ctype": {"DATA": {
          "Type": "integer signed",
          "Width": "32"
        }}
    },
    "nC": {
      "type": "data",
      "dir": "in",
      "width": "32",
      "ctype": {"DATA": {
          "Type": "integer signed",
          "Width": "32"
        }}
    }
  },
  "RtlPorts": {
    "ap_clk": {
      "dir": "in",
      "width": "1"
    },
    "ap_rst": {
      "dir": "in",
      "width": "1"
    },
    "ap_start": {
      "dir": "in",
      "width": "1"
    },
    "ap_done": {
      "dir": "out",
      "width": "1"
    },
    "ap_idle": {
      "dir": "out",
      "width": "1"
    },
    "ap_ready": {
      "dir": "out",
      "width": "1"
    },
    "A_address0": {
      "dir": "out",
      "width": "14"
    },
    "A_ce0": {
      "dir": "out",
      "width": "1"
    },
    "A_q0": {
      "dir": "in",
      "width": "32"
    },
    "B_address0": {
      "dir": "out",
      "width": "14"
    },
    "B_ce0": {
      "dir": "out",
      "width": "1"
    },
    "B_q0": {
      "dir": "in",
      "width": "32"
    },
    "C_address0": {
      "dir": "out",
      "width": "14"
    },
    "C_ce0": {
      "dir": "out",
      "width": "1"
    },
    "C_we0": {
      "dir": "out",
      "width": "1"
    },
    "C_d0": {
      "dir": "out",
      "width": "32"
    },
    "C_q0": {
      "dir": "in",
      "width": "32"
    },
    "mA": {
      "dir": "in",
      "width": "32"
    },
    "nA": {
      "dir": "in",
      "width": "32"
    },
    "mB": {
      "dir": "in",
      "width": "32"
    },
    "nB": {
      "dir": "in",
      "width": "32"
    },
    "mC": {
      "dir": "in",
      "width": "32"
    },
    "nC": {
      "dir": "in",
      "width": "32"
    }
  },
  "CPorts": {
    "ap_ctrl": {
      "interfaceRef": "ap_ctrl",
      "dir": "out"
    },
    "A_q0": {
      "interfaceRef": "A_q0",
      "dir": "in",
      "dataWidth": "32",
      "busTypeRef": "ap_memory",
      "arraySize": "10000",
      "handshakeRef": "ap_none"
    },
    "B_q0": {
      "interfaceRef": "B_q0",
      "dir": "in",
      "dataWidth": "32",
      "busTypeRef": "ap_memory",
      "arraySize": "10000",
      "handshakeRef": "ap_none"
    },
    "C_d0": {
      "interfaceRef": "C_d0",
      "dir": "out",
      "dataWidth": "32",
      "busTypeRef": "ap_memory",
      "arraySize": "10000",
      "handshakeRef": "ap_none"
    },
    "C_q0": {
      "interfaceRef": "C_q0",
      "dir": "in",
      "dataWidth": "32",
      "busTypeRef": "ap_memory",
      "arraySize": "10000",
      "handshakeRef": "ap_none"
    },
    "mA": {
      "interfaceRef": "mA",
      "dir": "in",
      "dataWidth": "32",
      "handshakeRef": "ap_none"
    },
    "nA": {
      "interfaceRef": "nA",
      "dir": "in",
      "dataWidth": "32",
      "handshakeRef": "ap_none"
    },
    "mB": {
      "interfaceRef": "mB",
      "dir": "in",
      "dataWidth": "32",
      "handshakeRef": "ap_none"
    },
    "nB": {
      "interfaceRef": "nB",
      "dir": "in",
      "dataWidth": "32",
      "handshakeRef": "ap_none"
    },
    "mC": {
      "interfaceRef": "mC",
      "dir": "in",
      "dataWidth": "32",
      "handshakeRef": "ap_none"
    },
    "nC": {
      "interfaceRef": "nC",
      "dir": "in",
      "dataWidth": "32",
      "handshakeRef": "ap_none"
    }
  },
  "ModuleInfo": {
    "Hierarchy": {"ModuleName": "parta1_5"},
    "Metrics": {"parta1_5": {
        "Latency": {
          "LatencyBest": "",
          "LatencyAvg": "",
          "LatencyWorst": "",
          "PipelineII": "",
          "PipelineDepth": "",
          "PipelineType": "none"
        },
        "Timing": {
          "Target": "10.00",
          "Uncertainty": "1.25",
          "Estimate": "9.060"
        },
        "Loops": [{
            "Name": "for_c_row",
            "TripCount": "",
            "Latency": "",
            "PipelineII": "",
            "PipelineDepth": "",
            "Loops": [{
                "Name": "for_c_col_for_common",
                "TripCount": "",
                "Latency": "",
                "PipelineII": "2",
                "PipelineDepth": "6"
              }]
          }],
        "Area": {
          "BRAM_18K": "0",
          "DSP48E": "7",
          "FF": "742",
          "LUT": "658"
        }
      }}
  },
  "Sdx": {
    "Target": "none",
    "ProfileOption": "0",
    "ProfileType": "none"
  },
  "GenData": {
    "DataVersion": "0.1",
    "Time": "2018-10-04 23:38:29 -0500",
    "ToolName": "vivado_hls",
    "ToolVersion": "2018.2"
  }
}
