<profile>

<section name = "Vivado HLS Report for 'parta1_5'" level="0">
<item name = "Date">Thu Oct  4 23:38:26 2018
</item>
<item name = "Version">2018.2 (Build 2258646 on Thu Jun 14 20:25:20 MDT 2018)</item>
<item name = "Project">PartA</item>
<item name = "Solution">solution5</item>
<item name = "Product family">zynq</item>
<item name = "Target device">xc7z020clg484-1</item>
</section>

<section name = "Performance Estimates" level="0">
<item name = "Timing (ns)">
<section name = "" level="1">
<item name = "Summary"><table name="" hasTotal="0">
<keys size="4">Clock, Target, Estimated, Uncertainty</keys>
<column name="ap_clk">10.00, 9.060, 1.25</column>
</table>
</item>
</section>
</item>
<item name = "Latency (clock cycles)">
<section name = "" level="1">
<item name = "Summary"><table name="" hasTotal="0">
<keys size="6">, min, max, min, max, Type</keys>
<column name="">?, ?, ?, ?, none</column>
</table>
</item>
<item name = "Detail">
<section name = "" level="1">
<item name = "Instance"><table name="" hasTotal="0">
<keys size="7">Instance, Module, min, max, min, max, Type</keys>
</table>
</item>
<item name = "Loop"><table name="" hasTotal="0">
<keys size="8">Loop Name, min, max, Latency, achieved, target, Count, Pipelined</keys>
<column name="- for_c_row">?, ?, ?, -, -, ?, no</column>
<column name=" + for_c_col_for_common">?, ?, 6, 2, 1, ?, yes</column>
</table>
</item>
</section>
</item>
</section>
</item>
</section>

<section name = "Utilization Estimates" level="0">
<item name = "Summary"><table name="" hasTotal="1">
<keys size="5">Name, BRAM_18K, DSP48E, FF, LUT</keys>
<column name="DSP">-, 1, -, -</column>
<column name="Expression">-, 6, 0, 503</column>
<column name="FIFO">-, -, -, -</column>
<column name="Instance">-, -, -, -</column>
<column name="Memory">-, -, -, -</column>
<column name="Multiplexer">-, -, -, 123</column>
<column name="Register">0, -, 742, 32</column>
<specialColumn name="Available">280, 220, 106400, 53200</specialColumn>
<specialColumn name="Utilization (%)">0, 3, ~0, 1</specialColumn>
</table>
</item>
<item name = "Detail">
<section name = "" level="1">
<item name = "Instance"><table name="" hasTotal="1">
<keys size="6">Instance, Module, BRAM_18K, DSP48E, FF, LUT</keys>
</table>
</item>
<item name = "DSP48"><table name="" hasTotal="0">
<keys size="3">Instance, Module, Expression</keys>
<column name="parta1_5_mul_mul_bkb_U1">parta1_5_mul_mul_bkb, i0 * i1</column>
</table>
</item>
<item name = "Memory"><table name="" hasTotal="1">
<keys size="9">Memory, Module, BRAM_18K, FF, LUT, Words, Bits, Banks, W*Bits*Banks</keys>
</table>
</item>
<item name = "FIFO"><table name="" hasTotal="1">
<keys size="7">Name, BRAM_18K, FF, LUT, Depth, Bits, Size:D*B</keys>
</table>
</item>
<item name = "Expression"><table name="" hasTotal="1">
<keys size="7">Variable Name, Operation, DSP48E, FF, LUT, Bitwidth P0, Bitwidth P1</keys>
<column name="bound_fu_204_p2">*, 3, 0, 20, 32, 32</column>
<column name="tmp_7_fu_327_p2">*, 3, 0, 20, 32, 32</column>
<column name="C_d0">+, 0, 0, 39, 32, 32</column>
<column name="i_1_fu_235_p2">+, 0, 0, 38, 1, 31</column>
<column name="indvar_flatten_next_fu_255_p2">+, 0, 0, 71, 64, 1</column>
<column name="j_1_fu_261_p2">+, 0, 0, 38, 1, 31</column>
<column name="k_1_fu_300_p2">+, 0, 0, 38, 1, 31</column>
<column name="next_mul_fu_220_p2">+, 0, 0, 45, 7, 38</column>
<column name="tmp_10_fu_309_p2">+, 0, 0, 21, 15, 15</column>
<column name="tmp_11_fu_318_p2">+, 0, 0, 21, 15, 15</column>
<column name="tmp_9_fu_291_p2">+, 0, 0, 21, 15, 15</column>
<column name="exitcond_flatten_fu_250_p2">icmp, 0, 0, 29, 64, 64</column>
<column name="tmp_5_fu_245_p2">icmp, 0, 0, 18, 32, 32</column>
<column name="tmp_fu_230_p2">icmp, 0, 0, 18, 32, 32</column>
<column name="k_mid2_fu_267_p3">select, 0, 0, 31, 1, 31</column>
<column name="tmp_3_mid2_v_fu_275_p3">select, 0, 0, 31, 1, 31</column>
<column name="ap_enable_pp0">xor, 0, 0, 2, 1, 2</column>
<column name="ap_enable_reg_pp0_iter1">xor, 0, 0, 2, 2, 1</column>
</table>
</item>
<item name = "Multiplexer"><table name="" hasTotal="1">
<keys size="5">Name, LUT, Input Size, Bits, Total Bits</keys>
<column name="ap_NS_fsm">33, 6, 1, 6</column>
<column name="ap_enable_reg_pp0_iter1">9, 2, 1, 2</column>
<column name="ap_enable_reg_pp0_iter2">9, 2, 1, 2</column>
<column name="ap_phi_mux_indvar_flatten_phi_fu_167_p4">9, 2, 64, 128</column>
<column name="ap_phi_mux_j_phi_fu_178_p4">9, 2, 31, 62</column>
<column name="ap_phi_mux_k_phi_fu_189_p4">9, 2, 31, 62</column>
<column name="i_reg_141">9, 2, 31, 62</column>
<column name="indvar_flatten_reg_163">9, 2, 64, 128</column>
<column name="j_reg_174">9, 2, 31, 62</column>
<column name="k_reg_185">9, 2, 31, 62</column>
<column name="phi_mul_reg_152">9, 2, 38, 76</column>
</table>
</item>
<item name = "Register"><table name="" hasTotal="1">
<keys size="5">Name, FF, LUT, Bits, Const Bits</keys>
<column name="A_load_reg_434">32, 0, 32, 0</column>
<column name="B_load_reg_439">32, 0, 32, 0</column>
<column name="C_addr_1_reg_414">14, 0, 14, 0</column>
<column name="C_addr_1_reg_414_pp0_iter1_reg">14, 0, 14, 0</column>
<column name="ap_CS_fsm">5, 0, 5, 0</column>
<column name="ap_enable_reg_pp0_iter0">1, 0, 1, 0</column>
<column name="ap_enable_reg_pp0_iter1">1, 0, 1, 0</column>
<column name="ap_enable_reg_pp0_iter2">1, 0, 1, 0</column>
<column name="bound_reg_352">64, 0, 64, 0</column>
<column name="exitcond_flatten_reg_377">1, 0, 1, 0</column>
<column name="i_1_reg_372">31, 0, 31, 0</column>
<column name="i_reg_141">31, 0, 31, 0</column>
<column name="indvar_flatten_next_reg_381">64, 0, 64, 0</column>
<column name="indvar_flatten_reg_163">64, 0, 64, 0</column>
<column name="j_reg_174">31, 0, 31, 0</column>
<column name="k_1_reg_419">31, 0, 31, 0</column>
<column name="k_mid2_reg_386">31, 0, 31, 0</column>
<column name="k_reg_185">31, 0, 31, 0</column>
<column name="next_mul_reg_363">38, 0, 38, 0</column>
<column name="phi_mul_reg_152">38, 0, 38, 0</column>
<column name="tmp_1_reg_357">15, 0, 15, 0</column>
<column name="tmp_2_reg_396">15, 0, 15, 0</column>
<column name="tmp_3_mid2_v_reg_391">31, 0, 31, 0</column>
<column name="tmp_3_reg_408">15, 0, 15, 0</column>
<column name="tmp_6_reg_402">15, 0, 15, 0</column>
<column name="tmp_7_reg_444">32, 0, 32, 0</column>
<column name="exitcond_flatten_reg_377">64, 32, 1, 0</column>
</table>
</item>
</section>
</item>
</section>

<section name = "Interface" level="0">
<item name = "Summary"><table name="" hasTotal="0">
<keys size="6">RTL Ports, Dir, Bits, Protocol, Source Object, C Type</keys>
<column name="ap_clk">in, 1, ap_ctrl_hs, parta1_5, return value</column>
<column name="ap_rst">in, 1, ap_ctrl_hs, parta1_5, return value</column>
<column name="ap_start">in, 1, ap_ctrl_hs, parta1_5, return value</column>
<column name="ap_done">out, 1, ap_ctrl_hs, parta1_5, return value</column>
<column name="ap_idle">out, 1, ap_ctrl_hs, parta1_5, return value</column>
<column name="ap_ready">out, 1, ap_ctrl_hs, parta1_5, return value</column>
<column name="A_address0">out, 14, ap_memory, A, array</column>
<column name="A_ce0">out, 1, ap_memory, A, array</column>
<column name="A_q0">in, 32, ap_memory, A, array</column>
<column name="B_address0">out, 14, ap_memory, B, array</column>
<column name="B_ce0">out, 1, ap_memory, B, array</column>
<column name="B_q0">in, 32, ap_memory, B, array</column>
<column name="C_address0">out, 14, ap_memory, C, array</column>
<column name="C_ce0">out, 1, ap_memory, C, array</column>
<column name="C_we0">out, 1, ap_memory, C, array</column>
<column name="C_d0">out, 32, ap_memory, C, array</column>
<column name="C_q0">in, 32, ap_memory, C, array</column>
<column name="mA">in, 32, ap_none, mA, scalar</column>
<column name="nA">in, 32, ap_none, nA, scalar</column>
<column name="mB">in, 32, ap_none, mB, scalar</column>
<column name="nB">in, 32, ap_none, nB, scalar</column>
<column name="mC">in, 32, ap_none, mC, scalar</column>
<column name="nC">in, 32, ap_none, nC, scalar</column>
</table>
</item>
</section>
</profile>
