<annotationInfo>
<annotationInfo>
<item  id="33" filename="PartA/parta1_5.cpp" linenumber="7" name="i_cast" contextFuncName="parta1_5" moduleName="parta1_5" rtlName="i_cast_fu_226_p1" latency="0" BRAM="-1" DSP="-1" FF="-1" LUT="-1" fileDirectory="C:\Users\Patel\Downloads\ECE527\exp\MP3"><\/item>
<item  id="34" filename="PartA/parta1_5.cpp" linenumber="7" name="tmp" contextFuncName="parta1_5" moduleName="parta1_5" rtlName="tmp_fu_230_p2" latency="0" BRAM="-1" DSP="-1" FF="0" LUT="18" fileDirectory="C:\Users\Patel\Downloads\ECE527\exp\MP3"><\/item>
<item  id="35" filename="PartA/parta1_5.cpp" linenumber="7" name="i_1" contextFuncName="parta1_5" moduleName="parta1_5" rtlName="i_1_fu_235_p2" latency="0" BRAM="-1" DSP="-1" FF="0" LUT="38" fileDirectory="C:\Users\Patel\Downloads\ECE527\exp\MP3"><\/item>
<item  id="50" filename="PartA/parta1_5.cpp" linenumber="14" name="k_cast" contextFuncName="parta1_5" moduleName="parta1_5" rtlName="k_cast_fu_241_p1" latency="0" BRAM="-1" DSP="-1" FF="-1" LUT="-1" fileDirectory="C:\Users\Patel\Downloads\ECE527\exp\MP3"><\/item>
<item  id="51" filename="PartA/parta1_5.cpp" linenumber="14" name="tmp_5" contextFuncName="parta1_5" moduleName="parta1_5" rtlName="tmp_5_fu_245_p2" latency="0" BRAM="-1" DSP="-1" FF="0" LUT="18" fileDirectory="C:\Users\Patel\Downloads\ECE527\exp\MP3"><\/item>
<item  id="56" filename="PartA/parta1_5.cpp" linenumber="11" name="j_1" contextFuncName="parta1_5" moduleName="parta1_5" rtlName="j_1_fu_261_p2" latency="0" BRAM="-1" DSP="-1" FF="0" LUT="38" fileDirectory="C:\Users\Patel\Downloads\ECE527\exp\MP3"><\/item>
<item  id="59" filename="PartA/parta1_5.cpp" linenumber="14" name="k_mid2" contextFuncName="parta1_5" moduleName="parta1_5" rtlName="k_mid2_fu_267_p3" latency="0" BRAM="-1" DSP="-1" FF="0" LUT="31" fileDirectory="C:\Users\Patel\Downloads\ECE527\exp\MP3"><\/item>
<item  id="61" filename="PartA/parta1_5.cpp" linenumber="16" name="tmp_3_mid2_v" contextFuncName="parta1_5" moduleName="parta1_5" rtlName="tmp_3_mid2_v_fu_275_p3" latency="0" BRAM="-1" DSP="-1" FF="0" LUT="31" fileDirectory="C:\Users\Patel\Downloads\ECE527\exp\MP3"><\/item>
<item  id="62" filename="PartA/parta1_5.cpp" linenumber="16" name="tmp_2" contextFuncName="parta1_5" moduleName="parta1_5" rtlName="tmp_2_fu_283_p1" latency="0" BRAM="-1" DSP="-1" FF="-1" LUT="-1" fileDirectory="C:\Users\Patel\Downloads\ECE527\exp\MP3"><\/item>
<item  id="63" filename="PartA/parta1_5.cpp" linenumber="16" name="tmp_3" contextFuncName="parta1_5" moduleName="parta1_5" rtlName="parta1_5_mul_mul_bkb_U1" latency="0" BRAM="-1" DSP="-1" FF="-1" LUT="-1" fileDirectory="C:\Users\Patel\Downloads\ECE527\exp\MP3"><\/item>
<item  id="66" filename="PartA/parta1_5.cpp" linenumber="17" name="tmp_9" contextFuncName="parta1_5" moduleName="parta1_5" rtlName="tmp_9_fu_291_p2" latency="0" BRAM="-1" DSP="-1" FF="0" LUT="21" fileDirectory="C:\Users\Patel\Downloads\ECE527\exp\MP3"><\/item>
<item  id="67" filename="PartA/parta1_5.cpp" linenumber="17" name="tmp_9_cast" contextFuncName="parta1_5" moduleName="parta1_5" rtlName="tmp_9_cast_fu_295_p1" latency="0" BRAM="-1" DSP="-1" FF="-1" LUT="-1" fileDirectory="C:\Users\Patel\Downloads\ECE527\exp\MP3"><\/item>
<item  id="72" filename="PartA/parta1_5.cpp" linenumber="17" name="tmp_6" contextFuncName="parta1_5" moduleName="parta1_5" rtlName="tmp_6_fu_287_p1" latency="0" BRAM="-1" DSP="-1" FF="-1" LUT="-1" fileDirectory="C:\Users\Patel\Downloads\ECE527\exp\MP3"><\/item>
<item  id="73" filename="PartA/parta1_5.cpp" linenumber="17" name="tmp_10" contextFuncName="parta1_5" moduleName="parta1_5" rtlName="tmp_10_fu_309_p2" latency="0" BRAM="-1" DSP="-1" FF="0" LUT="21" fileDirectory="C:\Users\Patel\Downloads\ECE527\exp\MP3"><\/item>
<item  id="74" filename="PartA/parta1_5.cpp" linenumber="17" name="tmp_10_cast" contextFuncName="parta1_5" moduleName="parta1_5" rtlName="tmp_10_cast_fu_313_p1" latency="0" BRAM="-1" DSP="-1" FF="-1" LUT="-1" fileDirectory="C:\Users\Patel\Downloads\ECE527\exp\MP3"><\/item>
<item  id="76" filename="PartA/parta1_5.cpp" linenumber="17" name="tmp_11" contextFuncName="parta1_5" moduleName="parta1_5" rtlName="tmp_11_fu_318_p2" latency="0" BRAM="-1" DSP="-1" FF="0" LUT="21" fileDirectory="C:\Users\Patel\Downloads\ECE527\exp\MP3"><\/item>
<item  id="77" filename="PartA/parta1_5.cpp" linenumber="17" name="tmp_11_cast" contextFuncName="parta1_5" moduleName="parta1_5" rtlName="tmp_11_cast_fu_322_p1" latency="0" BRAM="-1" DSP="-1" FF="-1" LUT="-1" fileDirectory="C:\Users\Patel\Downloads\ECE527\exp\MP3"><\/item>
<item  id="81" filename="PartA/parta1_5.cpp" linenumber="17" name="tmp_7" contextFuncName="parta1_5" moduleName="parta1_5" rtlName="tmp_7_fu_327_p2" latency="0" BRAM="-1" DSP="3" FF="0" LUT="20" fileDirectory="C:\Users\Patel\Downloads\ECE527\exp\MP3"><\/item>
<item  id="83" filename="PartA/parta1_5.cpp" linenumber="17" name="tmp_8" contextFuncName="parta1_5" moduleName="parta1_5" rtlName="C_d0" latency="0" BRAM="-1" DSP="-1" FF="0" LUT="39" fileDirectory="C:\Users\Patel\Downloads\ECE527\exp\MP3"><\/item>
<item  id="86" filename="PartA/parta1_5.cpp" linenumber="14" name="k_1" contextFuncName="parta1_5" moduleName="parta1_5" rtlName="k_1_fu_300_p2" latency="0" BRAM="-1" DSP="-1" FF="0" LUT="38" fileDirectory="C:\Users\Patel\Downloads\ECE527\exp\MP3"><\/item>
<\/annotationInfo>
</annotationInfo>
