<stg><name>parta1_5</name>


<trans_list>

<trans id="90" from="1" to="2">
<condition id="31">
<or_exp><and_exp></and_exp></or_exp>
</condition>
</trans>

<trans id="91" from="2" to="3">
<condition id="33">
<or_exp><and_exp><literal name="tmp" val="1"/>
</and_exp></or_exp>
</condition>
</trans>

<trans id="107" from="3" to="9">
<condition id="46">
<or_exp><and_exp><literal name="exitcond_flatten" val="1"/>
</and_exp></or_exp>
</condition>
</trans>

<trans id="108" from="3" to="4">
<condition id="52">
<or_exp><and_exp><literal name="exitcond_flatten" val="0"/>
</and_exp></or_exp>
</condition>
</trans>

<trans id="102" from="4" to="5">
<condition id="47">
<or_exp><and_exp></and_exp></or_exp>
</condition>
</trans>

<trans id="103" from="5" to="6">
<condition id="48">
<or_exp><and_exp></and_exp></or_exp>
</condition>
</trans>

<trans id="104" from="6" to="7">
<condition id="49">
<or_exp><and_exp></and_exp></or_exp>
</condition>
</trans>

<trans id="105" from="7" to="8">
<condition id="50">
<or_exp><and_exp></and_exp></or_exp>
</condition>
</trans>

<trans id="106" from="8" to="3">
<condition id="51">
<or_exp><and_exp></and_exp></or_exp>
</condition>
</trans>

<trans id="100" from="9" to="2">
<condition id="45">
<or_exp><and_exp></and_exp></or_exp>
</condition>
</trans>
</trans_list>



<state_list>

<state id="1" st_id="1">

<operation id="10" st_id="1" stage="1" lat="1">
<core>NULL</core>
<MemPortIdVec></MemPortIdVec>
<condition id="23">
<or_exp><and_exp></and_exp></or_exp>
</condition>

<Node id="10" bw="0" op_0_bw="0" op_1_bw="32">
<![CDATA[
:0  call void (...)* @_ssdm_op_SpecBitsMap([10000 x i32]* %A) nounwind, !map !7

]]></Node>
<StgValue><ssdm name=""/></StgValue>
</operation>

<operation id="11" st_id="1" stage="1" lat="1">
<core>NULL</core>
<MemPortIdVec></MemPortIdVec>
<condition id="23">
<or_exp><and_exp></and_exp></or_exp>
</condition>

<Node id="11" bw="0" op_0_bw="0" op_1_bw="32">
<![CDATA[
:1  call void (...)* @_ssdm_op_SpecBitsMap([10000 x i32]* %B) nounwind, !map !13

]]></Node>
<StgValue><ssdm name=""/></StgValue>
</operation>

<operation id="12" st_id="1" stage="1" lat="1">
<core>NULL</core>
<MemPortIdVec></MemPortIdVec>
<condition id="23">
<or_exp><and_exp></and_exp></or_exp>
</condition>

<Node id="12" bw="0" op_0_bw="0" op_1_bw="32">
<![CDATA[
:2  call void (...)* @_ssdm_op_SpecBitsMap([10000 x i32]* %C) nounwind, !map !17

]]></Node>
<StgValue><ssdm name=""/></StgValue>
</operation>

<operation id="13" st_id="1" stage="1" lat="1">
<core>NULL</core>
<MemPortIdVec></MemPortIdVec>
<condition id="23">
<or_exp><and_exp></and_exp></or_exp>
</condition>

<Node id="13" bw="0" op_0_bw="0" op_1_bw="32">
<![CDATA[
:3  call void (...)* @_ssdm_op_SpecBitsMap(i32 %mA) nounwind, !map !21

]]></Node>
<StgValue><ssdm name=""/></StgValue>
</operation>

<operation id="14" st_id="1" stage="1" lat="1">
<core>NULL</core>
<MemPortIdVec></MemPortIdVec>
<condition id="23">
<or_exp><and_exp></and_exp></or_exp>
</condition>

<Node id="14" bw="0" op_0_bw="0" op_1_bw="32">
<![CDATA[
:4  call void (...)* @_ssdm_op_SpecBitsMap(i32 %nA) nounwind, !map !27

]]></Node>
<StgValue><ssdm name=""/></StgValue>
</operation>

<operation id="15" st_id="1" stage="1" lat="1">
<core>NULL</core>
<MemPortIdVec></MemPortIdVec>
<condition id="23">
<or_exp><and_exp></and_exp></or_exp>
</condition>

<Node id="15" bw="0" op_0_bw="0" op_1_bw="32">
<![CDATA[
:5  call void (...)* @_ssdm_op_SpecBitsMap(i32 %mB) nounwind, !map !31

]]></Node>
<StgValue><ssdm name=""/></StgValue>
</operation>

<operation id="16" st_id="1" stage="1" lat="1">
<core>NULL</core>
<MemPortIdVec></MemPortIdVec>
<condition id="23">
<or_exp><and_exp></and_exp></or_exp>
</condition>

<Node id="16" bw="0" op_0_bw="0" op_1_bw="32">
<![CDATA[
:6  call void (...)* @_ssdm_op_SpecBitsMap(i32 %nB) nounwind, !map !35

]]></Node>
<StgValue><ssdm name=""/></StgValue>
</operation>

<operation id="17" st_id="1" stage="1" lat="1">
<core>NULL</core>
<MemPortIdVec></MemPortIdVec>
<condition id="23">
<or_exp><and_exp></and_exp></or_exp>
</condition>

<Node id="17" bw="0" op_0_bw="0" op_1_bw="32">
<![CDATA[
:7  call void (...)* @_ssdm_op_SpecBitsMap(i32 %mC) nounwind, !map !39

]]></Node>
<StgValue><ssdm name=""/></StgValue>
</operation>

<operation id="18" st_id="1" stage="1" lat="1">
<core>NULL</core>
<MemPortIdVec></MemPortIdVec>
<condition id="23">
<or_exp><and_exp></and_exp></or_exp>
</condition>

<Node id="18" bw="0" op_0_bw="0" op_1_bw="32">
<![CDATA[
:8  call void (...)* @_ssdm_op_SpecBitsMap(i32 %nC) nounwind, !map !43

]]></Node>
<StgValue><ssdm name=""/></StgValue>
</operation>

<operation id="19" st_id="1" stage="1" lat="1">
<core>NULL</core>
<MemPortIdVec></MemPortIdVec>
<condition id="23">
<or_exp><and_exp></and_exp></or_exp>
</condition>

<Node id="19" bw="0" op_0_bw="0" op_1_bw="0">
<![CDATA[
:9  call void (...)* @_ssdm_op_SpecTopModule([9 x i8]* @parta1_5_str) nounwind

]]></Node>
<StgValue><ssdm name=""/></StgValue>
</operation>

<operation id="20" st_id="1" stage="1" lat="1">
<core>NULL</core>
<MemPortIdVec></MemPortIdVec>
<condition id="23">
<or_exp><and_exp></and_exp></or_exp>
</condition>

<Node id="20" bw="32" op_0_bw="32" op_1_bw="32">
<![CDATA[
:10  %nC_read = call i32 @_ssdm_op_Read.ap_auto.i32(i32 %nC) nounwind

]]></Node>
<StgValue><ssdm name="nC_read"/></StgValue>
</operation>

<operation id="21" st_id="1" stage="1" lat="1">
<core>NULL</core>
<MemPortIdVec></MemPortIdVec>
<condition id="23">
<or_exp><and_exp></and_exp></or_exp>
</condition>

<Node id="21" bw="32" op_0_bw="32" op_1_bw="32">
<![CDATA[
:11  %mC_read = call i32 @_ssdm_op_Read.ap_auto.i32(i32 %mC) nounwind

]]></Node>
<StgValue><ssdm name="mC_read"/></StgValue>
</operation>

<operation id="22" st_id="1" stage="1" lat="1">
<core>NULL</core>
<MemPortIdVec></MemPortIdVec>
<condition id="23">
<or_exp><and_exp></and_exp></or_exp>
</condition>

<Node id="22" bw="32" op_0_bw="32" op_1_bw="32">
<![CDATA[
:12  %nA_read = call i32 @_ssdm_op_Read.ap_auto.i32(i32 %nA) nounwind

]]></Node>
<StgValue><ssdm name="nA_read"/></StgValue>
</operation>

<operation id="23" st_id="1" stage="1" lat="1">
<core>NULL</core>
<MemPortIdVec></MemPortIdVec>
<condition id="23">
<or_exp><and_exp></and_exp></or_exp>
</condition>

<Node id="23" bw="64" op_0_bw="32">
<![CDATA[
:13  %cast = zext i32 %nC_read to i64

]]></Node>
<StgValue><ssdm name="cast"/></StgValue>
</operation>

<operation id="24" st_id="1" stage="1" lat="1">
<core>NULL</core>
<MemPortIdVec></MemPortIdVec>
<condition id="23">
<or_exp><and_exp></and_exp></or_exp>
</condition>

<Node id="24" bw="64" op_0_bw="32">
<![CDATA[
:14  %cast4 = zext i32 %nA_read to i64

]]></Node>
<StgValue><ssdm name="cast4"/></StgValue>
</operation>

<operation id="25" st_id="1" stage="1" lat="1">
<core>Mul</core>
<MemPortIdVec></MemPortIdVec>
<condition id="23">
<or_exp><and_exp></and_exp></or_exp>
</condition>

<Node id="25" bw="64" op_0_bw="64" op_1_bw="64">
<![CDATA[
:15  %bound = mul i64 %cast4, %cast

]]></Node>
<StgValue><ssdm name="bound"/></StgValue>
</operation>

<operation id="26" st_id="1" stage="1" lat="1">
<core>NULL</core>
<MemPortIdVec></MemPortIdVec>
<condition id="23">
<or_exp><and_exp></and_exp></or_exp>
</condition>

<Node id="26" bw="0" op_0_bw="0">
<![CDATA[
:16  br label %1

]]></Node>
<StgValue><ssdm name=""/></StgValue>
</operation>
</state>

<state id="2" st_id="2">

<operation id="27" st_id="2" stage="1" lat="1">
<core>NULL</core>
<MemPortIdVec></MemPortIdVec>
<condition id="24">
<or_exp><and_exp></and_exp></or_exp>
</condition>

<Node id="28" bw="31" op_0_bw="31" op_1_bw="0">
<![CDATA[
:0  %i = phi i31 [ 0, %0 ], [ %i_1, %4 ]

]]></Node>
<StgValue><ssdm name="i"/></StgValue>
</operation>

<operation id="28" st_id="2" stage="1" lat="1">
<core>NULL</core>
<MemPortIdVec></MemPortIdVec>
<condition id="24">
<or_exp><and_exp></and_exp></or_exp>
</condition>

<Node id="29" bw="38" op_0_bw="38" op_1_bw="0">
<![CDATA[
:1  %phi_mul = phi i38 [ 0, %0 ], [ %next_mul, %4 ]

]]></Node>
<StgValue><ssdm name="phi_mul"/></StgValue>
</operation>

<operation id="29" st_id="2" stage="1" lat="1">
<core>NULL</core>
<MemPortIdVec></MemPortIdVec>
<condition id="24">
<or_exp><and_exp></and_exp></or_exp>
</condition>

<Node id="30" bw="15" op_0_bw="38">
<![CDATA[
:2  %tmp_1 = trunc i38 %phi_mul to i15

]]></Node>
<StgValue><ssdm name="tmp_1"/></StgValue>
</operation>

<operation id="30" st_id="2" stage="1" lat="1">
<core>NULL</core>
<MemPortIdVec></MemPortIdVec>
<condition id="24">
<or_exp><and_exp></and_exp></or_exp>
</condition>

<Node id="31" bw="64" op_0_bw="38">
<![CDATA[
:3  %phi_mul_cast = zext i38 %phi_mul to i64

]]></Node>
<StgValue><ssdm name="phi_mul_cast"/></StgValue>
</operation>

<operation id="31" st_id="2" stage="1" lat="1">
<core>AddSub</core>
<MemPortIdVec></MemPortIdVec>
<condition id="24">
<or_exp><and_exp></and_exp></or_exp>
</condition>

<Node id="32" bw="38" op_0_bw="38" op_1_bw="38">
<![CDATA[
:4  %next_mul = add i38 100, %phi_mul

]]></Node>
<StgValue><ssdm name="next_mul"/></StgValue>
</operation>

<operation id="32" st_id="2" stage="1" lat="1">
<core>NULL</core>
<MemPortIdVec></MemPortIdVec>
<condition id="24">
<or_exp><and_exp></and_exp></or_exp>
</condition>

<Node id="33" bw="32" op_0_bw="31">
<![CDATA[
:5  %i_cast = zext i31 %i to i32

]]></Node>
<StgValue><ssdm name="i_cast"/></StgValue>
</operation>

<operation id="33" st_id="2" stage="1" lat="1">
<core>Cmp</core>
<MemPortIdVec></MemPortIdVec>
<condition id="24">
<or_exp><and_exp></and_exp></or_exp>
</condition>

<Node id="34" bw="1" op_0_bw="32" op_1_bw="32">
<![CDATA[
:6  %tmp = icmp slt i32 %i_cast, %mC_read

]]></Node>
<StgValue><ssdm name="tmp"/></StgValue>
</operation>

<operation id="34" st_id="2" stage="1" lat="1">
<core>AddSub</core>
<MemPortIdVec></MemPortIdVec>
<condition id="24">
<or_exp><and_exp></and_exp></or_exp>
</condition>

<Node id="35" bw="31" op_0_bw="31" op_1_bw="31">
<![CDATA[
:7  %i_1 = add i31 1, %i

]]></Node>
<StgValue><ssdm name="i_1"/></StgValue>
</operation>

<operation id="35" st_id="2" stage="1" lat="1">
<core>NULL</core>
<MemPortIdVec></MemPortIdVec>
<condition id="24">
<or_exp><and_exp></and_exp></or_exp>
</condition>

<Node id="36" bw="0" op_0_bw="1" op_1_bw="0" op_2_bw="0">
<![CDATA[
:8  br i1 %tmp, label %2, label %5

]]></Node>
<StgValue><ssdm name=""/></StgValue>
</operation>

<operation id="36" st_id="2" stage="1" lat="1">
<core>NULL</core>
<MemPortIdVec></MemPortIdVec>
<condition id="26">
<or_exp><and_exp><literal name="tmp" val="1"/>
</and_exp></or_exp>
</condition>

<Node id="38" bw="0" op_0_bw="0" op_1_bw="0">
<![CDATA[
:0  call void (...)* @_ssdm_op_SpecLoopName([10 x i8]* @p_str7) nounwind

]]></Node>
<StgValue><ssdm name=""/></StgValue>
</operation>

<operation id="37" st_id="2" stage="1" lat="1">
<core>NULL</core>
<MemPortIdVec></MemPortIdVec>
<condition id="26">
<or_exp><and_exp><literal name="tmp" val="1"/>
</and_exp></or_exp>
</condition>

<Node id="39" bw="32" op_0_bw="32" op_1_bw="0">
<![CDATA[
:1  %tmp_4 = call i32 (...)* @_ssdm_op_SpecRegionBegin([10 x i8]* @p_str7) nounwind

]]></Node>
<StgValue><ssdm name="tmp_4"/></StgValue>
</operation>

<operation id="38" st_id="2" stage="1" lat="1">
<core>NULL</core>
<MemPortIdVec></MemPortIdVec>
<condition id="26">
<or_exp><and_exp><literal name="tmp" val="1"/>
</and_exp></or_exp>
</condition>

<Node id="40" bw="14" op_0_bw="32" op_1_bw="64" op_2_bw="64">
<![CDATA[
:2  %A_addr = getelementptr [10000 x i32]* %A, i64 0, i64 %phi_mul_cast

]]></Node>
<StgValue><ssdm name="A_addr"/></StgValue>
</operation>

<operation id="39" st_id="2" stage="1" lat="1">
<core>NULL</core>
<MemPortIdVec></MemPortIdVec>
<condition id="26">
<or_exp><and_exp><literal name="tmp" val="1"/>
</and_exp></or_exp>
</condition>

<Node id="41" bw="14" op_0_bw="32" op_1_bw="64" op_2_bw="64">
<![CDATA[
:3  %C_addr = getelementptr [10000 x i32]* %C, i64 0, i64 %phi_mul_cast

]]></Node>
<StgValue><ssdm name="C_addr"/></StgValue>
</operation>

<operation id="40" st_id="2" stage="1" lat="1">
<core>NULL</core>
<MemPortIdVec></MemPortIdVec>
<condition id="26">
<or_exp><and_exp><literal name="tmp" val="1"/>
</and_exp></or_exp>
</condition>

<Node id="42" bw="0" op_0_bw="0" op_1_bw="14" op_2_bw="0" op_3_bw="32" op_4_bw="32" op_5_bw="0" op_6_bw="32" op_7_bw="32" op_8_bw="0" op_9_bw="0" op_10_bw="0" op_11_bw="32" op_12_bw="32" op_13_bw="32" op_14_bw="32" op_15_bw="0" op_16_bw="0">
<![CDATA[
:4  call void (...)* @_ssdm_op_SpecInterface(i32* %C_addr, [8 x i8]* @p_str18, i32 0, i32 0, [1 x i8]* @p_str29, i32 0, i32 0, [1 x i8]* @p_str29, [1 x i8]* @p_str29, [1 x i8]* @p_str29, i32 0, i32 0, i32 0, i32 0, [1 x i8]* @p_str29, [1 x i8]* @p_str29) nounwind

]]></Node>
<StgValue><ssdm name=""/></StgValue>
</operation>

<operation id="41" st_id="2" stage="1" lat="1">
<core>NULL</core>
<MemPortIdVec></MemPortIdVec>
<condition id="26">
<or_exp><and_exp><literal name="tmp" val="1"/>
</and_exp></or_exp>
</condition>

<Node id="43" bw="0" op_0_bw="0" op_1_bw="14" op_2_bw="0" op_3_bw="32" op_4_bw="32" op_5_bw="0" op_6_bw="32" op_7_bw="32" op_8_bw="0" op_9_bw="0" op_10_bw="0" op_11_bw="32" op_12_bw="32" op_13_bw="32" op_14_bw="32" op_15_bw="0" op_16_bw="0">
<![CDATA[
:5  call void (...)* @_ssdm_op_SpecInterface(i32* %A_addr, [8 x i8]* @p_str18, i32 0, i32 0, [1 x i8]* @p_str29, i32 0, i32 0, [1 x i8]* @p_str29, [1 x i8]* @p_str29, [1 x i8]* @p_str29, i32 0, i32 0, i32 0, i32 0, [1 x i8]* @p_str29, [1 x i8]* @p_str29) nounwind

]]></Node>
<StgValue><ssdm name=""/></StgValue>
</operation>

<operation id="42" st_id="2" stage="1" lat="1">
<core>NULL</core>
<MemPortIdVec></MemPortIdVec>
<condition id="26">
<or_exp><and_exp><literal name="tmp" val="1"/>
</and_exp></or_exp>
</condition>

<Node id="44" bw="0" op_0_bw="0">
<![CDATA[
:6  br label %3

]]></Node>
<StgValue><ssdm name=""/></StgValue>
</operation>

<operation id="43" st_id="2" stage="1" lat="1">
<core>NULL</core>
<MemPortIdVec></MemPortIdVec>
<condition id="28">
<or_exp><and_exp><literal name="tmp" val="0"/>
</and_exp></or_exp>
</condition>

<Node id="92" bw="0">
<![CDATA[
:0  ret void

]]></Node>
<StgValue><ssdm name=""/></StgValue>
</operation>
</state>

<state id="3" st_id="3">

<operation id="44" st_id="3" stage="1" lat="1">
<core>NULL</core>
<MemPortIdVec></MemPortIdVec>
<condition id="-1">
<or_exp><and_exp></and_exp></or_exp>
</condition>

<Node id="46" bw="64" op_0_bw="64" op_1_bw="0">
<![CDATA[
:0  %indvar_flatten = phi i64 [ 0, %2 ], [ %indvar_flatten_next, %.reset ]

]]></Node>
<StgValue><ssdm name="indvar_flatten"/></StgValue>
</operation>

<operation id="45" st_id="3" stage="1" lat="1">
<core>NULL</core>
<MemPortIdVec></MemPortIdVec>
<condition id="-1">
<or_exp><and_exp></and_exp></or_exp>
</condition>

<Node id="47" bw="31" op_0_bw="31" op_1_bw="0">
<![CDATA[
:1  %j = phi i31 [ 0, %2 ], [ %tmp_3_mid2_v, %.reset ]

]]></Node>
<StgValue><ssdm name="j"/></StgValue>
</operation>

<operation id="46" st_id="3" stage="1" lat="1">
<core>NULL</core>
<MemPortIdVec></MemPortIdVec>
<condition id="-1">
<or_exp><and_exp></and_exp></or_exp>
</condition>

<Node id="48" bw="31" op_0_bw="31" op_1_bw="0">
<![CDATA[
:2  %k = phi i31 [ 0, %2 ], [ %k_1, %.reset ]

]]></Node>
<StgValue><ssdm name="k"/></StgValue>
</operation>

<operation id="47" st_id="3" stage="1" lat="1">
<core>NULL</core>
<MemPortIdVec></MemPortIdVec>
<condition id="-1">
<or_exp><and_exp></and_exp></or_exp>
</condition>

<Node id="49" bw="0" op_0_bw="0" op_1_bw="32" op_2_bw="32" op_3_bw="32" op_4_bw="32" op_5_bw="0">
<![CDATA[
:3  call void (...)* @_ssdm_op_SpecPipeline(i32 1, i32 1, i32 1, i32 0, [1 x i8]* @p_str29) nounwind

]]></Node>
<StgValue><ssdm name=""/></StgValue>
</operation>

<operation id="48" st_id="3" stage="1" lat="1">
<core>NULL</core>
<MemPortIdVec></MemPortIdVec>
<condition id="-1">
<or_exp><and_exp></and_exp></or_exp>
</condition>

<Node id="50" bw="32" op_0_bw="31">
<![CDATA[
:4  %k_cast = zext i31 %k to i32

]]></Node>
<StgValue><ssdm name="k_cast"/></StgValue>
</operation>

<operation id="49" st_id="3" stage="1" lat="1">
<core>Cmp</core>
<MemPortIdVec></MemPortIdVec>
<condition id="-1">
<or_exp><and_exp></and_exp></or_exp>
</condition>

<Node id="51" bw="1" op_0_bw="32" op_1_bw="32">
<![CDATA[
:5  %tmp_5 = icmp slt i32 %k_cast, %nA_read

]]></Node>
<StgValue><ssdm name="tmp_5"/></StgValue>
</operation>

<operation id="50" st_id="3" stage="1" lat="1">
<core>Cmp</core>
<MemPortIdVec></MemPortIdVec>
<condition id="-1">
<or_exp><and_exp></and_exp></or_exp>
</condition>

<Node id="52" bw="1" op_0_bw="64" op_1_bw="64">
<![CDATA[
:6  %exitcond_flatten = icmp eq i64 %indvar_flatten, %bound

]]></Node>
<StgValue><ssdm name="exitcond_flatten"/></StgValue>
</operation>

<operation id="51" st_id="3" stage="1" lat="1">
<core>AddSub</core>
<MemPortIdVec></MemPortIdVec>
<condition id="-1">
<or_exp><and_exp></and_exp></or_exp>
</condition>

<Node id="53" bw="64" op_0_bw="64" op_1_bw="64">
<![CDATA[
:7  %indvar_flatten_next = add i64 %indvar_flatten, 1

]]></Node>
<StgValue><ssdm name="indvar_flatten_next"/></StgValue>
</operation>

<operation id="52" st_id="3" stage="1" lat="1">
<core>NULL</core>
<MemPortIdVec></MemPortIdVec>
<condition id="-1">
<or_exp><and_exp></and_exp></or_exp>
</condition>

<Node id="54" bw="0" op_0_bw="1" op_1_bw="0" op_2_bw="0">
<![CDATA[
:8  br i1 %exitcond_flatten, label %4, label %.reset

]]></Node>
<StgValue><ssdm name=""/></StgValue>
</operation>

<operation id="53" st_id="3" stage="1" lat="1">
<core>AddSub</core>
<MemPortIdVec></MemPortIdVec>
<condition id="0">
<or_exp><and_exp><literal name="exitcond_flatten" val="0"/>
</and_exp></or_exp>
</condition>

<Node id="56" bw="31" op_0_bw="31" op_1_bw="31">
<![CDATA[
.reset:0  %j_1 = add i31 1, %j

]]></Node>
<StgValue><ssdm name="j_1"/></StgValue>
</operation>

<operation id="54" st_id="3" stage="1" lat="1">
<core>Sel</core>
<MemPortIdVec></MemPortIdVec>
<condition id="0">
<or_exp><and_exp><literal name="exitcond_flatten" val="0"/>
</and_exp></or_exp>
</condition>

<Node id="59" bw="31" op_0_bw="1" op_1_bw="31" op_2_bw="31">
<![CDATA[
.reset:3  %k_mid2 = select i1 %tmp_5, i31 %k, i31 0

]]></Node>
<StgValue><ssdm name="k_mid2"/></StgValue>
</operation>

<operation id="55" st_id="3" stage="1" lat="1">
<core>Sel</core>
<MemPortIdVec></MemPortIdVec>
<condition id="0">
<or_exp><and_exp><literal name="exitcond_flatten" val="0"/>
</and_exp></or_exp>
</condition>

<Node id="61" bw="31" op_0_bw="1" op_1_bw="31" op_2_bw="31">
<![CDATA[
.reset:5  %tmp_3_mid2_v = select i1 %tmp_5, i31 %j, i31 %j_1

]]></Node>
<StgValue><ssdm name="tmp_3_mid2_v"/></StgValue>
</operation>

<operation id="56" st_id="3" stage="1" lat="1">
<core>NULL</core>
<MemPortIdVec></MemPortIdVec>
<condition id="0">
<or_exp><and_exp><literal name="exitcond_flatten" val="0"/>
</and_exp></or_exp>
</condition>

<Node id="62" bw="15" op_0_bw="31">
<![CDATA[
.reset:6  %tmp_2 = trunc i31 %tmp_3_mid2_v to i15

]]></Node>
<StgValue><ssdm name="tmp_2"/></StgValue>
</operation>

<operation id="57" st_id="3" stage="1" lat="1">
<core>NULL</core>
<MemPortIdVec></MemPortIdVec>
<condition id="0">
<or_exp><and_exp><literal name="exitcond_flatten" val="0"/>
</and_exp></or_exp>
</condition>

<Node id="72" bw="15" op_0_bw="31">
<![CDATA[
.reset:16  %tmp_6 = trunc i31 %k_mid2 to i15

]]></Node>
<StgValue><ssdm name="tmp_6"/></StgValue>
</operation>
</state>

<state id="4" st_id="4">

<operation id="58" st_id="4" stage="1" lat="1">
<core>DSP48</core>
<MemPortIdVec></MemPortIdVec>
<condition id="0">
<or_exp><and_exp><literal name="exitcond_flatten" val="0"/>
</and_exp></or_exp>
</condition>

<Node id="63" bw="15" op_0_bw="15" op_1_bw="15">
<![CDATA[
.reset:7  %tmp_3 = mul i15 100, %tmp_2

]]></Node>
<StgValue><ssdm name="tmp_3"/></StgValue>
</operation>

<operation id="59" st_id="4" stage="1" lat="1">
<core>AddSub</core>
<MemPortIdVec></MemPortIdVec>
<condition id="0">
<or_exp><and_exp><literal name="exitcond_flatten" val="0"/>
</and_exp></or_exp>
</condition>

<Node id="66" bw="15" op_0_bw="15" op_1_bw="15">
<![CDATA[
.reset:10  %tmp_9 = add i15 %tmp_1, %tmp_2

]]></Node>
<StgValue><ssdm name="tmp_9"/></StgValue>
</operation>

<operation id="60" st_id="4" stage="1" lat="1">
<core>NULL</core>
<MemPortIdVec></MemPortIdVec>
<condition id="0">
<or_exp><and_exp><literal name="exitcond_flatten" val="0"/>
</and_exp></or_exp>
</condition>

<Node id="67" bw="64" op_0_bw="15">
<![CDATA[
.reset:11  %tmp_9_cast = zext i15 %tmp_9 to i64

]]></Node>
<StgValue><ssdm name="tmp_9_cast"/></StgValue>
</operation>

<operation id="61" st_id="4" stage="1" lat="1">
<core>NULL</core>
<MemPortIdVec></MemPortIdVec>
<condition id="0">
<or_exp><and_exp><literal name="exitcond_flatten" val="0"/>
</and_exp></or_exp>
</condition>

<Node id="68" bw="14" op_0_bw="32" op_1_bw="64" op_2_bw="64">
<![CDATA[
.reset:12  %C_addr_1 = getelementptr [10000 x i32]* %C, i64 0, i64 %tmp_9_cast

]]></Node>
<StgValue><ssdm name="C_addr_1"/></StgValue>
</operation>

<operation id="62" st_id="4" stage="1" lat="1">
<core>AddSub</core>
<MemPortIdVec></MemPortIdVec>
<condition id="0">
<or_exp><and_exp><literal name="exitcond_flatten" val="0"/>
</and_exp></or_exp>
</condition>

<Node id="86" bw="31" op_0_bw="31" op_1_bw="31">
<![CDATA[
.reset:30  %k_1 = add i31 1, %k_mid2

]]></Node>
<StgValue><ssdm name="k_1"/></StgValue>
</operation>
</state>

<state id="5" st_id="5">

<operation id="63" st_id="5" stage="1" lat="1">
<core>NULL</core>
<MemPortIdVec></MemPortIdVec>
<condition id="0">
<or_exp><and_exp><literal name="exitcond_flatten" val="0"/>
</and_exp></or_exp>
</condition>

<Node id="64" bw="64" op_0_bw="15">
<![CDATA[
.reset:8  %tmp_3_cast = sext i15 %tmp_3 to i64

]]></Node>
<StgValue><ssdm name="tmp_3_cast"/></StgValue>
</operation>

<operation id="64" st_id="5" stage="1" lat="1">
<core>NULL</core>
<MemPortIdVec></MemPortIdVec>
<condition id="0">
<or_exp><and_exp><literal name="exitcond_flatten" val="0"/>
</and_exp></or_exp>
</condition>

<Node id="65" bw="14" op_0_bw="32" op_1_bw="64" op_2_bw="64">
<![CDATA[
.reset:9  %B_addr = getelementptr [10000 x i32]* %B, i64 0, i64 %tmp_3_cast

]]></Node>
<StgValue><ssdm name="B_addr"/></StgValue>
</operation>

<operation id="65" st_id="5" stage="1" lat="1">
<core>NULL</core>
<MemPortIdVec></MemPortIdVec>
<condition id="0">
<or_exp><and_exp><literal name="exitcond_flatten" val="0"/>
</and_exp></or_exp>
</condition>

<Node id="71" bw="0" op_0_bw="0" op_1_bw="14" op_2_bw="0" op_3_bw="32" op_4_bw="32" op_5_bw="0" op_6_bw="32" op_7_bw="32" op_8_bw="0" op_9_bw="0" op_10_bw="0" op_11_bw="32" op_12_bw="32" op_13_bw="32" op_14_bw="32" op_15_bw="0" op_16_bw="0">
<![CDATA[
.reset:15  call void (...)* @_ssdm_op_SpecInterface(i32* %B_addr, [8 x i8]* @p_str18, i32 0, i32 0, [1 x i8]* @p_str29, i32 0, i32 0, [1 x i8]* @p_str29, [1 x i8]* @p_str29, [1 x i8]* @p_str29, i32 0, i32 0, i32 0, i32 0, [1 x i8]* @p_str29, [1 x i8]* @p_str29) nounwind

]]></Node>
<StgValue><ssdm name=""/></StgValue>
</operation>

<operation id="66" st_id="5" stage="1" lat="1">
<core>AddSub</core>
<MemPortIdVec></MemPortIdVec>
<condition id="0">
<or_exp><and_exp><literal name="exitcond_flatten" val="0"/>
</and_exp></or_exp>
</condition>

<Node id="73" bw="15" op_0_bw="15" op_1_bw="15">
<![CDATA[
.reset:17  %tmp_10 = add i15 %tmp_1, %tmp_6

]]></Node>
<StgValue><ssdm name="tmp_10"/></StgValue>
</operation>

<operation id="67" st_id="5" stage="1" lat="1">
<core>NULL</core>
<MemPortIdVec></MemPortIdVec>
<condition id="0">
<or_exp><and_exp><literal name="exitcond_flatten" val="0"/>
</and_exp></or_exp>
</condition>

<Node id="74" bw="64" op_0_bw="15">
<![CDATA[
.reset:18  %tmp_10_cast = zext i15 %tmp_10 to i64

]]></Node>
<StgValue><ssdm name="tmp_10_cast"/></StgValue>
</operation>

<operation id="68" st_id="5" stage="1" lat="1">
<core>NULL</core>
<MemPortIdVec></MemPortIdVec>
<condition id="0">
<or_exp><and_exp><literal name="exitcond_flatten" val="0"/>
</and_exp></or_exp>
</condition>

<Node id="75" bw="14" op_0_bw="32" op_1_bw="64" op_2_bw="64">
<![CDATA[
.reset:19  %A_addr_1 = getelementptr [10000 x i32]* %A, i64 0, i64 %tmp_10_cast

]]></Node>
<StgValue><ssdm name="A_addr_1"/></StgValue>
</operation>

<operation id="69" st_id="5" stage="1" lat="1">
<core>AddSub</core>
<MemPortIdVec></MemPortIdVec>
<condition id="0">
<or_exp><and_exp><literal name="exitcond_flatten" val="0"/>
</and_exp></or_exp>
</condition>

<Node id="76" bw="15" op_0_bw="15" op_1_bw="15">
<![CDATA[
.reset:20  %tmp_11 = add i15 %tmp_3, %tmp_6

]]></Node>
<StgValue><ssdm name="tmp_11"/></StgValue>
</operation>

<operation id="70" st_id="5" stage="1" lat="1">
<core>NULL</core>
<MemPortIdVec></MemPortIdVec>
<condition id="0">
<or_exp><and_exp><literal name="exitcond_flatten" val="0"/>
</and_exp></or_exp>
</condition>

<Node id="77" bw="64" op_0_bw="15">
<![CDATA[
.reset:21  %tmp_11_cast = sext i15 %tmp_11 to i64

]]></Node>
<StgValue><ssdm name="tmp_11_cast"/></StgValue>
</operation>

<operation id="71" st_id="5" stage="1" lat="1">
<core>NULL</core>
<MemPortIdVec></MemPortIdVec>
<condition id="0">
<or_exp><and_exp><literal name="exitcond_flatten" val="0"/>
</and_exp></or_exp>
</condition>

<Node id="78" bw="14" op_0_bw="32" op_1_bw="64" op_2_bw="64">
<![CDATA[
.reset:22  %B_addr_1 = getelementptr [10000 x i32]* %B, i64 0, i64 %tmp_11_cast

]]></Node>
<StgValue><ssdm name="B_addr_1"/></StgValue>
</operation>

<operation id="72" st_id="5" stage="2" lat="2">
<core>RAM</core>
<MemPortIdVec>0 </MemPortIdVec>
<condition id="0">
<or_exp><and_exp><literal name="exitcond_flatten" val="0"/>
</and_exp></or_exp>
</condition>

<Node id="79" bw="32" op_0_bw="14">
<![CDATA[
.reset:23  %A_load = load i32* %A_addr_1, align 4

]]></Node>
<StgValue><ssdm name="A_load"/></StgValue>
</operation>

<operation id="73" st_id="5" stage="2" lat="2">
<core>RAM</core>
<MemPortIdVec>0 </MemPortIdVec>
<condition id="0">
<or_exp><and_exp><literal name="exitcond_flatten" val="0"/>
</and_exp></or_exp>
</condition>

<Node id="80" bw="32" op_0_bw="14">
<![CDATA[
.reset:24  %B_load = load i32* %B_addr_1, align 4

]]></Node>
<StgValue><ssdm name="B_load"/></StgValue>
</operation>
</state>

<state id="6" st_id="6">

<operation id="74" st_id="6" stage="1" lat="2">
<core>RAM</core>
<MemPortIdVec>0 </MemPortIdVec>
<condition id="0">
<or_exp><and_exp><literal name="exitcond_flatten" val="0"/>
</and_exp></or_exp>
</condition>

<Node id="79" bw="32" op_0_bw="14">
<![CDATA[
.reset:23  %A_load = load i32* %A_addr_1, align 4

]]></Node>
<StgValue><ssdm name="A_load"/></StgValue>
</operation>

<operation id="75" st_id="6" stage="1" lat="2">
<core>RAM</core>
<MemPortIdVec>0 </MemPortIdVec>
<condition id="0">
<or_exp><and_exp><literal name="exitcond_flatten" val="0"/>
</and_exp></or_exp>
</condition>

<Node id="80" bw="32" op_0_bw="14">
<![CDATA[
.reset:24  %B_load = load i32* %B_addr_1, align 4

]]></Node>
<StgValue><ssdm name="B_load"/></StgValue>
</operation>
</state>

<state id="7" st_id="7">

<operation id="76" st_id="7" stage="1" lat="1">
<core>Mul</core>
<MemPortIdVec></MemPortIdVec>
<condition id="0">
<or_exp><and_exp><literal name="exitcond_flatten" val="0"/>
</and_exp></or_exp>
</condition>

<Node id="81" bw="32" op_0_bw="32" op_1_bw="32">
<![CDATA[
.reset:25  %tmp_7 = mul nsw i32 %B_load, %A_load

]]></Node>
<StgValue><ssdm name="tmp_7"/></StgValue>
</operation>

<operation id="77" st_id="7" stage="2" lat="2">
<core>RAM</core>
<MemPortIdVec>0 </MemPortIdVec>
<condition id="0">
<or_exp><and_exp><literal name="exitcond_flatten" val="0"/>
</and_exp></or_exp>
</condition>

<Node id="82" bw="32" op_0_bw="14">
<![CDATA[
.reset:26  %C_load = load i32* %C_addr_1, align 4

]]></Node>
<StgValue><ssdm name="C_load"/></StgValue>
</operation>
</state>

<state id="8" st_id="8">

<operation id="78" st_id="8" stage="1" lat="1">
<core>NULL</core>
<MemPortIdVec></MemPortIdVec>
<condition id="0">
<or_exp><and_exp><literal name="exitcond_flatten" val="0"/>
</and_exp></or_exp>
</condition>

<Node id="57" bw="0" op_0_bw="0" op_1_bw="32" op_2_bw="32" op_3_bw="32" op_4_bw="32" op_5_bw="0">
<![CDATA[
.reset:1  call void (...)* @_ssdm_op_SpecPipeline(i32 1, i32 1, i32 1, i32 0, [1 x i8]* @p_str29) nounwind

]]></Node>
<StgValue><ssdm name=""/></StgValue>
</operation>

<operation id="79" st_id="8" stage="1" lat="1">
<core>NULL</core>
<MemPortIdVec></MemPortIdVec>
<condition id="0">
<or_exp><and_exp><literal name="exitcond_flatten" val="0"/>
</and_exp></or_exp>
</condition>

<Node id="58" bw="0" op_0_bw="0" op_1_bw="0">
<![CDATA[
.reset:2  call void (...)* @_ssdm_op_SpecLoopName([21 x i8]* @for_c_col_for_common)

]]></Node>
<StgValue><ssdm name=""/></StgValue>
</operation>

<operation id="80" st_id="8" stage="1" lat="1">
<core>NULL</core>
<MemPortIdVec></MemPortIdVec>
<condition id="0">
<or_exp><and_exp><literal name="exitcond_flatten" val="0"/>
</and_exp></or_exp>
</condition>

<Node id="60" bw="0" op_0_bw="0" op_1_bw="32" op_2_bw="32" op_3_bw="32" op_4_bw="32" op_5_bw="0">
<![CDATA[
.reset:4  call void (...)* @_ssdm_op_SpecPipeline(i32 1, i32 1, i32 1, i32 0, [1 x i8]* @p_str29) nounwind

]]></Node>
<StgValue><ssdm name=""/></StgValue>
</operation>

<operation id="81" st_id="8" stage="1" lat="1">
<core>NULL</core>
<MemPortIdVec></MemPortIdVec>
<condition id="0">
<or_exp><and_exp><literal name="exitcond_flatten" val="0"/>
</and_exp></or_exp>
</condition>

<Node id="69" bw="0" op_0_bw="0" op_1_bw="0">
<![CDATA[
.reset:13  call void (...)* @_ssdm_op_SpecLoopName([11 x i8]* @p_str411) nounwind

]]></Node>
<StgValue><ssdm name=""/></StgValue>
</operation>

<operation id="82" st_id="8" stage="1" lat="1">
<core>NULL</core>
<MemPortIdVec></MemPortIdVec>
<condition id="0">
<or_exp><and_exp><literal name="exitcond_flatten" val="0"/>
</and_exp></or_exp>
</condition>

<Node id="70" bw="32" op_0_bw="32" op_1_bw="0">
<![CDATA[
.reset:14  %tmp_s = call i32 (...)* @_ssdm_op_SpecRegionBegin([11 x i8]* @p_str411) nounwind

]]></Node>
<StgValue><ssdm name="tmp_s"/></StgValue>
</operation>

<operation id="83" st_id="8" stage="1" lat="2">
<core>RAM</core>
<MemPortIdVec>0 </MemPortIdVec>
<condition id="0">
<or_exp><and_exp><literal name="exitcond_flatten" val="0"/>
</and_exp></or_exp>
</condition>

<Node id="82" bw="32" op_0_bw="14">
<![CDATA[
.reset:26  %C_load = load i32* %C_addr_1, align 4

]]></Node>
<StgValue><ssdm name="C_load"/></StgValue>
</operation>

<operation id="84" st_id="8" stage="1" lat="1">
<core>AddSub</core>
<MemPortIdVec></MemPortIdVec>
<condition id="0">
<or_exp><and_exp><literal name="exitcond_flatten" val="0"/>
</and_exp></or_exp>
</condition>

<Node id="83" bw="32" op_0_bw="32" op_1_bw="32">
<![CDATA[
.reset:27  %tmp_8 = add nsw i32 %tmp_7, %C_load

]]></Node>
<StgValue><ssdm name="tmp_8"/></StgValue>
</operation>

<operation id="85" st_id="8" stage="1" lat="1">
<core>RAM</core>
<MemPortIdVec>0 </MemPortIdVec>
<condition id="0">
<or_exp><and_exp><literal name="exitcond_flatten" val="0"/>
</and_exp></or_exp>
</condition>

<Node id="84" bw="0" op_0_bw="32" op_1_bw="14">
<![CDATA[
.reset:28  store i32 %tmp_8, i32* %C_addr_1, align 4

]]></Node>
<StgValue><ssdm name=""/></StgValue>
</operation>

<operation id="86" st_id="8" stage="1" lat="1">
<core>NULL</core>
<MemPortIdVec></MemPortIdVec>
<condition id="0">
<or_exp><and_exp><literal name="exitcond_flatten" val="0"/>
</and_exp></or_exp>
</condition>

<Node id="85" bw="32" op_0_bw="32" op_1_bw="0" op_2_bw="32">
<![CDATA[
.reset:29  %empty = call i32 (...)* @_ssdm_op_SpecRegionEnd([11 x i8]* @p_str411, i32 %tmp_s) nounwind

]]></Node>
<StgValue><ssdm name="empty"/></StgValue>
</operation>

<operation id="87" st_id="8" stage="1" lat="1">
<core>NULL</core>
<MemPortIdVec></MemPortIdVec>
<condition id="0">
<or_exp><and_exp><literal name="exitcond_flatten" val="0"/>
</and_exp></or_exp>
</condition>

<Node id="87" bw="0" op_0_bw="0">
<![CDATA[
.reset:31  br label %3

]]></Node>
<StgValue><ssdm name=""/></StgValue>
</operation>
</state>

<state id="9" st_id="9">

<operation id="88" st_id="9" stage="1" lat="1">
<core>NULL</core>
<MemPortIdVec></MemPortIdVec>
<condition id="29">
<or_exp><and_exp></and_exp></or_exp>
</condition>

<Node id="89" bw="32" op_0_bw="32" op_1_bw="0" op_2_bw="32">
<![CDATA[
:0  %empty_2 = call i32 (...)* @_ssdm_op_SpecRegionEnd([10 x i8]* @p_str7, i32 %tmp_4) nounwind

]]></Node>
<StgValue><ssdm name="empty_2"/></StgValue>
</operation>

<operation id="89" st_id="9" stage="1" lat="1">
<core>NULL</core>
<MemPortIdVec></MemPortIdVec>
<condition id="29">
<or_exp><and_exp></and_exp></or_exp>
</condition>

<Node id="90" bw="0" op_0_bw="0">
<![CDATA[
:1  br label %1

]]></Node>
<StgValue><ssdm name=""/></StgValue>
</operation>
</state>
</state_list>


<ports>
<port id="109" name="A" dir="0" iftype="1">
<core>RAM</core><StgValue><ssdm name="A"/><MemPortTyVec>1 3 </MemPortTyVec>
</StgValue>
</port>
<port id="110" name="B" dir="0" iftype="1">
<core>RAM</core><StgValue><ssdm name="B"/><MemPortTyVec>1 3 </MemPortTyVec>
</StgValue>
</port>
<port id="111" name="C" dir="2" iftype="1">
<core>RAM</core><StgValue><ssdm name="C"/><MemPortTyVec>2 3 </MemPortTyVec>
</StgValue>
</port>
<port id="112" name="mA" dir="0" iftype="0">
<core>NULL</core><StgValue><ssdm name="mA"/></StgValue>
</port>
<port id="113" name="nA" dir="0" iftype="0">
<core>NULL</core><StgValue><ssdm name="nA"/></StgValue>
</port>
<port id="114" name="mB" dir="0" iftype="0">
<core>NULL</core><StgValue><ssdm name="mB"/></StgValue>
</port>
<port id="115" name="nB" dir="0" iftype="0">
<core>NULL</core><StgValue><ssdm name="nB"/></StgValue>
</port>
<port id="116" name="mC" dir="0" iftype="0">
<core>NULL</core><StgValue><ssdm name="mC"/></StgValue>
</port>
<port id="117" name="nC" dir="0" iftype="0">
<core>NULL</core><StgValue><ssdm name="nC"/></StgValue>
</port>
</ports>


<dataflows>
<dataflow id="119" from="_ssdm_op_SpecBitsMap" to="StgValue_10" fromId="118" toId="10">
</dataflow>
<dataflow id="120" from="A" to="StgValue_10" fromId="109" toId="10">
</dataflow>
<dataflow id="121" from="_ssdm_op_SpecBitsMap" to="StgValue_11" fromId="118" toId="11">
</dataflow>
<dataflow id="122" from="B" to="StgValue_11" fromId="110" toId="11">
</dataflow>
<dataflow id="123" from="_ssdm_op_SpecBitsMap" to="StgValue_12" fromId="118" toId="12">
</dataflow>
<dataflow id="124" from="C" to="StgValue_12" fromId="111" toId="12">
</dataflow>
<dataflow id="125" from="_ssdm_op_SpecBitsMap" to="StgValue_13" fromId="118" toId="13">
</dataflow>
<dataflow id="126" from="mA" to="StgValue_13" fromId="112" toId="13">
</dataflow>
<dataflow id="127" from="_ssdm_op_SpecBitsMap" to="StgValue_14" fromId="118" toId="14">
</dataflow>
<dataflow id="128" from="nA" to="StgValue_14" fromId="113" toId="14">
</dataflow>
<dataflow id="129" from="_ssdm_op_SpecBitsMap" to="StgValue_15" fromId="118" toId="15">
</dataflow>
<dataflow id="130" from="mB" to="StgValue_15" fromId="114" toId="15">
</dataflow>
<dataflow id="131" from="_ssdm_op_SpecBitsMap" to="StgValue_16" fromId="118" toId="16">
</dataflow>
<dataflow id="132" from="nB" to="StgValue_16" fromId="115" toId="16">
</dataflow>
<dataflow id="133" from="_ssdm_op_SpecBitsMap" to="StgValue_17" fromId="118" toId="17">
</dataflow>
<dataflow id="134" from="mC" to="StgValue_17" fromId="116" toId="17">
</dataflow>
<dataflow id="135" from="_ssdm_op_SpecBitsMap" to="StgValue_18" fromId="118" toId="18">
</dataflow>
<dataflow id="136" from="nC" to="StgValue_18" fromId="117" toId="18">
</dataflow>
<dataflow id="138" from="_ssdm_op_SpecTopModule" to="StgValue_19" fromId="137" toId="19">
</dataflow>
<dataflow id="140" from="parta1_5_str" to="StgValue_19" fromId="139" toId="19">
</dataflow>
<dataflow id="142" from="_ssdm_op_Read.ap_auto.i32" to="nC_read" fromId="141" toId="20">
</dataflow>
<dataflow id="143" from="nC" to="nC_read" fromId="117" toId="20">
</dataflow>
<dataflow id="144" from="_ssdm_op_Read.ap_auto.i32" to="mC_read" fromId="141" toId="21">
</dataflow>
<dataflow id="145" from="mC" to="mC_read" fromId="116" toId="21">
</dataflow>
<dataflow id="146" from="_ssdm_op_Read.ap_auto.i32" to="nA_read" fromId="141" toId="22">
</dataflow>
<dataflow id="147" from="nA" to="nA_read" fromId="113" toId="22">
</dataflow>
<dataflow id="148" from="nC_read" to="cast" fromId="20" toId="23">
</dataflow>
<dataflow id="149" from="nA_read" to="cast4" fromId="22" toId="24">
</dataflow>
<dataflow id="150" from="cast4" to="bound" fromId="24" toId="25">
</dataflow>
<dataflow id="151" from="cast" to="bound" fromId="23" toId="25">
</dataflow>
<dataflow id="153" from="StgValue_152" to="i" fromId="152" toId="27">
<condition id="62">
<or_exp><and_exp></and_exp></or_exp>
</condition>
</dataflow>
<dataflow id="154" from="StgValue_26" to="i" fromId="26" toId="27">
</dataflow>
<dataflow id="155" from="i_1" to="i" fromId="34" toId="27">
<BackEdge/>
<condition id="63">
<or_exp><and_exp></and_exp></or_exp>
</condition>
</dataflow>
<dataflow id="156" from="StgValue_89" to="i" fromId="89" toId="27">
<BackEdge/>
</dataflow>
<dataflow id="158" from="StgValue_157" to="phi_mul" fromId="157" toId="28">
<condition id="64">
<or_exp><and_exp></and_exp></or_exp>
</condition>
</dataflow>
<dataflow id="159" from="StgValue_26" to="phi_mul" fromId="26" toId="28">
</dataflow>
<dataflow id="160" from="next_mul" to="phi_mul" fromId="31" toId="28">
<BackEdge/>
<condition id="65">
<or_exp><and_exp></and_exp></or_exp>
</condition>
</dataflow>
<dataflow id="161" from="StgValue_89" to="phi_mul" fromId="89" toId="28">
<BackEdge/>
</dataflow>
<dataflow id="162" from="phi_mul" to="tmp_1" fromId="28" toId="29">
</dataflow>
<dataflow id="163" from="phi_mul" to="phi_mul_cast" fromId="28" toId="30">
</dataflow>
<dataflow id="165" from="StgValue_164" to="next_mul" fromId="164" toId="31">
</dataflow>
<dataflow id="166" from="phi_mul" to="next_mul" fromId="28" toId="31">
</dataflow>
<dataflow id="167" from="i" to="i_cast" fromId="27" toId="32">
</dataflow>
<dataflow id="168" from="i_cast" to="tmp" fromId="32" toId="33">
</dataflow>
<dataflow id="169" from="mC_read" to="tmp" fromId="21" toId="33">
</dataflow>
<dataflow id="171" from="StgValue_170" to="i_1" fromId="170" toId="34">
</dataflow>
<dataflow id="172" from="i" to="i_1" fromId="27" toId="34">
</dataflow>
<dataflow id="173" from="tmp" to="StgValue_35" fromId="33" toId="35">
</dataflow>
<dataflow id="175" from="_ssdm_op_SpecLoopName" to="StgValue_36" fromId="174" toId="36">
</dataflow>
<dataflow id="177" from="p_str7" to="StgValue_36" fromId="176" toId="36">
</dataflow>
<dataflow id="179" from="_ssdm_op_SpecRegionBegin" to="tmp_4" fromId="178" toId="37">
</dataflow>
<dataflow id="180" from="p_str7" to="tmp_4" fromId="176" toId="37">
</dataflow>
<dataflow id="181" from="A" to="A_addr" fromId="109" toId="38">
</dataflow>
<dataflow id="183" from="StgValue_182" to="A_addr" fromId="182" toId="38">
</dataflow>
<dataflow id="184" from="phi_mul_cast" to="A_addr" fromId="30" toId="38">
</dataflow>
<dataflow id="185" from="C" to="C_addr" fromId="111" toId="39">
</dataflow>
<dataflow id="186" from="StgValue_182" to="C_addr" fromId="182" toId="39">
</dataflow>
<dataflow id="187" from="phi_mul_cast" to="C_addr" fromId="30" toId="39">
</dataflow>
<dataflow id="189" from="_ssdm_op_SpecInterface" to="StgValue_40" fromId="188" toId="40">
</dataflow>
<dataflow id="190" from="C_addr" to="StgValue_40" fromId="39" toId="40">
</dataflow>
<dataflow id="192" from="p_str18" to="StgValue_40" fromId="191" toId="40">
</dataflow>
<dataflow id="194" from="StgValue_193" to="StgValue_40" fromId="193" toId="40">
</dataflow>
<dataflow id="195" from="StgValue_193" to="StgValue_40" fromId="193" toId="40">
</dataflow>
<dataflow id="197" from="p_str29" to="StgValue_40" fromId="196" toId="40">
</dataflow>
<dataflow id="198" from="StgValue_193" to="StgValue_40" fromId="193" toId="40">
</dataflow>
<dataflow id="199" from="StgValue_193" to="StgValue_40" fromId="193" toId="40">
</dataflow>
<dataflow id="200" from="p_str29" to="StgValue_40" fromId="196" toId="40">
</dataflow>
<dataflow id="201" from="p_str29" to="StgValue_40" fromId="196" toId="40">
</dataflow>
<dataflow id="202" from="p_str29" to="StgValue_40" fromId="196" toId="40">
</dataflow>
<dataflow id="203" from="StgValue_193" to="StgValue_40" fromId="193" toId="40">
</dataflow>
<dataflow id="204" from="StgValue_193" to="StgValue_40" fromId="193" toId="40">
</dataflow>
<dataflow id="205" from="StgValue_193" to="StgValue_40" fromId="193" toId="40">
</dataflow>
<dataflow id="206" from="StgValue_193" to="StgValue_40" fromId="193" toId="40">
</dataflow>
<dataflow id="207" from="p_str29" to="StgValue_40" fromId="196" toId="40">
</dataflow>
<dataflow id="208" from="p_str29" to="StgValue_40" fromId="196" toId="40">
</dataflow>
<dataflow id="209" from="_ssdm_op_SpecInterface" to="StgValue_41" fromId="188" toId="41">
</dataflow>
<dataflow id="210" from="A_addr" to="StgValue_41" fromId="38" toId="41">
</dataflow>
<dataflow id="211" from="p_str18" to="StgValue_41" fromId="191" toId="41">
</dataflow>
<dataflow id="212" from="StgValue_193" to="StgValue_41" fromId="193" toId="41">
</dataflow>
<dataflow id="213" from="StgValue_193" to="StgValue_41" fromId="193" toId="41">
</dataflow>
<dataflow id="214" from="p_str29" to="StgValue_41" fromId="196" toId="41">
</dataflow>
<dataflow id="215" from="StgValue_193" to="StgValue_41" fromId="193" toId="41">
</dataflow>
<dataflow id="216" from="StgValue_193" to="StgValue_41" fromId="193" toId="41">
</dataflow>
<dataflow id="217" from="p_str29" to="StgValue_41" fromId="196" toId="41">
</dataflow>
<dataflow id="218" from="p_str29" to="StgValue_41" fromId="196" toId="41">
</dataflow>
<dataflow id="219" from="p_str29" to="StgValue_41" fromId="196" toId="41">
</dataflow>
<dataflow id="220" from="StgValue_193" to="StgValue_41" fromId="193" toId="41">
</dataflow>
<dataflow id="221" from="StgValue_193" to="StgValue_41" fromId="193" toId="41">
</dataflow>
<dataflow id="222" from="StgValue_193" to="StgValue_41" fromId="193" toId="41">
</dataflow>
<dataflow id="223" from="StgValue_193" to="StgValue_41" fromId="193" toId="41">
</dataflow>
<dataflow id="224" from="p_str29" to="StgValue_41" fromId="196" toId="41">
</dataflow>
<dataflow id="225" from="p_str29" to="StgValue_41" fromId="196" toId="41">
</dataflow>
<dataflow id="226" from="StgValue_182" to="indvar_flatten" fromId="182" toId="44">
<condition id="66">
<or_exp><and_exp><literal name="tmp" val="1"/>
</and_exp></or_exp>
</condition>
</dataflow>
<dataflow id="227" from="StgValue_42" to="indvar_flatten" fromId="42" toId="44">
</dataflow>
<dataflow id="228" from="indvar_flatten_next" to="indvar_flatten" fromId="51" toId="44">
<BackEdge/>
<condition id="67">
<or_exp><and_exp><literal name="exitcond_flatten" val="0"/>
</and_exp></or_exp>
</condition>
</dataflow>
<dataflow id="229" from="StgValue_87" to="indvar_flatten" fromId="87" toId="44">
<BackEdge/>
</dataflow>
<dataflow id="230" from="StgValue_152" to="j" fromId="152" toId="45">
<condition id="68">
<or_exp><and_exp><literal name="tmp" val="1"/>
</and_exp></or_exp>
</condition>
</dataflow>
<dataflow id="231" from="StgValue_42" to="j" fromId="42" toId="45">
</dataflow>
<dataflow id="232" from="tmp_3_mid2_v" to="j" fromId="55" toId="45">
<BackEdge/>
<condition id="69">
<or_exp><and_exp><literal name="exitcond_flatten" val="0"/>
</and_exp></or_exp>
</condition>
</dataflow>
<dataflow id="233" from="StgValue_87" to="j" fromId="87" toId="45">
<BackEdge/>
</dataflow>
<dataflow id="234" from="StgValue_152" to="k" fromId="152" toId="46">
<condition id="70">
<or_exp><and_exp><literal name="tmp" val="1"/>
</and_exp></or_exp>
</condition>
</dataflow>
<dataflow id="235" from="StgValue_42" to="k" fromId="42" toId="46">
</dataflow>
<dataflow id="236" from="k_1" to="k" fromId="62" toId="46">
<BackEdge/>
<condition id="71">
<or_exp><and_exp><literal name="exitcond_flatten" val="0"/>
</and_exp></or_exp>
</condition>
</dataflow>
<dataflow id="237" from="StgValue_87" to="k" fromId="87" toId="46">
<BackEdge/>
</dataflow>
<dataflow id="239" from="_ssdm_op_SpecPipeline" to="StgValue_47" fromId="238" toId="47">
</dataflow>
<dataflow id="241" from="StgValue_240" to="StgValue_47" fromId="240" toId="47">
</dataflow>
<dataflow id="242" from="StgValue_240" to="StgValue_47" fromId="240" toId="47">
</dataflow>
<dataflow id="243" from="StgValue_240" to="StgValue_47" fromId="240" toId="47">
</dataflow>
<dataflow id="244" from="StgValue_193" to="StgValue_47" fromId="193" toId="47">
</dataflow>
<dataflow id="245" from="p_str29" to="StgValue_47" fromId="196" toId="47">
</dataflow>
<dataflow id="246" from="k" to="k_cast" fromId="46" toId="48">
</dataflow>
<dataflow id="247" from="k_cast" to="tmp_5" fromId="48" toId="49">
</dataflow>
<dataflow id="248" from="nA_read" to="tmp_5" fromId="22" toId="49">
</dataflow>
<dataflow id="249" from="indvar_flatten" to="exitcond_flatten" fromId="44" toId="50">
</dataflow>
<dataflow id="250" from="bound" to="exitcond_flatten" fromId="25" toId="50">
</dataflow>
<dataflow id="251" from="indvar_flatten" to="indvar_flatten_next" fromId="44" toId="51">
</dataflow>
<dataflow id="253" from="StgValue_252" to="indvar_flatten_next" fromId="252" toId="51">
</dataflow>
<dataflow id="254" from="exitcond_flatten" to="StgValue_52" fromId="50" toId="52">
</dataflow>
<dataflow id="255" from="StgValue_170" to="j_1" fromId="170" toId="53">
</dataflow>
<dataflow id="256" from="j" to="j_1" fromId="45" toId="53">
</dataflow>
<dataflow id="257" from="tmp_5" to="k_mid2" fromId="49" toId="54">
</dataflow>
<dataflow id="258" from="k" to="k_mid2" fromId="46" toId="54">
</dataflow>
<dataflow id="259" from="StgValue_152" to="k_mid2" fromId="152" toId="54">
</dataflow>
<dataflow id="260" from="tmp_5" to="tmp_3_mid2_v" fromId="49" toId="55">
</dataflow>
<dataflow id="261" from="j" to="tmp_3_mid2_v" fromId="45" toId="55">
</dataflow>
<dataflow id="262" from="j_1" to="tmp_3_mid2_v" fromId="53" toId="55">
</dataflow>
<dataflow id="263" from="tmp_3_mid2_v" to="tmp_2" fromId="55" toId="56">
</dataflow>
<dataflow id="264" from="k_mid2" to="tmp_6" fromId="54" toId="57">
</dataflow>
<dataflow id="266" from="StgValue_265" to="tmp_3" fromId="265" toId="58">
</dataflow>
<dataflow id="267" from="tmp_2" to="tmp_3" fromId="56" toId="58">
</dataflow>
<dataflow id="268" from="tmp_1" to="tmp_9" fromId="29" toId="59">
</dataflow>
<dataflow id="269" from="tmp_2" to="tmp_9" fromId="56" toId="59">
</dataflow>
<dataflow id="270" from="tmp_9" to="tmp_9_cast" fromId="59" toId="60">
</dataflow>
<dataflow id="271" from="C" to="C_addr_1" fromId="111" toId="61">
</dataflow>
<dataflow id="272" from="StgValue_182" to="C_addr_1" fromId="182" toId="61">
</dataflow>
<dataflow id="273" from="tmp_9_cast" to="C_addr_1" fromId="60" toId="61">
</dataflow>
<dataflow id="274" from="StgValue_170" to="k_1" fromId="170" toId="62">
</dataflow>
<dataflow id="275" from="k_mid2" to="k_1" fromId="54" toId="62">
</dataflow>
<dataflow id="276" from="tmp_3" to="tmp_3_cast" fromId="58" toId="63">
</dataflow>
<dataflow id="277" from="B" to="B_addr" fromId="110" toId="64">
</dataflow>
<dataflow id="278" from="StgValue_182" to="B_addr" fromId="182" toId="64">
</dataflow>
<dataflow id="279" from="tmp_3_cast" to="B_addr" fromId="63" toId="64">
</dataflow>
<dataflow id="280" from="_ssdm_op_SpecInterface" to="StgValue_65" fromId="188" toId="65">
</dataflow>
<dataflow id="281" from="B_addr" to="StgValue_65" fromId="64" toId="65">
</dataflow>
<dataflow id="282" from="p_str18" to="StgValue_65" fromId="191" toId="65">
</dataflow>
<dataflow id="283" from="StgValue_193" to="StgValue_65" fromId="193" toId="65">
</dataflow>
<dataflow id="284" from="StgValue_193" to="StgValue_65" fromId="193" toId="65">
</dataflow>
<dataflow id="285" from="p_str29" to="StgValue_65" fromId="196" toId="65">
</dataflow>
<dataflow id="286" from="StgValue_193" to="StgValue_65" fromId="193" toId="65">
</dataflow>
<dataflow id="287" from="StgValue_193" to="StgValue_65" fromId="193" toId="65">
</dataflow>
<dataflow id="288" from="p_str29" to="StgValue_65" fromId="196" toId="65">
</dataflow>
<dataflow id="289" from="p_str29" to="StgValue_65" fromId="196" toId="65">
</dataflow>
<dataflow id="290" from="p_str29" to="StgValue_65" fromId="196" toId="65">
</dataflow>
<dataflow id="291" from="StgValue_193" to="StgValue_65" fromId="193" toId="65">
</dataflow>
<dataflow id="292" from="StgValue_193" to="StgValue_65" fromId="193" toId="65">
</dataflow>
<dataflow id="293" from="StgValue_193" to="StgValue_65" fromId="193" toId="65">
</dataflow>
<dataflow id="294" from="StgValue_193" to="StgValue_65" fromId="193" toId="65">
</dataflow>
<dataflow id="295" from="p_str29" to="StgValue_65" fromId="196" toId="65">
</dataflow>
<dataflow id="296" from="p_str29" to="StgValue_65" fromId="196" toId="65">
</dataflow>
<dataflow id="297" from="tmp_1" to="tmp_10" fromId="29" toId="66">
</dataflow>
<dataflow id="298" from="tmp_6" to="tmp_10" fromId="57" toId="66">
</dataflow>
<dataflow id="299" from="tmp_10" to="tmp_10_cast" fromId="66" toId="67">
</dataflow>
<dataflow id="300" from="A" to="A_addr_1" fromId="109" toId="68">
</dataflow>
<dataflow id="301" from="StgValue_182" to="A_addr_1" fromId="182" toId="68">
</dataflow>
<dataflow id="302" from="tmp_10_cast" to="A_addr_1" fromId="67" toId="68">
</dataflow>
<dataflow id="303" from="tmp_3" to="tmp_11" fromId="58" toId="69">
</dataflow>
<dataflow id="304" from="tmp_6" to="tmp_11" fromId="57" toId="69">
</dataflow>
<dataflow id="305" from="tmp_11" to="tmp_11_cast" fromId="69" toId="70">
</dataflow>
<dataflow id="306" from="B" to="B_addr_1" fromId="110" toId="71">
</dataflow>
<dataflow id="307" from="StgValue_182" to="B_addr_1" fromId="182" toId="71">
</dataflow>
<dataflow id="308" from="tmp_11_cast" to="B_addr_1" fromId="70" toId="71">
</dataflow>
<dataflow id="309" from="A_addr_1" to="A_load" fromId="68" toId="72">
</dataflow>
<dataflow id="310" from="B_addr_1" to="B_load" fromId="71" toId="73">
</dataflow>
<dataflow id="311" from="A_addr_1" to="A_load" fromId="68" toId="74">
</dataflow>
<dataflow id="312" from="B_addr_1" to="B_load" fromId="71" toId="75">
</dataflow>
<dataflow id="313" from="B_load" to="tmp_7" fromId="75" toId="76">
</dataflow>
<dataflow id="314" from="A_load" to="tmp_7" fromId="74" toId="76">
</dataflow>
<dataflow id="315" from="C_addr_1" to="C_load" fromId="61" toId="77">
</dataflow>
<dataflow id="316" from="_ssdm_op_SpecPipeline" to="StgValue_78" fromId="238" toId="78">
</dataflow>
<dataflow id="317" from="StgValue_240" to="StgValue_78" fromId="240" toId="78">
</dataflow>
<dataflow id="318" from="StgValue_240" to="StgValue_78" fromId="240" toId="78">
</dataflow>
<dataflow id="319" from="StgValue_240" to="StgValue_78" fromId="240" toId="78">
</dataflow>
<dataflow id="320" from="StgValue_193" to="StgValue_78" fromId="193" toId="78">
</dataflow>
<dataflow id="321" from="p_str29" to="StgValue_78" fromId="196" toId="78">
</dataflow>
<dataflow id="322" from="_ssdm_op_SpecLoopName" to="StgValue_79" fromId="174" toId="79">
</dataflow>
<dataflow id="324" from="for_c_col_for_common" to="StgValue_79" fromId="323" toId="79">
</dataflow>
<dataflow id="325" from="_ssdm_op_SpecPipeline" to="StgValue_80" fromId="238" toId="80">
</dataflow>
<dataflow id="326" from="StgValue_240" to="StgValue_80" fromId="240" toId="80">
</dataflow>
<dataflow id="327" from="StgValue_240" to="StgValue_80" fromId="240" toId="80">
</dataflow>
<dataflow id="328" from="StgValue_240" to="StgValue_80" fromId="240" toId="80">
</dataflow>
<dataflow id="329" from="StgValue_193" to="StgValue_80" fromId="193" toId="80">
</dataflow>
<dataflow id="330" from="p_str29" to="StgValue_80" fromId="196" toId="80">
</dataflow>
<dataflow id="331" from="_ssdm_op_SpecLoopName" to="StgValue_81" fromId="174" toId="81">
</dataflow>
<dataflow id="333" from="p_str411" to="StgValue_81" fromId="332" toId="81">
</dataflow>
<dataflow id="334" from="_ssdm_op_SpecRegionBegin" to="tmp_s" fromId="178" toId="82">
</dataflow>
<dataflow id="335" from="p_str411" to="tmp_s" fromId="332" toId="82">
</dataflow>
<dataflow id="336" from="C_addr_1" to="C_load" fromId="61" toId="83">
</dataflow>
<dataflow id="337" from="tmp_7" to="tmp_8" fromId="76" toId="84">
</dataflow>
<dataflow id="338" from="C_load" to="tmp_8" fromId="83" toId="84">
</dataflow>
<dataflow id="339" from="tmp_8" to="StgValue_85" fromId="84" toId="85">
</dataflow>
<dataflow id="340" from="C_addr_1" to="StgValue_85" fromId="61" toId="85">
</dataflow>
<dataflow id="342" from="_ssdm_op_SpecRegionEnd" to="empty" fromId="341" toId="86">
</dataflow>
<dataflow id="343" from="p_str411" to="empty" fromId="332" toId="86">
</dataflow>
<dataflow id="344" from="tmp_s" to="empty" fromId="82" toId="86">
</dataflow>
<dataflow id="345" from="_ssdm_op_SpecRegionEnd" to="empty_2" fromId="341" toId="88">
</dataflow>
<dataflow id="346" from="p_str7" to="empty_2" fromId="176" toId="88">
</dataflow>
<dataflow id="347" from="tmp_4" to="empty_2" fromId="37" toId="88">
</dataflow>
<dataflow id="348" from="tmp" to="StgValue_2" fromId="33" toId="2">
</dataflow>
<dataflow id="349" from="exitcond_flatten" to="StgValue_3" fromId="50" toId="3">
</dataflow>
<dataflow id="350" from="exitcond_flatten" to="StgValue_4" fromId="50" toId="4">
</dataflow>
<dataflow id="351" from="exitcond_flatten" to="StgValue_5" fromId="50" toId="5">
</dataflow>
<dataflow id="352" from="exitcond_flatten" to="StgValue_6" fromId="50" toId="6">
</dataflow>
<dataflow id="353" from="exitcond_flatten" to="StgValue_7" fromId="50" toId="7">
</dataflow>
<dataflow id="354" from="exitcond_flatten" to="StgValue_8" fromId="50" toId="8">
</dataflow>
<dataflow id="355" from="tmp" to="StgValue_3" fromId="33" toId="3">
</dataflow>
<dataflow id="356" from="tmp" to="StgValue_4" fromId="33" toId="4">
</dataflow>
<dataflow id="357" from="tmp" to="StgValue_5" fromId="33" toId="5">
</dataflow>
<dataflow id="358" from="tmp" to="StgValue_6" fromId="33" toId="6">
</dataflow>
<dataflow id="359" from="tmp" to="StgValue_7" fromId="33" toId="7">
</dataflow>
<dataflow id="360" from="tmp" to="StgValue_8" fromId="33" toId="8">
</dataflow>
</dataflows>


</stg>
