<stg><name>unop_mm</name>


<trans_list>

<trans id="75" from="1" to="2">
<condition id="20">
<or_exp><and_exp></and_exp></or_exp>
</condition>
</trans>

<trans id="76" from="2" to="3">
<condition id="22">
<or_exp><and_exp><literal name="tmp" val="1"/>
</and_exp></or_exp>
</condition>
</trans>

<trans id="77" from="3" to="4">
<condition id="24">
<or_exp><and_exp><literal name="tmp_3" val="1"/>
</and_exp></or_exp>
</condition>
</trans>

<trans id="84" from="3" to="2">
<condition id="34">
<or_exp><and_exp><literal name="tmp_3" val="0"/>
</and_exp></or_exp>
</condition>
</trans>

<trans id="78" from="4" to="5">
<condition id="25">
<or_exp><and_exp><literal name="tmp_7" val="1"/>
</and_exp></or_exp>
</condition>
</trans>

<trans id="83" from="4" to="3">
<condition id="32">
<or_exp><and_exp><literal name="tmp_7" val="0"/>
</and_exp></or_exp>
</condition>
</trans>

<trans id="80" from="5" to="6">
<condition id="27">
<or_exp><and_exp></and_exp></or_exp>
</condition>
</trans>

<trans id="81" from="6" to="7">
<condition id="28">
<or_exp><and_exp></and_exp></or_exp>
</condition>
</trans>

<trans id="82" from="7" to="4">
<condition id="30">
<or_exp><and_exp></and_exp></or_exp>
</condition>
</trans>
</trans_list>



<state_list>

<state id="1" st_id="1">

<operation id="8" st_id="1" stage="1" lat="1">
<core>NULL</core>
<MemPortIdVec></MemPortIdVec>
<condition id="0">
<or_exp><and_exp></and_exp></or_exp>
</condition>

<Node id="10" bw="0" op_0_bw="0" op_1_bw="32">
<![CDATA[
:0  call void (...)* @_ssdm_op_SpecBitsMap([10000 x i32]* %A) nounwind, !map !7

]]></Node>
<StgValue><ssdm name=""/></StgValue>
</operation>

<operation id="9" st_id="1" stage="1" lat="1">
<core>NULL</core>
<MemPortIdVec></MemPortIdVec>
<condition id="0">
<or_exp><and_exp></and_exp></or_exp>
</condition>

<Node id="11" bw="0" op_0_bw="0" op_1_bw="32">
<![CDATA[
:1  call void (...)* @_ssdm_op_SpecBitsMap([10000 x i32]* %B) nounwind, !map !13

]]></Node>
<StgValue><ssdm name=""/></StgValue>
</operation>

<operation id="10" st_id="1" stage="1" lat="1">
<core>NULL</core>
<MemPortIdVec></MemPortIdVec>
<condition id="0">
<or_exp><and_exp></and_exp></or_exp>
</condition>

<Node id="12" bw="0" op_0_bw="0" op_1_bw="32">
<![CDATA[
:2  call void (...)* @_ssdm_op_SpecBitsMap([10000 x i32]* %C) nounwind, !map !17

]]></Node>
<StgValue><ssdm name=""/></StgValue>
</operation>

<operation id="11" st_id="1" stage="1" lat="1">
<core>NULL</core>
<MemPortIdVec></MemPortIdVec>
<condition id="0">
<or_exp><and_exp></and_exp></or_exp>
</condition>

<Node id="13" bw="0" op_0_bw="0" op_1_bw="32">
<![CDATA[
:3  call void (...)* @_ssdm_op_SpecBitsMap(i32 %mA) nounwind, !map !21

]]></Node>
<StgValue><ssdm name=""/></StgValue>
</operation>

<operation id="12" st_id="1" stage="1" lat="1">
<core>NULL</core>
<MemPortIdVec></MemPortIdVec>
<condition id="0">
<or_exp><and_exp></and_exp></or_exp>
</condition>

<Node id="14" bw="0" op_0_bw="0" op_1_bw="32">
<![CDATA[
:4  call void (...)* @_ssdm_op_SpecBitsMap(i32 %nA) nounwind, !map !27

]]></Node>
<StgValue><ssdm name=""/></StgValue>
</operation>

<operation id="13" st_id="1" stage="1" lat="1">
<core>NULL</core>
<MemPortIdVec></MemPortIdVec>
<condition id="0">
<or_exp><and_exp></and_exp></or_exp>
</condition>

<Node id="15" bw="0" op_0_bw="0" op_1_bw="32">
<![CDATA[
:5  call void (...)* @_ssdm_op_SpecBitsMap(i32 %mB) nounwind, !map !31

]]></Node>
<StgValue><ssdm name=""/></StgValue>
</operation>

<operation id="14" st_id="1" stage="1" lat="1">
<core>NULL</core>
<MemPortIdVec></MemPortIdVec>
<condition id="0">
<or_exp><and_exp></and_exp></or_exp>
</condition>

<Node id="16" bw="0" op_0_bw="0" op_1_bw="32">
<![CDATA[
:6  call void (...)* @_ssdm_op_SpecBitsMap(i32 %nB) nounwind, !map !35

]]></Node>
<StgValue><ssdm name=""/></StgValue>
</operation>

<operation id="15" st_id="1" stage="1" lat="1">
<core>NULL</core>
<MemPortIdVec></MemPortIdVec>
<condition id="0">
<or_exp><and_exp></and_exp></or_exp>
</condition>

<Node id="17" bw="0" op_0_bw="0" op_1_bw="32">
<![CDATA[
:7  call void (...)* @_ssdm_op_SpecBitsMap(i32 %mC) nounwind, !map !39

]]></Node>
<StgValue><ssdm name=""/></StgValue>
</operation>

<operation id="16" st_id="1" stage="1" lat="1">
<core>NULL</core>
<MemPortIdVec></MemPortIdVec>
<condition id="0">
<or_exp><and_exp></and_exp></or_exp>
</condition>

<Node id="18" bw="0" op_0_bw="0" op_1_bw="32">
<![CDATA[
:8  call void (...)* @_ssdm_op_SpecBitsMap(i32 %nC) nounwind, !map !43

]]></Node>
<StgValue><ssdm name=""/></StgValue>
</operation>

<operation id="17" st_id="1" stage="1" lat="1">
<core>NULL</core>
<MemPortIdVec></MemPortIdVec>
<condition id="0">
<or_exp><and_exp></and_exp></or_exp>
</condition>

<Node id="19" bw="0" op_0_bw="0" op_1_bw="0">
<![CDATA[
:9  call void (...)* @_ssdm_op_SpecTopModule([8 x i8]* @unop_mm_str) nounwind

]]></Node>
<StgValue><ssdm name=""/></StgValue>
</operation>

<operation id="18" st_id="1" stage="1" lat="1">
<core>NULL</core>
<MemPortIdVec></MemPortIdVec>
<condition id="0">
<or_exp><and_exp></and_exp></or_exp>
</condition>

<Node id="20" bw="32" op_0_bw="32" op_1_bw="32">
<![CDATA[
:10  %nC_read = call i32 @_ssdm_op_Read.ap_auto.i32(i32 %nC) nounwind

]]></Node>
<StgValue><ssdm name="nC_read"/></StgValue>
</operation>

<operation id="19" st_id="1" stage="1" lat="1">
<core>NULL</core>
<MemPortIdVec></MemPortIdVec>
<condition id="0">
<or_exp><and_exp></and_exp></or_exp>
</condition>

<Node id="21" bw="32" op_0_bw="32" op_1_bw="32">
<![CDATA[
:11  %mC_read = call i32 @_ssdm_op_Read.ap_auto.i32(i32 %mC) nounwind

]]></Node>
<StgValue><ssdm name="mC_read"/></StgValue>
</operation>

<operation id="20" st_id="1" stage="1" lat="1">
<core>NULL</core>
<MemPortIdVec></MemPortIdVec>
<condition id="0">
<or_exp><and_exp></and_exp></or_exp>
</condition>

<Node id="22" bw="32" op_0_bw="32" op_1_bw="32">
<![CDATA[
:12  %nB_read = call i32 @_ssdm_op_Read.ap_auto.i32(i32 %nB) nounwind

]]></Node>
<StgValue><ssdm name="nB_read"/></StgValue>
</operation>

<operation id="21" st_id="1" stage="1" lat="1">
<core>NULL</core>
<MemPortIdVec></MemPortIdVec>
<condition id="0">
<or_exp><and_exp></and_exp></or_exp>
</condition>

<Node id="23" bw="32" op_0_bw="32" op_1_bw="32">
<![CDATA[
:13  %nA_read = call i32 @_ssdm_op_Read.ap_auto.i32(i32 %nA) nounwind

]]></Node>
<StgValue><ssdm name="nA_read"/></StgValue>
</operation>

<operation id="22" st_id="1" stage="1" lat="1">
<core>NULL</core>
<MemPortIdVec></MemPortIdVec>
<condition id="0">
<or_exp><and_exp></and_exp></or_exp>
</condition>

<Node id="24" bw="0" op_0_bw="0">
<![CDATA[
:14  br label %1

]]></Node>
<StgValue><ssdm name=""/></StgValue>
</operation>
</state>

<state id="2" st_id="2">

<operation id="23" st_id="2" stage="1" lat="1">
<core>NULL</core>
<MemPortIdVec></MemPortIdVec>
<condition id="1">
<or_exp><and_exp></and_exp></or_exp>
</condition>

<Node id="26" bw="31" op_0_bw="31" op_1_bw="0">
<![CDATA[
:0  %i = phi i31 [ 0, %0 ], [ %i_1, %8 ]

]]></Node>
<StgValue><ssdm name="i"/></StgValue>
</operation>

<operation id="24" st_id="2" stage="1" lat="1">
<core>NULL</core>
<MemPortIdVec></MemPortIdVec>
<condition id="1">
<or_exp><and_exp></and_exp></or_exp>
</condition>

<Node id="27" bw="32" op_0_bw="32" op_1_bw="0">
<![CDATA[
:1  %phi_mul1 = phi i32 [ 0, %0 ], [ %next_mul2, %8 ]

]]></Node>
<StgValue><ssdm name="phi_mul1"/></StgValue>
</operation>

<operation id="25" st_id="2" stage="1" lat="1">
<core>NULL</core>
<MemPortIdVec></MemPortIdVec>
<condition id="1">
<or_exp><and_exp></and_exp></or_exp>
</condition>

<Node id="28" bw="32" op_0_bw="32" op_1_bw="0">
<![CDATA[
:2  %phi_mul3 = phi i32 [ 0, %0 ], [ %next_mul4, %8 ]

]]></Node>
<StgValue><ssdm name="phi_mul3"/></StgValue>
</operation>

<operation id="26" st_id="2" stage="1" lat="1">
<core>AddSub</core>
<MemPortIdVec></MemPortIdVec>
<condition id="1">
<or_exp><and_exp></and_exp></or_exp>
</condition>

<Node id="29" bw="32" op_0_bw="32" op_1_bw="32">
<![CDATA[
:3  %next_mul4 = add i32 %phi_mul3, %nC_read

]]></Node>
<StgValue><ssdm name="next_mul4"/></StgValue>
</operation>

<operation id="27" st_id="2" stage="1" lat="1">
<core>AddSub</core>
<MemPortIdVec></MemPortIdVec>
<condition id="1">
<or_exp><and_exp></and_exp></or_exp>
</condition>

<Node id="30" bw="32" op_0_bw="32" op_1_bw="32">
<![CDATA[
:4  %next_mul2 = add i32 %phi_mul1, %nA_read

]]></Node>
<StgValue><ssdm name="next_mul2"/></StgValue>
</operation>

<operation id="28" st_id="2" stage="1" lat="1">
<core>NULL</core>
<MemPortIdVec></MemPortIdVec>
<condition id="1">
<or_exp><and_exp></and_exp></or_exp>
</condition>

<Node id="31" bw="32" op_0_bw="31">
<![CDATA[
:5  %i_cast = zext i31 %i to i32

]]></Node>
<StgValue><ssdm name="i_cast"/></StgValue>
</operation>

<operation id="29" st_id="2" stage="1" lat="1">
<core>Cmp</core>
<MemPortIdVec></MemPortIdVec>
<condition id="1">
<or_exp><and_exp></and_exp></or_exp>
</condition>

<Node id="32" bw="1" op_0_bw="32" op_1_bw="32">
<![CDATA[
:6  %tmp = icmp slt i32 %i_cast, %mC_read

]]></Node>
<StgValue><ssdm name="tmp"/></StgValue>
</operation>

<operation id="30" st_id="2" stage="1" lat="1">
<core>AddSub</core>
<MemPortIdVec></MemPortIdVec>
<condition id="1">
<or_exp><and_exp></and_exp></or_exp>
</condition>

<Node id="33" bw="31" op_0_bw="31" op_1_bw="31">
<![CDATA[
:7  %i_1 = add i31 %i, 1

]]></Node>
<StgValue><ssdm name="i_1"/></StgValue>
</operation>

<operation id="31" st_id="2" stage="1" lat="1">
<core>NULL</core>
<MemPortIdVec></MemPortIdVec>
<condition id="1">
<or_exp><and_exp></and_exp></or_exp>
</condition>

<Node id="34" bw="0" op_0_bw="1" op_1_bw="0" op_2_bw="0">
<![CDATA[
:8  br i1 %tmp, label %2, label %9

]]></Node>
<StgValue><ssdm name=""/></StgValue>
</operation>

<operation id="32" st_id="2" stage="1" lat="1">
<core>NULL</core>
<MemPortIdVec></MemPortIdVec>
<condition id="3">
<or_exp><and_exp><literal name="tmp" val="1"/>
</and_exp></or_exp>
</condition>

<Node id="36" bw="0" op_0_bw="0" op_1_bw="0">
<![CDATA[
:0  call void (...)* @_ssdm_op_SpecLoopName([10 x i8]* @p_str) nounwind

]]></Node>
<StgValue><ssdm name=""/></StgValue>
</operation>

<operation id="33" st_id="2" stage="1" lat="1">
<core>NULL</core>
<MemPortIdVec></MemPortIdVec>
<condition id="3">
<or_exp><and_exp><literal name="tmp" val="1"/>
</and_exp></or_exp>
</condition>

<Node id="37" bw="32" op_0_bw="32" op_1_bw="0">
<![CDATA[
:1  %tmp_s = call i32 (...)* @_ssdm_op_SpecRegionBegin([10 x i8]* @p_str) nounwind

]]></Node>
<StgValue><ssdm name="tmp_s"/></StgValue>
</operation>

<operation id="34" st_id="2" stage="1" lat="1">
<core>NULL</core>
<MemPortIdVec></MemPortIdVec>
<condition id="3">
<or_exp><and_exp><literal name="tmp" val="1"/>
</and_exp></or_exp>
</condition>

<Node id="38" bw="0" op_0_bw="0">
<![CDATA[
:2  br label %3

]]></Node>
<StgValue><ssdm name=""/></StgValue>
</operation>

<operation id="35" st_id="2" stage="1" lat="1">
<core>NULL</core>
<MemPortIdVec></MemPortIdVec>
<condition id="5">
<or_exp><and_exp><literal name="tmp" val="0"/>
</and_exp></or_exp>
</condition>

<Node id="82" bw="0">
<![CDATA[
:0  ret void

]]></Node>
<StgValue><ssdm name=""/></StgValue>
</operation>
</state>

<state id="3" st_id="3">

<operation id="36" st_id="3" stage="1" lat="1">
<core>NULL</core>
<MemPortIdVec></MemPortIdVec>
<condition id="6">
<or_exp><and_exp></and_exp></or_exp>
</condition>

<Node id="40" bw="31" op_0_bw="31" op_1_bw="0">
<![CDATA[
:0  %j = phi i31 [ 0, %2 ], [ %j_1, %7 ]

]]></Node>
<StgValue><ssdm name="j"/></StgValue>
</operation>

<operation id="37" st_id="3" stage="1" lat="1">
<core>NULL</core>
<MemPortIdVec></MemPortIdVec>
<condition id="6">
<or_exp><and_exp></and_exp></or_exp>
</condition>

<Node id="41" bw="32" op_0_bw="31">
<![CDATA[
:1  %j_cast = zext i31 %j to i32

]]></Node>
<StgValue><ssdm name="j_cast"/></StgValue>
</operation>

<operation id="38" st_id="3" stage="1" lat="1">
<core>Cmp</core>
<MemPortIdVec></MemPortIdVec>
<condition id="6">
<or_exp><and_exp></and_exp></or_exp>
</condition>

<Node id="42" bw="1" op_0_bw="32" op_1_bw="32">
<![CDATA[
:2  %tmp_3 = icmp slt i32 %j_cast, %nC_read

]]></Node>
<StgValue><ssdm name="tmp_3"/></StgValue>
</operation>

<operation id="39" st_id="3" stage="1" lat="1">
<core>AddSub</core>
<MemPortIdVec></MemPortIdVec>
<condition id="6">
<or_exp><and_exp></and_exp></or_exp>
</condition>

<Node id="43" bw="31" op_0_bw="31" op_1_bw="31">
<![CDATA[
:3  %j_1 = add i31 %j, 1

]]></Node>
<StgValue><ssdm name="j_1"/></StgValue>
</operation>

<operation id="40" st_id="3" stage="1" lat="1">
<core>NULL</core>
<MemPortIdVec></MemPortIdVec>
<condition id="6">
<or_exp><and_exp></and_exp></or_exp>
</condition>

<Node id="44" bw="0" op_0_bw="1" op_1_bw="0" op_2_bw="0">
<![CDATA[
:4  br i1 %tmp_3, label %4, label %8

]]></Node>
<StgValue><ssdm name=""/></StgValue>
</operation>

<operation id="41" st_id="3" stage="1" lat="1">
<core>NULL</core>
<MemPortIdVec></MemPortIdVec>
<condition id="8">
<or_exp><and_exp><literal name="tmp_3" val="1"/>
</and_exp></or_exp>
</condition>

<Node id="46" bw="0" op_0_bw="0" op_1_bw="0">
<![CDATA[
:0  call void (...)* @_ssdm_op_SpecLoopName([10 x i8]* @p_str1) nounwind

]]></Node>
<StgValue><ssdm name=""/></StgValue>
</operation>

<operation id="42" st_id="3" stage="1" lat="1">
<core>NULL</core>
<MemPortIdVec></MemPortIdVec>
<condition id="8">
<or_exp><and_exp><literal name="tmp_3" val="1"/>
</and_exp></or_exp>
</condition>

<Node id="47" bw="32" op_0_bw="32" op_1_bw="0">
<![CDATA[
:1  %tmp_1 = call i32 (...)* @_ssdm_op_SpecRegionBegin([10 x i8]* @p_str1) nounwind

]]></Node>
<StgValue><ssdm name="tmp_1"/></StgValue>
</operation>

<operation id="43" st_id="3" stage="1" lat="1">
<core>AddSub</core>
<MemPortIdVec></MemPortIdVec>
<condition id="8">
<or_exp><and_exp><literal name="tmp_3" val="1"/>
</and_exp></or_exp>
</condition>

<Node id="48" bw="32" op_0_bw="32" op_1_bw="32">
<![CDATA[
:2  %tmp_4 = add nsw i32 %j_cast, %phi_mul3

]]></Node>
<StgValue><ssdm name="tmp_4"/></StgValue>
</operation>

<operation id="44" st_id="3" stage="1" lat="1">
<core>NULL</core>
<MemPortIdVec></MemPortIdVec>
<condition id="8">
<or_exp><and_exp><literal name="tmp_3" val="1"/>
</and_exp></or_exp>
</condition>

<Node id="49" bw="64" op_0_bw="32">
<![CDATA[
:3  %tmp_5 = sext i32 %tmp_4 to i64

]]></Node>
<StgValue><ssdm name="tmp_5"/></StgValue>
</operation>

<operation id="45" st_id="3" stage="1" lat="1">
<core>NULL</core>
<MemPortIdVec></MemPortIdVec>
<condition id="8">
<or_exp><and_exp><literal name="tmp_3" val="1"/>
</and_exp></or_exp>
</condition>

<Node id="50" bw="14" op_0_bw="32" op_1_bw="64" op_2_bw="64">
<![CDATA[
:4  %C_addr = getelementptr [10000 x i32]* %C, i64 0, i64 %tmp_5

]]></Node>
<StgValue><ssdm name="C_addr"/></StgValue>
</operation>

<operation id="46" st_id="3" stage="1" lat="1">
<core>NULL</core>
<MemPortIdVec></MemPortIdVec>
<condition id="8">
<or_exp><and_exp><literal name="tmp_3" val="1"/>
</and_exp></or_exp>
</condition>

<Node id="51" bw="0" op_0_bw="0">
<![CDATA[
:5  br label %5

]]></Node>
<StgValue><ssdm name=""/></StgValue>
</operation>

<operation id="47" st_id="3" stage="1" lat="1">
<core>NULL</core>
<MemPortIdVec></MemPortIdVec>
<condition id="10">
<or_exp><and_exp><literal name="tmp_3" val="0"/>
</and_exp></or_exp>
</condition>

<Node id="79" bw="32" op_0_bw="32" op_1_bw="0" op_2_bw="32">
<![CDATA[
:0  %empty_2 = call i32 (...)* @_ssdm_op_SpecRegionEnd([10 x i8]* @p_str, i32 %tmp_s) nounwind

]]></Node>
<StgValue><ssdm name="empty_2"/></StgValue>
</operation>

<operation id="48" st_id="3" stage="1" lat="1">
<core>NULL</core>
<MemPortIdVec></MemPortIdVec>
<condition id="10">
<or_exp><and_exp><literal name="tmp_3" val="0"/>
</and_exp></or_exp>
</condition>

<Node id="80" bw="0" op_0_bw="0">
<![CDATA[
:1  br label %1

]]></Node>
<StgValue><ssdm name=""/></StgValue>
</operation>
</state>

<state id="4" st_id="4">

<operation id="49" st_id="4" stage="1" lat="1">
<core>NULL</core>
<MemPortIdVec></MemPortIdVec>
<condition id="11">
<or_exp><and_exp></and_exp></or_exp>
</condition>

<Node id="53" bw="31" op_0_bw="31" op_1_bw="0">
<![CDATA[
:0  %k = phi i31 [ 0, %4 ], [ %k_1, %6 ]

]]></Node>
<StgValue><ssdm name="k"/></StgValue>
</operation>

<operation id="50" st_id="4" stage="1" lat="1">
<core>NULL</core>
<MemPortIdVec></MemPortIdVec>
<condition id="11">
<or_exp><and_exp></and_exp></or_exp>
</condition>

<Node id="54" bw="32" op_0_bw="32" op_1_bw="0">
<![CDATA[
:1  %phi_mul = phi i32 [ 0, %4 ], [ %next_mul, %6 ]

]]></Node>
<StgValue><ssdm name="phi_mul"/></StgValue>
</operation>

<operation id="51" st_id="4" stage="1" lat="1">
<core>NULL</core>
<MemPortIdVec></MemPortIdVec>
<condition id="11">
<or_exp><and_exp></and_exp></or_exp>
</condition>

<Node id="55" bw="32" op_0_bw="31">
<![CDATA[
:2  %k_cast = zext i31 %k to i32

]]></Node>
<StgValue><ssdm name="k_cast"/></StgValue>
</operation>

<operation id="52" st_id="4" stage="1" lat="1">
<core>Cmp</core>
<MemPortIdVec></MemPortIdVec>
<condition id="11">
<or_exp><and_exp></and_exp></or_exp>
</condition>

<Node id="56" bw="1" op_0_bw="32" op_1_bw="32">
<![CDATA[
:3  %tmp_7 = icmp slt i32 %k_cast, %nA_read

]]></Node>
<StgValue><ssdm name="tmp_7"/></StgValue>
</operation>

<operation id="53" st_id="4" stage="1" lat="1">
<core>AddSub</core>
<MemPortIdVec></MemPortIdVec>
<condition id="11">
<or_exp><and_exp></and_exp></or_exp>
</condition>

<Node id="57" bw="31" op_0_bw="31" op_1_bw="31">
<![CDATA[
:4  %k_1 = add i31 %k, 1

]]></Node>
<StgValue><ssdm name="k_1"/></StgValue>
</operation>

<operation id="54" st_id="4" stage="1" lat="1">
<core>NULL</core>
<MemPortIdVec></MemPortIdVec>
<condition id="11">
<or_exp><and_exp></and_exp></or_exp>
</condition>

<Node id="58" bw="0" op_0_bw="1" op_1_bw="0" op_2_bw="0">
<![CDATA[
:5  br i1 %tmp_7, label %6, label %7

]]></Node>
<StgValue><ssdm name=""/></StgValue>
</operation>

<operation id="55" st_id="4" stage="1" lat="1">
<core>AddSub</core>
<MemPortIdVec></MemPortIdVec>
<condition id="13">
<or_exp><and_exp><literal name="tmp_7" val="1"/>
</and_exp></or_exp>
</condition>

<Node id="61" bw="32" op_0_bw="32" op_1_bw="32">
<![CDATA[
:1  %tmp_8 = add nsw i32 %k_cast, %phi_mul1

]]></Node>
<StgValue><ssdm name="tmp_8"/></StgValue>
</operation>

<operation id="56" st_id="4" stage="1" lat="1">
<core>NULL</core>
<MemPortIdVec></MemPortIdVec>
<condition id="13">
<or_exp><and_exp><literal name="tmp_7" val="1"/>
</and_exp></or_exp>
</condition>

<Node id="62" bw="64" op_0_bw="32">
<![CDATA[
:2  %tmp_9 = sext i32 %tmp_8 to i64

]]></Node>
<StgValue><ssdm name="tmp_9"/></StgValue>
</operation>

<operation id="57" st_id="4" stage="1" lat="1">
<core>NULL</core>
<MemPortIdVec></MemPortIdVec>
<condition id="13">
<or_exp><and_exp><literal name="tmp_7" val="1"/>
</and_exp></or_exp>
</condition>

<Node id="63" bw="14" op_0_bw="32" op_1_bw="64" op_2_bw="64">
<![CDATA[
:3  %A_addr = getelementptr [10000 x i32]* %A, i64 0, i64 %tmp_9

]]></Node>
<StgValue><ssdm name="A_addr"/></StgValue>
</operation>

<operation id="58" st_id="4" stage="2" lat="2">
<core>RAM</core>
<MemPortIdVec>0 </MemPortIdVec>
<condition id="13">
<or_exp><and_exp><literal name="tmp_7" val="1"/>
</and_exp></or_exp>
</condition>

<Node id="64" bw="32" op_0_bw="14">
<![CDATA[
:4  %A_load = load i32* %A_addr, align 4

]]></Node>
<StgValue><ssdm name="A_load"/></StgValue>
</operation>

<operation id="59" st_id="4" stage="1" lat="1">
<core>AddSub</core>
<MemPortIdVec></MemPortIdVec>
<condition id="13">
<or_exp><and_exp><literal name="tmp_7" val="1"/>
</and_exp></or_exp>
</condition>

<Node id="65" bw="32" op_0_bw="32" op_1_bw="32">
<![CDATA[
:5  %next_mul = add i32 %phi_mul, %nB_read

]]></Node>
<StgValue><ssdm name="next_mul"/></StgValue>
</operation>

<operation id="60" st_id="4" stage="1" lat="1">
<core>AddSub</core>
<MemPortIdVec></MemPortIdVec>
<condition id="13">
<or_exp><and_exp><literal name="tmp_7" val="1"/>
</and_exp></or_exp>
</condition>

<Node id="66" bw="32" op_0_bw="32" op_1_bw="32">
<![CDATA[
:6  %tmp_6 = add nsw i32 %phi_mul, %j_cast

]]></Node>
<StgValue><ssdm name="tmp_6"/></StgValue>
</operation>

<operation id="61" st_id="4" stage="1" lat="1">
<core>NULL</core>
<MemPortIdVec></MemPortIdVec>
<condition id="13">
<or_exp><and_exp><literal name="tmp_7" val="1"/>
</and_exp></or_exp>
</condition>

<Node id="67" bw="64" op_0_bw="32">
<![CDATA[
:7  %tmp_2 = sext i32 %tmp_6 to i64

]]></Node>
<StgValue><ssdm name="tmp_2"/></StgValue>
</operation>

<operation id="62" st_id="4" stage="1" lat="1">
<core>NULL</core>
<MemPortIdVec></MemPortIdVec>
<condition id="13">
<or_exp><and_exp><literal name="tmp_7" val="1"/>
</and_exp></or_exp>
</condition>

<Node id="68" bw="14" op_0_bw="32" op_1_bw="64" op_2_bw="64">
<![CDATA[
:8  %B_addr = getelementptr [10000 x i32]* %B, i64 0, i64 %tmp_2

]]></Node>
<StgValue><ssdm name="B_addr"/></StgValue>
</operation>

<operation id="63" st_id="4" stage="2" lat="2">
<core>RAM</core>
<MemPortIdVec>0 </MemPortIdVec>
<condition id="13">
<or_exp><and_exp><literal name="tmp_7" val="1"/>
</and_exp></or_exp>
</condition>

<Node id="69" bw="32" op_0_bw="14">
<![CDATA[
:9  %B_load = load i32* %B_addr, align 4

]]></Node>
<StgValue><ssdm name="B_load"/></StgValue>
</operation>

<operation id="64" st_id="4" stage="1" lat="1">
<core>NULL</core>
<MemPortIdVec></MemPortIdVec>
<condition id="15">
<or_exp><and_exp><literal name="tmp_7" val="0"/>
</and_exp></or_exp>
</condition>

<Node id="76" bw="32" op_0_bw="32" op_1_bw="0" op_2_bw="32">
<![CDATA[
:0  %empty = call i32 (...)* @_ssdm_op_SpecRegionEnd([10 x i8]* @p_str1, i32 %tmp_1) nounwind

]]></Node>
<StgValue><ssdm name="empty"/></StgValue>
</operation>

<operation id="65" st_id="4" stage="1" lat="1">
<core>NULL</core>
<MemPortIdVec></MemPortIdVec>
<condition id="15">
<or_exp><and_exp><literal name="tmp_7" val="0"/>
</and_exp></or_exp>
</condition>

<Node id="77" bw="0" op_0_bw="0">
<![CDATA[
:1  br label %3

]]></Node>
<StgValue><ssdm name=""/></StgValue>
</operation>
</state>

<state id="5" st_id="5">

<operation id="66" st_id="5" stage="1" lat="2">
<core>RAM</core>
<MemPortIdVec>0 </MemPortIdVec>
<condition id="16">
<or_exp><and_exp></and_exp></or_exp>
</condition>

<Node id="64" bw="32" op_0_bw="14">
<![CDATA[
:4  %A_load = load i32* %A_addr, align 4

]]></Node>
<StgValue><ssdm name="A_load"/></StgValue>
</operation>

<operation id="67" st_id="5" stage="1" lat="2">
<core>RAM</core>
<MemPortIdVec>0 </MemPortIdVec>
<condition id="16">
<or_exp><and_exp></and_exp></or_exp>
</condition>

<Node id="69" bw="32" op_0_bw="14">
<![CDATA[
:9  %B_load = load i32* %B_addr, align 4

]]></Node>
<StgValue><ssdm name="B_load"/></StgValue>
</operation>

<operation id="68" st_id="5" stage="2" lat="2">
<core>RAM</core>
<MemPortIdVec>0 </MemPortIdVec>
<condition id="16">
<or_exp><and_exp></and_exp></or_exp>
</condition>

<Node id="71" bw="32" op_0_bw="14">
<![CDATA[
:11  %C_load = load i32* %C_addr, align 4

]]></Node>
<StgValue><ssdm name="C_load"/></StgValue>
</operation>
</state>

<state id="6" st_id="6">

<operation id="69" st_id="6" stage="1" lat="1">
<core>Mul</core>
<MemPortIdVec></MemPortIdVec>
<condition id="17">
<or_exp><and_exp></and_exp></or_exp>
</condition>

<Node id="70" bw="32" op_0_bw="32" op_1_bw="32">
<![CDATA[
:10  %tmp_10 = mul nsw i32 %B_load, %A_load

]]></Node>
<StgValue><ssdm name="tmp_10"/></StgValue>
</operation>

<operation id="70" st_id="6" stage="1" lat="2">
<core>RAM</core>
<MemPortIdVec>0 </MemPortIdVec>
<condition id="17">
<or_exp><and_exp></and_exp></or_exp>
</condition>

<Node id="71" bw="32" op_0_bw="14">
<![CDATA[
:11  %C_load = load i32* %C_addr, align 4

]]></Node>
<StgValue><ssdm name="C_load"/></StgValue>
</operation>
</state>

<state id="7" st_id="7">

<operation id="71" st_id="7" stage="1" lat="1">
<core>NULL</core>
<MemPortIdVec></MemPortIdVec>
<condition id="18">
<or_exp><and_exp></and_exp></or_exp>
</condition>

<Node id="60" bw="0" op_0_bw="0" op_1_bw="0">
<![CDATA[
:0  call void (...)* @_ssdm_op_SpecLoopName([11 x i8]* @p_str2) nounwind

]]></Node>
<StgValue><ssdm name=""/></StgValue>
</operation>

<operation id="72" st_id="7" stage="1" lat="1">
<core>AddSub</core>
<MemPortIdVec></MemPortIdVec>
<condition id="18">
<or_exp><and_exp></and_exp></or_exp>
</condition>

<Node id="72" bw="32" op_0_bw="32" op_1_bw="32">
<![CDATA[
:12  %tmp_11 = add nsw i32 %C_load, %tmp_10

]]></Node>
<StgValue><ssdm name="tmp_11"/></StgValue>
</operation>

<operation id="73" st_id="7" stage="1" lat="1">
<core>RAM</core>
<MemPortIdVec>0 </MemPortIdVec>
<condition id="18">
<or_exp><and_exp></and_exp></or_exp>
</condition>

<Node id="73" bw="0" op_0_bw="32" op_1_bw="14">
<![CDATA[
:13  store i32 %tmp_11, i32* %C_addr, align 4

]]></Node>
<StgValue><ssdm name=""/></StgValue>
</operation>

<operation id="74" st_id="7" stage="1" lat="1">
<core>NULL</core>
<MemPortIdVec></MemPortIdVec>
<condition id="18">
<or_exp><and_exp></and_exp></or_exp>
</condition>

<Node id="74" bw="0" op_0_bw="0">
<![CDATA[
:14  br label %5

]]></Node>
<StgValue><ssdm name=""/></StgValue>
</operation>
</state>
</state_list>


<ports>
<port id="85" name="A" dir="0" iftype="1">
<core>RAM</core><StgValue><ssdm name="A"/><MemPortTyVec>1 3 </MemPortTyVec>
</StgValue>
</port>
<port id="86" name="B" dir="0" iftype="1">
<core>RAM</core><StgValue><ssdm name="B"/><MemPortTyVec>1 3 </MemPortTyVec>
</StgValue>
</port>
<port id="87" name="C" dir="2" iftype="1">
<core>RAM</core><StgValue><ssdm name="C"/><MemPortTyVec>2 3 </MemPortTyVec>
</StgValue>
</port>
<port id="88" name="mA" dir="0" iftype="0">
<core>NULL</core><StgValue><ssdm name="mA"/></StgValue>
</port>
<port id="89" name="nA" dir="0" iftype="0">
<core>NULL</core><StgValue><ssdm name="nA"/></StgValue>
</port>
<port id="90" name="mB" dir="0" iftype="0">
<core>NULL</core><StgValue><ssdm name="mB"/></StgValue>
</port>
<port id="91" name="nB" dir="0" iftype="0">
<core>NULL</core><StgValue><ssdm name="nB"/></StgValue>
</port>
<port id="92" name="mC" dir="0" iftype="0">
<core>NULL</core><StgValue><ssdm name="mC"/></StgValue>
</port>
<port id="93" name="nC" dir="0" iftype="0">
<core>NULL</core><StgValue><ssdm name="nC"/></StgValue>
</port>
</ports>


<dataflows>
<dataflow id="95" from="_ssdm_op_SpecBitsMap" to="StgValue_8" fromId="94" toId="8">
</dataflow>
<dataflow id="96" from="A" to="StgValue_8" fromId="85" toId="8">
</dataflow>
<dataflow id="97" from="_ssdm_op_SpecBitsMap" to="StgValue_9" fromId="94" toId="9">
</dataflow>
<dataflow id="98" from="B" to="StgValue_9" fromId="86" toId="9">
</dataflow>
<dataflow id="99" from="_ssdm_op_SpecBitsMap" to="StgValue_10" fromId="94" toId="10">
</dataflow>
<dataflow id="100" from="C" to="StgValue_10" fromId="87" toId="10">
</dataflow>
<dataflow id="101" from="_ssdm_op_SpecBitsMap" to="StgValue_11" fromId="94" toId="11">
</dataflow>
<dataflow id="102" from="mA" to="StgValue_11" fromId="88" toId="11">
</dataflow>
<dataflow id="103" from="_ssdm_op_SpecBitsMap" to="StgValue_12" fromId="94" toId="12">
</dataflow>
<dataflow id="104" from="nA" to="StgValue_12" fromId="89" toId="12">
</dataflow>
<dataflow id="105" from="_ssdm_op_SpecBitsMap" to="StgValue_13" fromId="94" toId="13">
</dataflow>
<dataflow id="106" from="mB" to="StgValue_13" fromId="90" toId="13">
</dataflow>
<dataflow id="107" from="_ssdm_op_SpecBitsMap" to="StgValue_14" fromId="94" toId="14">
</dataflow>
<dataflow id="108" from="nB" to="StgValue_14" fromId="91" toId="14">
</dataflow>
<dataflow id="109" from="_ssdm_op_SpecBitsMap" to="StgValue_15" fromId="94" toId="15">
</dataflow>
<dataflow id="110" from="mC" to="StgValue_15" fromId="92" toId="15">
</dataflow>
<dataflow id="111" from="_ssdm_op_SpecBitsMap" to="StgValue_16" fromId="94" toId="16">
</dataflow>
<dataflow id="112" from="nC" to="StgValue_16" fromId="93" toId="16">
</dataflow>
<dataflow id="114" from="_ssdm_op_SpecTopModule" to="StgValue_17" fromId="113" toId="17">
</dataflow>
<dataflow id="116" from="unop_mm_str" to="StgValue_17" fromId="115" toId="17">
</dataflow>
<dataflow id="118" from="_ssdm_op_Read.ap_auto.i32" to="nC_read" fromId="117" toId="18">
</dataflow>
<dataflow id="119" from="nC" to="nC_read" fromId="93" toId="18">
</dataflow>
<dataflow id="120" from="_ssdm_op_Read.ap_auto.i32" to="mC_read" fromId="117" toId="19">
</dataflow>
<dataflow id="121" from="mC" to="mC_read" fromId="92" toId="19">
</dataflow>
<dataflow id="122" from="_ssdm_op_Read.ap_auto.i32" to="nB_read" fromId="117" toId="20">
</dataflow>
<dataflow id="123" from="nB" to="nB_read" fromId="91" toId="20">
</dataflow>
<dataflow id="124" from="_ssdm_op_Read.ap_auto.i32" to="nA_read" fromId="117" toId="21">
</dataflow>
<dataflow id="125" from="nA" to="nA_read" fromId="89" toId="21">
</dataflow>
<dataflow id="127" from="StgValue_126" to="i" fromId="126" toId="23">
<condition id="42">
<or_exp><and_exp></and_exp></or_exp>
</condition>
</dataflow>
<dataflow id="128" from="StgValue_22" to="i" fromId="22" toId="23">
</dataflow>
<dataflow id="129" from="i_1" to="i" fromId="30" toId="23">
<BackEdge/>
<condition id="43">
<or_exp><and_exp><literal name="tmp_3" val="0"/>
</and_exp></or_exp>
</condition>
</dataflow>
<dataflow id="130" from="StgValue_48" to="i" fromId="48" toId="23">
<BackEdge/>
</dataflow>
<dataflow id="132" from="StgValue_131" to="phi_mul1" fromId="131" toId="24">
<condition id="44">
<or_exp><and_exp></and_exp></or_exp>
</condition>
</dataflow>
<dataflow id="133" from="StgValue_22" to="phi_mul1" fromId="22" toId="24">
</dataflow>
<dataflow id="134" from="next_mul2" to="phi_mul1" fromId="27" toId="24">
<BackEdge/>
<condition id="45">
<or_exp><and_exp><literal name="tmp_3" val="0"/>
</and_exp></or_exp>
</condition>
</dataflow>
<dataflow id="135" from="StgValue_48" to="phi_mul1" fromId="48" toId="24">
<BackEdge/>
</dataflow>
<dataflow id="136" from="StgValue_131" to="phi_mul3" fromId="131" toId="25">
<condition id="46">
<or_exp><and_exp></and_exp></or_exp>
</condition>
</dataflow>
<dataflow id="137" from="StgValue_22" to="phi_mul3" fromId="22" toId="25">
</dataflow>
<dataflow id="138" from="next_mul4" to="phi_mul3" fromId="26" toId="25">
<BackEdge/>
<condition id="47">
<or_exp><and_exp><literal name="tmp_3" val="0"/>
</and_exp></or_exp>
</condition>
</dataflow>
<dataflow id="139" from="StgValue_48" to="phi_mul3" fromId="48" toId="25">
<BackEdge/>
</dataflow>
<dataflow id="140" from="phi_mul3" to="next_mul4" fromId="25" toId="26">
</dataflow>
<dataflow id="141" from="nC_read" to="next_mul4" fromId="18" toId="26">
</dataflow>
<dataflow id="142" from="phi_mul1" to="next_mul2" fromId="24" toId="27">
</dataflow>
<dataflow id="143" from="nA_read" to="next_mul2" fromId="21" toId="27">
</dataflow>
<dataflow id="144" from="i" to="i_cast" fromId="23" toId="28">
</dataflow>
<dataflow id="145" from="i_cast" to="tmp" fromId="28" toId="29">
</dataflow>
<dataflow id="146" from="mC_read" to="tmp" fromId="19" toId="29">
</dataflow>
<dataflow id="147" from="i" to="i_1" fromId="23" toId="30">
</dataflow>
<dataflow id="149" from="StgValue_148" to="i_1" fromId="148" toId="30">
</dataflow>
<dataflow id="150" from="tmp" to="StgValue_31" fromId="29" toId="31">
</dataflow>
<dataflow id="152" from="_ssdm_op_SpecLoopName" to="StgValue_32" fromId="151" toId="32">
</dataflow>
<dataflow id="154" from="p_str" to="StgValue_32" fromId="153" toId="32">
</dataflow>
<dataflow id="156" from="_ssdm_op_SpecRegionBegin" to="tmp_s" fromId="155" toId="33">
</dataflow>
<dataflow id="157" from="p_str" to="tmp_s" fromId="153" toId="33">
</dataflow>
<dataflow id="158" from="StgValue_126" to="j" fromId="126" toId="36">
<condition id="48">
<or_exp><and_exp><literal name="tmp" val="1"/>
</and_exp></or_exp>
</condition>
</dataflow>
<dataflow id="159" from="StgValue_34" to="j" fromId="34" toId="36">
</dataflow>
<dataflow id="160" from="j_1" to="j" fromId="39" toId="36">
<BackEdge/>
<condition id="49">
<or_exp><and_exp><literal name="tmp_7" val="0"/>
</and_exp></or_exp>
</condition>
</dataflow>
<dataflow id="161" from="StgValue_65" to="j" fromId="65" toId="36">
<BackEdge/>
</dataflow>
<dataflow id="162" from="j" to="j_cast" fromId="36" toId="37">
</dataflow>
<dataflow id="163" from="j_cast" to="tmp_3" fromId="37" toId="38">
</dataflow>
<dataflow id="164" from="nC_read" to="tmp_3" fromId="18" toId="38">
</dataflow>
<dataflow id="165" from="j" to="j_1" fromId="36" toId="39">
</dataflow>
<dataflow id="166" from="StgValue_148" to="j_1" fromId="148" toId="39">
</dataflow>
<dataflow id="167" from="tmp_3" to="StgValue_40" fromId="38" toId="40">
</dataflow>
<dataflow id="168" from="_ssdm_op_SpecLoopName" to="StgValue_41" fromId="151" toId="41">
</dataflow>
<dataflow id="170" from="p_str1" to="StgValue_41" fromId="169" toId="41">
</dataflow>
<dataflow id="171" from="_ssdm_op_SpecRegionBegin" to="tmp_1" fromId="155" toId="42">
</dataflow>
<dataflow id="172" from="p_str1" to="tmp_1" fromId="169" toId="42">
</dataflow>
<dataflow id="173" from="j_cast" to="tmp_4" fromId="37" toId="43">
</dataflow>
<dataflow id="174" from="phi_mul3" to="tmp_4" fromId="25" toId="43">
</dataflow>
<dataflow id="175" from="tmp_4" to="tmp_5" fromId="43" toId="44">
</dataflow>
<dataflow id="176" from="C" to="C_addr" fromId="87" toId="45">
</dataflow>
<dataflow id="178" from="StgValue_177" to="C_addr" fromId="177" toId="45">
</dataflow>
<dataflow id="179" from="tmp_5" to="C_addr" fromId="44" toId="45">
</dataflow>
<dataflow id="181" from="_ssdm_op_SpecRegionEnd" to="empty_2" fromId="180" toId="47">
</dataflow>
<dataflow id="182" from="p_str" to="empty_2" fromId="153" toId="47">
</dataflow>
<dataflow id="183" from="tmp_s" to="empty_2" fromId="33" toId="47">
</dataflow>
<dataflow id="184" from="StgValue_126" to="k" fromId="126" toId="49">
<condition id="50">
<or_exp><and_exp><literal name="tmp_3" val="1"/>
</and_exp></or_exp>
</condition>
</dataflow>
<dataflow id="185" from="StgValue_46" to="k" fromId="46" toId="49">
</dataflow>
<dataflow id="186" from="k_1" to="k" fromId="53" toId="49">
<BackEdge/>
<condition id="51">
<or_exp><and_exp></and_exp></or_exp>
</condition>
</dataflow>
<dataflow id="187" from="StgValue_74" to="k" fromId="74" toId="49">
<BackEdge/>
</dataflow>
<dataflow id="188" from="StgValue_131" to="phi_mul" fromId="131" toId="50">
<condition id="52">
<or_exp><and_exp><literal name="tmp_3" val="1"/>
</and_exp></or_exp>
</condition>
</dataflow>
<dataflow id="189" from="StgValue_46" to="phi_mul" fromId="46" toId="50">
</dataflow>
<dataflow id="190" from="next_mul" to="phi_mul" fromId="59" toId="50">
<BackEdge/>
<condition id="53">
<or_exp><and_exp></and_exp></or_exp>
</condition>
</dataflow>
<dataflow id="191" from="StgValue_74" to="phi_mul" fromId="74" toId="50">
<BackEdge/>
</dataflow>
<dataflow id="192" from="k" to="k_cast" fromId="49" toId="51">
</dataflow>
<dataflow id="193" from="k_cast" to="tmp_7" fromId="51" toId="52">
</dataflow>
<dataflow id="194" from="nA_read" to="tmp_7" fromId="21" toId="52">
</dataflow>
<dataflow id="195" from="k" to="k_1" fromId="49" toId="53">
</dataflow>
<dataflow id="196" from="StgValue_148" to="k_1" fromId="148" toId="53">
</dataflow>
<dataflow id="197" from="tmp_7" to="StgValue_54" fromId="52" toId="54">
</dataflow>
<dataflow id="198" from="k_cast" to="tmp_8" fromId="51" toId="55">
</dataflow>
<dataflow id="199" from="phi_mul1" to="tmp_8" fromId="24" toId="55">
</dataflow>
<dataflow id="200" from="tmp_8" to="tmp_9" fromId="55" toId="56">
</dataflow>
<dataflow id="201" from="A" to="A_addr" fromId="85" toId="57">
</dataflow>
<dataflow id="202" from="StgValue_177" to="A_addr" fromId="177" toId="57">
</dataflow>
<dataflow id="203" from="tmp_9" to="A_addr" fromId="56" toId="57">
</dataflow>
<dataflow id="204" from="A_addr" to="A_load" fromId="57" toId="58">
</dataflow>
<dataflow id="205" from="phi_mul" to="next_mul" fromId="50" toId="59">
</dataflow>
<dataflow id="206" from="nB_read" to="next_mul" fromId="20" toId="59">
</dataflow>
<dataflow id="207" from="phi_mul" to="tmp_6" fromId="50" toId="60">
</dataflow>
<dataflow id="208" from="j_cast" to="tmp_6" fromId="37" toId="60">
</dataflow>
<dataflow id="209" from="tmp_6" to="tmp_2" fromId="60" toId="61">
</dataflow>
<dataflow id="210" from="B" to="B_addr" fromId="86" toId="62">
</dataflow>
<dataflow id="211" from="StgValue_177" to="B_addr" fromId="177" toId="62">
</dataflow>
<dataflow id="212" from="tmp_2" to="B_addr" fromId="61" toId="62">
</dataflow>
<dataflow id="213" from="B_addr" to="B_load" fromId="62" toId="63">
</dataflow>
<dataflow id="214" from="_ssdm_op_SpecRegionEnd" to="empty" fromId="180" toId="64">
</dataflow>
<dataflow id="215" from="p_str1" to="empty" fromId="169" toId="64">
</dataflow>
<dataflow id="216" from="tmp_1" to="empty" fromId="42" toId="64">
</dataflow>
<dataflow id="217" from="A_addr" to="A_load" fromId="57" toId="66">
</dataflow>
<dataflow id="218" from="B_addr" to="B_load" fromId="62" toId="67">
</dataflow>
<dataflow id="219" from="C_addr" to="C_load" fromId="45" toId="68">
</dataflow>
<dataflow id="220" from="B_load" to="tmp_10" fromId="67" toId="69">
</dataflow>
<dataflow id="221" from="A_load" to="tmp_10" fromId="66" toId="69">
</dataflow>
<dataflow id="222" from="C_addr" to="C_load" fromId="45" toId="70">
</dataflow>
<dataflow id="223" from="_ssdm_op_SpecLoopName" to="StgValue_71" fromId="151" toId="71">
</dataflow>
<dataflow id="225" from="p_str2" to="StgValue_71" fromId="224" toId="71">
</dataflow>
<dataflow id="226" from="C_load" to="tmp_11" fromId="70" toId="72">
</dataflow>
<dataflow id="227" from="tmp_10" to="tmp_11" fromId="69" toId="72">
</dataflow>
<dataflow id="228" from="tmp_11" to="StgValue_73" fromId="72" toId="73">
</dataflow>
<dataflow id="229" from="C_addr" to="StgValue_73" fromId="45" toId="73">
</dataflow>
<dataflow id="230" from="tmp" to="StgValue_2" fromId="29" toId="2">
</dataflow>
<dataflow id="231" from="tmp_3" to="StgValue_3" fromId="38" toId="3">
</dataflow>
<dataflow id="232" from="tmp_7" to="StgValue_4" fromId="52" toId="4">
</dataflow>
</dataflows>


</stg>
