<annotationInfo>
<annotationInfo>
<item  id="31" filename="PartA/unop_mm.cpp" linenumber="7" name="i_cast" contextFuncName="unop_mm" moduleName="unop_mm" rtlName="i_cast_fu_186_p1" latency="0" BRAM="-1" DSP="-1" FF="-1" LUT="-1" fileDirectory="C:\Users\Patel\Downloads\ECE527\exp\MP3"><\/item>
<item  id="32" filename="PartA/unop_mm.cpp" linenumber="7" name="tmp" contextFuncName="unop_mm" moduleName="unop_mm" rtlName="tmp_fu_190_p2" latency="0" BRAM="-1" DSP="-1" FF="0" LUT="18" fileDirectory="C:\Users\Patel\Downloads\ECE527\exp\MP3"><\/item>
<item  id="33" filename="PartA/unop_mm.cpp" linenumber="7" name="i_1" contextFuncName="unop_mm" moduleName="unop_mm" rtlName="i_1_fu_195_p2" latency="0" BRAM="-1" DSP="-1" FF="0" LUT="38" fileDirectory="C:\Users\Patel\Downloads\ECE527\exp\MP3"><\/item>
<item  id="41" filename="PartA/unop_mm.cpp" linenumber="9" name="j_cast" contextFuncName="unop_mm" moduleName="unop_mm" rtlName="j_cast_fu_201_p1" latency="0" BRAM="-1" DSP="-1" FF="-1" LUT="-1" fileDirectory="C:\Users\Patel\Downloads\ECE527\exp\MP3"><\/item>
<item  id="42" filename="PartA/unop_mm.cpp" linenumber="9" name="tmp_3" contextFuncName="unop_mm" moduleName="unop_mm" rtlName="tmp_3_fu_205_p2" latency="0" BRAM="-1" DSP="-1" FF="0" LUT="18" fileDirectory="C:\Users\Patel\Downloads\ECE527\exp\MP3"><\/item>
<item  id="43" filename="PartA/unop_mm.cpp" linenumber="9" name="j_1" contextFuncName="unop_mm" moduleName="unop_mm" rtlName="j_1_fu_210_p2" latency="0" BRAM="-1" DSP="-1" FF="0" LUT="38" fileDirectory="C:\Users\Patel\Downloads\ECE527\exp\MP3"><\/item>
<item  id="48" filename="PartA/unop_mm.cpp" linenumber="13" name="tmp_4" contextFuncName="unop_mm" moduleName="unop_mm" rtlName="tmp_4_fu_216_p2" latency="0" BRAM="-1" DSP="-1" FF="0" LUT="39" fileDirectory="C:\Users\Patel\Downloads\ECE527\exp\MP3"><\/item>
<item  id="49" filename="PartA/unop_mm.cpp" linenumber="13" name="tmp_5" contextFuncName="unop_mm" moduleName="unop_mm" rtlName="tmp_5_fu_222_p1" latency="0" BRAM="-1" DSP="-1" FF="-1" LUT="-1" fileDirectory="C:\Users\Patel\Downloads\ECE527\exp\MP3"><\/item>
<item  id="55" filename="PartA/unop_mm.cpp" linenumber="11" name="k_cast" contextFuncName="unop_mm" moduleName="unop_mm" rtlName="k_cast_fu_227_p1" latency="0" BRAM="-1" DSP="-1" FF="-1" LUT="-1" fileDirectory="C:\Users\Patel\Downloads\ECE527\exp\MP3"><\/item>
<item  id="56" filename="PartA/unop_mm.cpp" linenumber="11" name="tmp_7" contextFuncName="unop_mm" moduleName="unop_mm" rtlName="tmp_7_fu_231_p2" latency="0" BRAM="-1" DSP="-1" FF="0" LUT="18" fileDirectory="C:\Users\Patel\Downloads\ECE527\exp\MP3"><\/item>
<item  id="57" filename="PartA/unop_mm.cpp" linenumber="11" name="k_1" contextFuncName="unop_mm" moduleName="unop_mm" rtlName="k_1_fu_236_p2" latency="0" BRAM="-1" DSP="-1" FF="0" LUT="38" fileDirectory="C:\Users\Patel\Downloads\ECE527\exp\MP3"><\/item>
<item  id="61" filename="PartA/unop_mm.cpp" linenumber="13" name="tmp_8" contextFuncName="unop_mm" moduleName="unop_mm" rtlName="tmp_8_fu_242_p2" latency="0" BRAM="-1" DSP="-1" FF="0" LUT="39" fileDirectory="C:\Users\Patel\Downloads\ECE527\exp\MP3"><\/item>
<item  id="62" filename="PartA/unop_mm.cpp" linenumber="13" name="tmp_9" contextFuncName="unop_mm" moduleName="unop_mm" rtlName="tmp_9_fu_248_p1" latency="0" BRAM="-1" DSP="-1" FF="-1" LUT="-1" fileDirectory="C:\Users\Patel\Downloads\ECE527\exp\MP3"><\/item>
<item  id="66" filename="PartA/unop_mm.cpp" linenumber="13" name="tmp_6" contextFuncName="unop_mm" moduleName="unop_mm" rtlName="tmp_6_fu_258_p2" latency="0" BRAM="-1" DSP="-1" FF="0" LUT="39" fileDirectory="C:\Users\Patel\Downloads\ECE527\exp\MP3"><\/item>
<item  id="67" filename="PartA/unop_mm.cpp" linenumber="13" name="tmp_2" contextFuncName="unop_mm" moduleName="unop_mm" rtlName="tmp_2_fu_263_p1" latency="0" BRAM="-1" DSP="-1" FF="-1" LUT="-1" fileDirectory="C:\Users\Patel\Downloads\ECE527\exp\MP3"><\/item>
<item  id="70" filename="PartA/unop_mm.cpp" linenumber="13" name="tmp_10" contextFuncName="unop_mm" moduleName="unop_mm" rtlName="tmp_10_fu_268_p2" latency="0" BRAM="-1" DSP="3" FF="0" LUT="20" fileDirectory="C:\Users\Patel\Downloads\ECE527\exp\MP3"><\/item>
<item  id="72" filename="PartA/unop_mm.cpp" linenumber="13" name="tmp_11" contextFuncName="unop_mm" moduleName="unop_mm" rtlName="C_d0" latency="0" BRAM="-1" DSP="-1" FF="0" LUT="39" fileDirectory="C:\Users\Patel\Downloads\ECE527\exp\MP3"><\/item>
<\/annotationInfo>
</annotationInfo>
