<profile>

<section name = "Vivado HLS Report for 'unop_mm'" level="0">
<item name = "Date">Wed Oct  3 19:15:21 2018
</item>
<item name = "Version">2018.2 (Build 2258646 on Thu Jun 14 20:25:20 MDT 2018)</item>
<item name = "Project">PartA</item>
<item name = "Solution">solution1</item>
<item name = "Product family">zynq</item>
<item name = "Target device">xc7z020clg484-1</item>
</section>

<section name = "Performance Estimates" level="0">
<item name = "Timing (ns)">
<section name = "" level="1">
<item name = "Summary"><table name="" hasTotal="0">
<keys size="4">Clock, Target, Estimated, Uncertainty</keys>
<column name="ap_clk">10.00, 8.510, 1.25</column>
</table>
</item>
</section>
</item>
<item name = "Latency (clock cycles)">
<section name = "" level="1">
<item name = "Summary"><table name="" hasTotal="0">
<keys size="6">, min, max, min, max, Type</keys>
<column name="">?, ?, ?, ?, none</column>
</table>
</item>
<item name = "Detail">
<section name = "" level="1">
<item name = "Instance"><table name="" hasTotal="0">
<keys size="7">Instance, Module, min, max, min, max, Type</keys>
</table>
</item>
<item name = "Loop"><table name="" hasTotal="0">
<keys size="8">Loop Name, min, max, Latency, achieved, target, Count, Pipelined</keys>
<column name="- for_c_row">?, ?, ?, -, -, ?, no</column>
<column name=" + for_c_col">?, ?, ?, -, -, ?, no</column>
<column name="  ++ for_common">?, ?, 4, -, -, ?, no</column>
</table>
</item>
</section>
</item>
</section>
</item>
</section>

<section name = "Utilization Estimates" level="0">
<item name = "Summary"><table name="" hasTotal="1">
<keys size="5">Name, BRAM_18K, DSP48E, FF, LUT</keys>
<column name="DSP">-, -, -, -</column>
<column name="Expression">-, 3, 0, 461</column>
<column name="FIFO">-, -, -, -</column>
<column name="Instance">-, -, -, -</column>
<column name="Memory">-, -, -, -</column>
<column name="Multiplexer">-, -, -, 95</column>
<column name="Register">-, -, 558, -</column>
<specialColumn name="Available">280, 220, 106400, 53200</specialColumn>
<specialColumn name="Utilization (%)">0, 1, ~0, 1</specialColumn>
</table>
</item>
<item name = "Detail">
<section name = "" level="1">
<item name = "Instance"><table name="" hasTotal="1">
<keys size="6">Instance, Module, BRAM_18K, DSP48E, FF, LUT</keys>
</table>
</item>
<item name = "DSP48"><table name="" hasTotal="0">
<keys size="3">Instance, Module, Expression</keys>
</table>
</item>
<item name = "Memory"><table name="" hasTotal="1">
<keys size="9">Memory, Module, BRAM_18K, FF, LUT, Words, Bits, Banks, W*Bits*Banks</keys>
</table>
</item>
<item name = "FIFO"><table name="" hasTotal="1">
<keys size="7">Name, BRAM_18K, FF, LUT, Depth, Bits, Size:D*B</keys>
</table>
</item>
<item name = "Expression"><table name="" hasTotal="1">
<keys size="7">Variable Name, Operation, DSP48E, FF, LUT, Bitwidth P0, Bitwidth P1</keys>
<column name="tmp_10_fu_268_p2">*, 3, 0, 20, 32, 32</column>
<column name="C_d0">+, 0, 0, 39, 32, 32</column>
<column name="i_1_fu_195_p2">+, 0, 0, 38, 31, 1</column>
<column name="j_1_fu_210_p2">+, 0, 0, 38, 31, 1</column>
<column name="k_1_fu_236_p2">+, 0, 0, 38, 31, 1</column>
<column name="next_mul2_fu_181_p2">+, 0, 0, 39, 32, 32</column>
<column name="next_mul4_fu_176_p2">+, 0, 0, 39, 32, 32</column>
<column name="next_mul_fu_253_p2">+, 0, 0, 39, 32, 32</column>
<column name="tmp_4_fu_216_p2">+, 0, 0, 39, 32, 32</column>
<column name="tmp_6_fu_258_p2">+, 0, 0, 39, 32, 32</column>
<column name="tmp_8_fu_242_p2">+, 0, 0, 39, 32, 32</column>
<column name="tmp_3_fu_205_p2">icmp, 0, 0, 18, 32, 32</column>
<column name="tmp_7_fu_231_p2">icmp, 0, 0, 18, 32, 32</column>
<column name="tmp_fu_190_p2">icmp, 0, 0, 18, 32, 32</column>
</table>
</item>
<item name = "Multiplexer"><table name="" hasTotal="1">
<keys size="5">Name, LUT, Input Size, Bits, Total Bits</keys>
<column name="ap_NS_fsm">41, 8, 1, 8</column>
<column name="i_reg_108">9, 2, 31, 62</column>
<column name="j_reg_143">9, 2, 31, 62</column>
<column name="k_reg_154">9, 2, 31, 62</column>
<column name="phi_mul1_reg_119">9, 2, 32, 64</column>
<column name="phi_mul3_reg_131">9, 2, 32, 64</column>
<column name="phi_mul_reg_165">9, 2, 32, 64</column>
</table>
</item>
<item name = "Register"><table name="" hasTotal="1">
<keys size="5">Name, FF, LUT, Bits, Const Bits</keys>
<column name="A_load_reg_358">32, 0, 32, 0</column>
<column name="B_load_reg_363">32, 0, 32, 0</column>
<column name="C_addr_reg_330">14, 0, 14, 0</column>
<column name="C_load_reg_373">32, 0, 32, 0</column>
<column name="ap_CS_fsm">7, 0, 7, 0</column>
<column name="i_1_reg_312">31, 0, 31, 0</column>
<column name="i_reg_108">31, 0, 31, 0</column>
<column name="j_1_reg_325">31, 0, 31, 0</column>
<column name="j_cast_reg_317">31, 0, 32, 1</column>
<column name="j_reg_143">31, 0, 31, 0</column>
<column name="k_1_reg_338">31, 0, 31, 0</column>
<column name="k_reg_154">31, 0, 31, 0</column>
<column name="next_mul2_reg_304">32, 0, 32, 0</column>
<column name="next_mul4_reg_299">32, 0, 32, 0</column>
<column name="next_mul_reg_348">32, 0, 32, 0</column>
<column name="phi_mul1_reg_119">32, 0, 32, 0</column>
<column name="phi_mul3_reg_131">32, 0, 32, 0</column>
<column name="phi_mul_reg_165">32, 0, 32, 0</column>
<column name="tmp_10_reg_368">32, 0, 32, 0</column>
</table>
</item>
</section>
</item>
</section>

<section name = "Interface" level="0">
<item name = "Summary"><table name="" hasTotal="0">
<keys size="6">RTL Ports, Dir, Bits, Protocol, Source Object, C Type</keys>
<column name="ap_clk">in, 1, ap_ctrl_hs, unop_mm, return value</column>
<column name="ap_rst">in, 1, ap_ctrl_hs, unop_mm, return value</column>
<column name="ap_start">in, 1, ap_ctrl_hs, unop_mm, return value</column>
<column name="ap_done">out, 1, ap_ctrl_hs, unop_mm, return value</column>
<column name="ap_idle">out, 1, ap_ctrl_hs, unop_mm, return value</column>
<column name="ap_ready">out, 1, ap_ctrl_hs, unop_mm, return value</column>
<column name="A_address0">out, 14, ap_memory, A, array</column>
<column name="A_ce0">out, 1, ap_memory, A, array</column>
<column name="A_q0">in, 32, ap_memory, A, array</column>
<column name="B_address0">out, 14, ap_memory, B, array</column>
<column name="B_ce0">out, 1, ap_memory, B, array</column>
<column name="B_q0">in, 32, ap_memory, B, array</column>
<column name="C_address0">out, 14, ap_memory, C, array</column>
<column name="C_ce0">out, 1, ap_memory, C, array</column>
<column name="C_we0">out, 1, ap_memory, C, array</column>
<column name="C_d0">out, 32, ap_memory, C, array</column>
<column name="C_q0">in, 32, ap_memory, C, array</column>
<column name="mA">in, 32, ap_none, mA, scalar</column>
<column name="nA">in, 32, ap_none, nA, scalar</column>
<column name="mB">in, 32, ap_none, mB, scalar</column>
<column name="nB">in, 32, ap_none, nB, scalar</column>
<column name="mC">in, 32, ap_none, mC, scalar</column>
<column name="nC">in, 32, ap_none, nC, scalar</column>
</table>
</item>
</section>
</profile>
