<?xml version="1.0" encoding="utf-8"?>
<Messages>
	<Message severity="INFO" prefix="[HLS 200-10]" key="HLS_10_1312" tag="" content="Analyzing design file &apos;PartB/gold.cpp&apos; ..."/>
	<Message severity="INFO" prefix="[HLS 200-10]" key="HLS_10_1312" tag="" content="Analyzing design file &apos;PartB/partb.cpp&apos; ..."/>
	<Message severity="INFO" prefix="[HLS 200-111]" key="HLS_111_965" tag="" content="Finished Linking Time (s): cpu = 00:00:01 ; elapsed = 00:00:14 . Memory (MB): peak = 103.422 ; gain = 46.305"/>
	<Message severity="INFO" prefix="[HLS 200-111]" key="HLS_111_965" tag="" content="Finished Checking Pragmas Time (s): cpu = 00:00:01 ; elapsed = 00:00:14 . Memory (MB): peak = 103.422 ; gain = 46.305"/>
	<Message severity="INFO" prefix="[HLS 200-10]" key="HLS_10_1467" tag="" content="Starting code transformations ..."/>
	<Message severity="INFO" prefix="[HLS 200-111]" key="HLS_111_965" tag="" content="Finished Standard Transforms Time (s): cpu = 00:00:01 ; elapsed = 00:00:15 . Memory (MB): peak = 104.715 ; gain = 47.598"/>
	<Message severity="INFO" prefix="[HLS 200-10]" key="HLS_10_1472" tag="" content="Checking synthesizability ..."/>
	<Message severity="INFO" prefix="[HLS 200-111]" key="HLS_111_965" tag="" content="Finished Checking Synthesizability Time (s): cpu = 00:00:01 ; elapsed = 00:00:15 . Memory (MB): peak = 104.969 ; gain = 47.852"/>
	<Message severity="INFO" prefix="[XFORM 203-502]" key="XFORM_AUTO_UNROLL_STATUS_246" tag="" content="Unrolling all sub-loops inside loop &apos;Loop-2&apos; (PartB/partb.cpp:19) in function &apos;partb&apos; for pipelining."/>
	<Message severity="INFO" prefix="[XFORM 203-502]" key="XFORM_AUTO_UNROLL_STATUS_246" tag="" content="Unrolling all sub-loops inside loop &apos;Loop-3&apos; (PartB/partb.cpp:28) in function &apos;partb&apos; for pipelining."/>
	<Message severity="INFO" prefix="[XFORM 203-502]" key="XFORM_AUTO_UNROLL_STATUS_246" tag="" content="Unrolling all sub-loops inside loop &apos;Loop-5&apos; (PartB/partb.cpp:53) in function &apos;partb&apos; for pipelining."/>
	<Message severity="WARNING" prefix="[XFORM 203-503]" key="XFORM_UNROLL_INVALID_321" tag="SDX_LOOP" content="Cannot unroll loop &apos;Loop-2.1&apos; (PartB/partb.cpp:22) in function &apos;partb&apos;: cannot completely unroll a loop with a variable trip count."/>
	<Message severity="WARNING" prefix="[XFORM 203-503]" key="XFORM_UNROLL_INVALID_321" tag="SDX_LOOP" content="Cannot unroll loop &apos;Loop-3.1&apos; (PartB/partb.cpp:31) in function &apos;partb&apos;: cannot completely unroll a loop with a variable trip count."/>
	<Message severity="INFO" prefix="[XFORM 203-501]" key="XFORM_UNROLL_STATUS_310" tag="" content="Unrolling loop &apos;Loop-4.1.1&apos; (PartB/partb.cpp:43) in function &apos;partb&apos; partially with a factor of 2."/>
	<Message severity="WARNING" prefix="[XFORM 203-503]" key="XFORM_UNROLL_INVALID_321" tag="SDX_LOOP" content="Cannot unroll loop &apos;Loop-5.1&apos; (PartB/partb.cpp:56) in function &apos;partb&apos;: cannot completely unroll a loop with a variable trip count."/>
	<Message severity="INFO" prefix="[HLS 200-111]" key="HLS_111_965" tag="" content="Finished Pre-synthesis Time (s): cpu = 00:00:01 ; elapsed = 00:00:16 . Memory (MB): peak = 125.934 ; gain = 68.816"/>
	<Message severity="INFO" prefix="[XFORM 203-541]" key="XFORM_LOOPFLAT_STATUS_218" tag="" content="Flattening a loop nest &apos;Loop-2&apos; (PartB/partb.cpp:19:15) in function &apos;partb&apos;."/>
	<Message severity="INFO" prefix="[XFORM 203-541]" key="XFORM_LOOPFLAT_STATUS_218" tag="" content="Flattening a loop nest &apos;Loop-3&apos; (PartB/partb.cpp:28:15) in function &apos;partb&apos;."/>
	<Message severity="WARNING" prefix="[XFORM 203-542]" key="XFORM_LOOPFLAT_INVALID_219" tag="SDX_LOOP" content="Cannot flatten a loop nest &apos;Loop-4.1&apos; (PartB/partb.cpp:40:16) in function &apos;partb&apos; : 

the outer loop is not a perfect loop because there is nontrivial logic before entering the inner loop."/>
	<Message severity="INFO" prefix="[XFORM 203-541]" key="XFORM_LOOPFLAT_STATUS_218" tag="" content="Flattening a loop nest &apos;Loop-4&apos; (PartB/partb.cpp:38:15) in function &apos;partb&apos;."/>
	<Message severity="INFO" prefix="[XFORM 203-541]" key="XFORM_LOOPFLAT_STATUS_218" tag="" content="Flattening a loop nest &apos;Loop-5&apos; (PartB/partb.cpp:53:15) in function &apos;partb&apos;."/>
	<Message severity="INFO" prefix="[HLS 200-111]" key="HLS_111_965" tag="" content="Finished Architecture Synthesis Time (s): cpu = 00:00:01 ; elapsed = 00:00:17 . Memory (MB): peak = 125.934 ; gain = 68.816"/>
	<Message severity="INFO" prefix="[HLS 200-10]" key="HLS_10_1317" tag="" content="Starting hardware synthesis ..."/>
	<Message severity="INFO" prefix="[HLS 200-10]" key="HLS_10_1385" tag="" content="Synthesizing &apos;partb&apos; ..."/>
	<Message severity="INFO" prefix="[HLS 200-10]" key="HLS_10_1477" tag="" content="----------------------------------------------------------------"/>
	<Message severity="INFO" prefix="[HLS 200-42]" key="HLS_42_1438" tag="" content="-- Implementing module &apos;partb&apos;"/>
	<Message severity="INFO" prefix="[HLS 200-10]" key="HLS_10_1478" tag="" content="----------------------------------------------------------------"/>
	<Message severity="INFO" prefix="[SCHED 204-11]" key="SCHED_SCHED_STATUS_597" tag="" content="Starting scheduling ..."/>
	<Message severity="INFO" prefix="[SCHED 204-61]" key="SCHED_PIPELINING_STATUS_41" tag="" content="Pipelining loop &apos;Loop 2&apos;."/>
	<Message severity="INFO" prefix="[SCHED 204-61]" key="SCHED_PIPELINING_STATUS_44" tag="" content="Pipelining result : Target II = 1, Final II = 1, Depth = 3."/>
	<Message severity="INFO" prefix="[SCHED 204-61]" key="SCHED_PIPELINING_STATUS_41" tag="" content="Pipelining loop &apos;Loop 3&apos;."/>
	<Message severity="INFO" prefix="[SCHED 204-61]" key="SCHED_PIPELINING_STATUS_44" tag="" content="Pipelining result : Target II = 1, Final II = 1, Depth = 2."/>
	<Message severity="INFO" prefix="[SCHED 204-61]" key="SCHED_PIPELINING_STATUS_41" tag="" content="Pipelining loop &apos;Loop 4.1&apos;."/>
	<Message severity="INFO" prefix="[SCHED 204-61]" key="SCHED_PIPELINING_STATUS_44" tag="" content="Pipelining result : Target II = 1, Final II = 1, Depth = 4."/>
	<Message severity="INFO" prefix="[SCHED 204-61]" key="SCHED_PIPELINING_STATUS_41" tag="" content="Pipelining loop &apos;Loop 5&apos;."/>
	<Message severity="INFO" prefix="[SCHED 204-61]" key="SCHED_PIPELINING_STATUS_44" tag="" content="Pipelining result : Target II = 1, Final II = 1, Depth = 3."/>
	<Message severity="WARNING" prefix="[SCHED 204-21]" key="SCHED_DELAY_EXCEEDED_76" tag="SDX,TIMING,SCHEDULE" content="Estimated clock period (9.634ns) exceeds the target (target clock period: 10ns, clock uncertainty: 1.25ns, effective delay budget: 8.75ns)."/>
	<Message severity="WARNING" prefix="[SCHED 204-21]" key="SCHED_DELAY_EXCEEDED_74" tag="SDX" content="The critical path consists of the following:
	&apos;mul&apos; operation (&apos;tmp_7&apos;, PartB/partb.cpp:24) (3.36 ns)
	&apos;add&apos; operation (&apos;tmp_9&apos;, PartB/partb.cpp:24) (3.02 ns)
	&apos;getelementptr&apos; operation (&apos;B_addr&apos;, PartB/partb.cpp:24) (0 ns)
	&apos;load&apos; operation (&apos;B_load&apos;, PartB/partb.cpp:24) on array &apos;B&apos; (3.25 ns)"/>
	<Message severity="INFO" prefix="[SCHED 204-11]" key="SCHED_SCHED_STATUS_596" tag="" content="Finished scheduling."/>
	<Message severity="INFO" prefix="[HLS 200-111]" key="HLS_111_966" tag="" content=" Elapsed time: 16.952 seconds; current allocated memory: 77.143 MB."/>
	<Message severity="INFO" prefix="[HLS 200-434]" key="HLS 200-434" tag="SDX" content="Only 4 loops out of a total 7 loops have been pipelined in this design."/>
	<Message severity="INFO" prefix="[BIND 205-100]" key="BIND_100_926" tag="" content="Starting micro-architecture generation ..."/>
	<Message severity="INFO" prefix="[BIND 205-101]" key="BIND_101_698" tag="" content="Performing variable lifetime analysis."/>
	<Message severity="INFO" prefix="[BIND 205-101]" key="BIND_101_697" tag="" content="Exploring resource sharing."/>
	<Message severity="INFO" prefix="[BIND 205-101]" key="BIND_101_693" tag="" content="Binding ..."/>
	<Message severity="INFO" prefix="[BIND 205-100]" key="BIND_100_925" tag="" content="Finished micro-architecture generation."/>
	<Message severity="INFO" prefix="[HLS 200-111]" key="HLS_111_966" tag="" content=" Elapsed time: 0.28 seconds; current allocated memory: 77.770 MB."/>
	<Message severity="INFO" prefix="[HLS 200-10]" key="HLS_10_1483" tag="" content="----------------------------------------------------------------"/>
	<Message severity="INFO" prefix="[HLS 200-10]" key="HLS_10_1484" tag="" content="-- Generating RTL for module &apos;partb&apos;"/>
	<Message severity="INFO" prefix="[HLS 200-10]" key="HLS_10_1485" tag="" content="----------------------------------------------------------------"/>
	<Message severity="INFO" prefix="[RTGEN 206-500]" key="PREPROC_IO_COMP_CONFLICT_1950" tag="" content="Setting interface mode on port &apos;partb/A&apos; to &apos;ap_memory&apos;."/>
	<Message severity="INFO" prefix="[RTGEN 206-500]" key="PREPROC_IO_COMP_CONFLICT_1950" tag="" content="Setting interface mode on port &apos;partb/B&apos; to &apos;ap_memory&apos;."/>
	<Message severity="INFO" prefix="[RTGEN 206-500]" key="PREPROC_IO_COMP_CONFLICT_1950" tag="" content="Setting interface mode on port &apos;partb/C&apos; to &apos;ap_memory&apos;."/>
	<Message severity="INFO" prefix="[RTGEN 206-500]" key="PREPROC_IO_COMP_CONFLICT_1950" tag="" content="Setting interface mode on port &apos;partb/mA&apos; to &apos;ap_none&apos;."/>
	<Message severity="INFO" prefix="[RTGEN 206-500]" key="PREPROC_IO_COMP_CONFLICT_1950" tag="" content="Setting interface mode on port &apos;partb/nA&apos; to &apos;ap_none&apos;."/>
	<Message severity="INFO" prefix="[RTGEN 206-500]" key="PREPROC_IO_COMP_CONFLICT_1950" tag="" content="Setting interface mode on port &apos;partb/mB&apos; to &apos;ap_none&apos;."/>
	<Message severity="INFO" prefix="[RTGEN 206-500]" key="PREPROC_IO_COMP_CONFLICT_1950" tag="" content="Setting interface mode on port &apos;partb/nB&apos; to &apos;ap_none&apos;."/>
	<Message severity="INFO" prefix="[RTGEN 206-500]" key="PREPROC_IO_COMP_CONFLICT_1950" tag="" content="Setting interface mode on port &apos;partb/mC&apos; to &apos;ap_none&apos;."/>
	<Message severity="INFO" prefix="[RTGEN 206-500]" key="PREPROC_IO_COMP_CONFLICT_1950" tag="" content="Setting interface mode on port &apos;partb/nC&apos; to &apos;ap_none&apos;."/>
	<Message severity="INFO" prefix="[RTGEN 206-500]" key="PREPROC_IO_COMP_CONFLICT_1950" tag="" content="Setting interface mode on function &apos;partb&apos; to &apos;ap_ctrl_hs&apos;."/>
	<Message severity="INFO" prefix="[SYN 201-210]" key="SYN_210_889" tag="" content="Renamed object name &apos;partb_mac_muladd_8ns_15s_15ns_15_1_1&apos; to &apos;partb_mac_muladd_bkb&apos; due to the length limit 20"/>
	<Message severity="INFO" prefix="[SYN 201-210]" key="SYN_210_889" tag="" content="Renamed object name &apos;partb_mul_mul_8ns_15s_15_1_1&apos; to &apos;partb_mul_mul_8nscud&apos; due to the length limit 20"/>
	<Message severity="INFO" prefix="[RTGEN 206-100]" key="RTGEN_100_855" tag="" content="Generating core module &apos;partb_mac_muladd_bkb&apos;: 5 instance(s)."/>
	<Message severity="INFO" prefix="[RTGEN 206-100]" key="RTGEN_100_855" tag="" content="Generating core module &apos;partb_mul_mul_8nscud&apos;: 1 instance(s)."/>
	<Message severity="INFO" prefix="[RTGEN 206-100]" key="RTGEN_100_856" tag="" content="Finished creating RTL model for &apos;partb&apos;."/>
	<Message severity="INFO" prefix="[HLS 200-111]" key="HLS_111_966" tag="" content=" Elapsed time: 0.675 seconds; current allocated memory: 79.195 MB."/>
	<Message severity="INFO" prefix="[RTMG 210-278]" key="RTMG_278_1790" tag="" content="Implementing memory &apos;partb_A_i_ram (RAM)&apos; using block RAMs."/>
	<Message severity="INFO" prefix="[RTMG 210-278]" key="RTMG_278_1790" tag="" content="Implementing memory &apos;partb_C_i_ram (RAM)&apos; using block RAMs."/>
	<Message severity="INFO" prefix="[HLS 200-111]" key="HLS_111_965" tag="" content="Finished generating all RTL models Time (s): cpu = 00:00:03 ; elapsed = 00:00:23 . Memory (MB): peak = 132.391 ; gain = 75.273"/>
	<Message severity="INFO" prefix="[SYSC 207-301]" key="SYSC_301_1065" tag="" content="Generating SystemC RTL for partb."/>
	<Message severity="INFO" prefix="[VHDL 208-304]" key="VHDL_304_1066" tag="" content="Generating VHDL RTL for partb."/>
	<Message severity="INFO" prefix="[VLOG 209-307]" key="VLOG_307_1067" tag="" content="Generating Verilog RTL for partb."/>
	<Message severity="INFO" prefix="[HLS 200-112]" key="HLS_112_964" tag="" content="Total elapsed time: 22.626 seconds; peak allocated memory: 79.195 MB."/>
</Messages>
