<annotationInfo>
<annotationInfo>
<item  id="26" filename="PartB/partb.cpp" linenumber="7" name="A_i" contextFuncName="partb" moduleName="partb" rtlName="A_i_U" latency="0" BRAM="-1" DSP="-1" FF="-1" LUT="-1" fileDirectory="C:\Users\Patel\Downloads\ECE527\exp\MP3"><\/item>
<item  id="27" filename="PartB/partb.cpp" linenumber="8" name="B_i" contextFuncName="partb" moduleName="partb" rtlName="B_i_U" latency="0" BRAM="-1" DSP="-1" FF="-1" LUT="-1" fileDirectory="C:\Users\Patel\Downloads\ECE527\exp\MP3"><\/item>
<item  id="28" filename="PartB/partb.cpp" linenumber="9" name="C_i" contextFuncName="partb" moduleName="partb" rtlName="C_i_U" latency="0" BRAM="-1" DSP="-1" FF="-1" LUT="-1" fileDirectory="C:\Users\Patel\Downloads\ECE527\exp\MP3"><\/item>
<item  id="35" filename="PartB/partb.cpp" linenumber="11" name="i_cast" contextFuncName="partb" moduleName="partb" rtlName="i_cast_fu_454_p1" latency="0" BRAM="-1" DSP="-1" FF="-1" LUT="-1" fileDirectory="C:\Users\Patel\Downloads\ECE527\exp\MP3"><\/item>
<item  id="36" filename="PartB/partb.cpp" linenumber="11" name="tmp" contextFuncName="partb" moduleName="partb" rtlName="tmp_fu_458_p2" latency="0" BRAM="-1" DSP="-1" FF="0" LUT="18" fileDirectory="C:\Users\Patel\Downloads\ECE527\exp\MP3"><\/item>
<item  id="37" filename="PartB/partb.cpp" linenumber="11" name="i_1" contextFuncName="partb" moduleName="partb" rtlName="i_1_fu_463_p2" latency="0" BRAM="-1" DSP="-1" FF="0" LUT="38" fileDirectory="C:\Users\Patel\Downloads\ECE527\exp\MP3"><\/item>
<item  id="43" filename="PartB/partb.cpp" linenumber="13" name="j_cast" contextFuncName="partb" moduleName="partb" rtlName="j_cast_fu_481_p1" latency="0" BRAM="-1" DSP="-1" FF="-1" LUT="-1" fileDirectory="C:\Users\Patel\Downloads\ECE527\exp\MP3"><\/item>
<item  id="44" filename="PartB/partb.cpp" linenumber="13" name="tmp_2" contextFuncName="partb" moduleName="partb" rtlName="tmp_2_fu_485_p2" latency="0" BRAM="-1" DSP="-1" FF="0" LUT="18" fileDirectory="C:\Users\Patel\Downloads\ECE527\exp\MP3"><\/item>
<item  id="45" filename="PartB/partb.cpp" linenumber="13" name="j_1" contextFuncName="partb" moduleName="partb" rtlName="j_1_fu_490_p2" latency="0" BRAM="-1" DSP="-1" FF="0" LUT="38" fileDirectory="C:\Users\Patel\Downloads\ECE527\exp\MP3"><\/item>
<item  id="48" filename="PartB/partb.cpp" linenumber="15" name="tmp_3" contextFuncName="partb" moduleName="partb" rtlName="tmp_3_fu_496_p1" latency="0" BRAM="-1" DSP="-1" FF="-1" LUT="-1" fileDirectory="C:\Users\Patel\Downloads\ECE527\exp\MP3"><\/item>
<item  id="49" filename="PartB/partb.cpp" linenumber="15" name="tmp_5" contextFuncName="partb" moduleName="partb" rtlName="tmp_5_fu_500_p2" latency="0" BRAM="-1" DSP="-1" FF="0" LUT="21" fileDirectory="C:\Users\Patel\Downloads\ECE527\exp\MP3"><\/item>
<item  id="50" filename="PartB/partb.cpp" linenumber="15" name="tmp_5_cast" contextFuncName="partb" moduleName="partb" rtlName="tmp_5_cast_fu_505_p1" latency="0" BRAM="-1" DSP="-1" FF="-1" LUT="-1" fileDirectory="C:\Users\Patel\Downloads\ECE527\exp\MP3"><\/item>
<item  id="68" filename="PartB/partb.cpp" linenumber="22" name="j2_cast" contextFuncName="partb" moduleName="partb" rtlName="j2_cast_fu_510_p1" latency="0" BRAM="-1" DSP="-1" FF="-1" LUT="-1" fileDirectory="C:\Users\Patel\Downloads\ECE527\exp\MP3"><\/item>
<item  id="69" filename="PartB/partb.cpp" linenumber="22" name="tmp_8" contextFuncName="partb" moduleName="partb" rtlName="tmp_8_fu_514_p2" latency="0" BRAM="-1" DSP="-1" FF="0" LUT="18" fileDirectory="C:\Users\Patel\Downloads\ECE527\exp\MP3"><\/item>
<item  id="74" filename="PartB/partb.cpp" linenumber="19" name="i_2" contextFuncName="partb" moduleName="partb" rtlName="i_2_fu_530_p2" latency="0" BRAM="-1" DSP="-1" FF="0" LUT="38" fileDirectory="C:\Users\Patel\Downloads\ECE527\exp\MP3"><\/item>
<item  id="76" filename="PartB/partb.cpp" linenumber="22" name="j2_mid2" contextFuncName="partb" moduleName="partb" rtlName="j2_mid2_fu_536_p3" latency="0" BRAM="-1" DSP="-1" FF="0" LUT="31" fileDirectory="C:\Users\Patel\Downloads\ECE527\exp\MP3"><\/item>
<item  id="78" filename="PartB/partb.cpp" linenumber="24" name="tmp_7_mid2_v" contextFuncName="partb" moduleName="partb" rtlName="tmp_7_mid2_v_fu_544_p3" latency="0" BRAM="-1" DSP="-1" FF="0" LUT="31" fileDirectory="C:\Users\Patel\Downloads\ECE527\exp\MP3"><\/item>
<item  id="79" filename="PartB/partb.cpp" linenumber="24" name="tmp_4" contextFuncName="partb" moduleName="partb" rtlName="tmp_4_fu_552_p1" latency="0" BRAM="-1" DSP="-1" FF="-1" LUT="-1" fileDirectory="C:\Users\Patel\Downloads\ECE527\exp\MP3"><\/item>
<item  id="80" filename="PartB/partb.cpp" linenumber="24" name="tmp_7" contextFuncName="partb" moduleName="partb" rtlName="partb_mac_muladd_bkb_U1" latency="0" BRAM="-1" DSP="-1" FF="-1" LUT="-1" fileDirectory="C:\Users\Patel\Downloads\ECE527\exp\MP3"><\/item>
<item  id="81" filename="PartB/partb.cpp" linenumber="24" name="tmp_11" contextFuncName="partb" moduleName="partb" rtlName="tmp_11_fu_556_p1" latency="0" BRAM="-1" DSP="-1" FF="-1" LUT="-1" fileDirectory="C:\Users\Patel\Downloads\ECE527\exp\MP3"><\/item>
<item  id="82" filename="PartB/partb.cpp" linenumber="24" name="tmp_9" contextFuncName="partb" moduleName="partb" rtlName="partb_mac_muladd_bkb_U1" latency="0" BRAM="-1" DSP="-1" FF="-1" LUT="-1" fileDirectory="C:\Users\Patel\Downloads\ECE527\exp\MP3"><\/item>
<item  id="83" filename="PartB/partb.cpp" linenumber="24" name="tmp_9_cast" contextFuncName="partb" moduleName="partb" rtlName="tmp_9_cast_fu_566_p1" latency="0" BRAM="-1" DSP="-1" FF="-1" LUT="-1" fileDirectory="C:\Users\Patel\Downloads\ECE527\exp\MP3"><\/item>
<item  id="88" filename="PartB/partb.cpp" linenumber="22" name="j_2" contextFuncName="partb" moduleName="partb" rtlName="j_2_fu_560_p2" latency="0" BRAM="-1" DSP="-1" FF="0" LUT="38" fileDirectory="C:\Users\Patel\Downloads\ECE527\exp\MP3"><\/item>
<item  id="100" filename="PartB/partb.cpp" linenumber="31" name="j4_cast" contextFuncName="partb" moduleName="partb" rtlName="j4_cast_fu_582_p1" latency="0" BRAM="-1" DSP="-1" FF="-1" LUT="-1" fileDirectory="C:\Users\Patel\Downloads\ECE527\exp\MP3"><\/item>
<item  id="101" filename="PartB/partb.cpp" linenumber="31" name="tmp_6" contextFuncName="partb" moduleName="partb" rtlName="tmp_6_fu_586_p2" latency="0" BRAM="-1" DSP="-1" FF="0" LUT="18" fileDirectory="C:\Users\Patel\Downloads\ECE527\exp\MP3"><\/item>
<item  id="106" filename="PartB/partb.cpp" linenumber="28" name="i_3" contextFuncName="partb" moduleName="partb" rtlName="i_3_fu_602_p2" latency="0" BRAM="-1" DSP="-1" FF="0" LUT="38" fileDirectory="C:\Users\Patel\Downloads\ECE527\exp\MP3"><\/item>
<item  id="108" filename="PartB/partb.cpp" linenumber="31" name="j4_mid2" contextFuncName="partb" moduleName="partb" rtlName="j4_mid2_fu_608_p3" latency="0" BRAM="-1" DSP="-1" FF="0" LUT="31" fileDirectory="C:\Users\Patel\Downloads\ECE527\exp\MP3"><\/item>
<item  id="110" filename="PartB/partb.cpp" linenumber="33" name="tmp_5_mid2_v" contextFuncName="partb" moduleName="partb" rtlName="tmp_5_mid2_v_fu_616_p3" latency="0" BRAM="-1" DSP="-1" FF="0" LUT="31" fileDirectory="C:\Users\Patel\Downloads\ECE527\exp\MP3"><\/item>
<item  id="111" filename="PartB/partb.cpp" linenumber="33" name="tmp_15" contextFuncName="partb" moduleName="partb" rtlName="tmp_15_fu_624_p1" latency="0" BRAM="-1" DSP="-1" FF="-1" LUT="-1" fileDirectory="C:\Users\Patel\Downloads\ECE527\exp\MP3"><\/item>
<item  id="112" filename="PartB/partb.cpp" linenumber="33" name="tmp_s" contextFuncName="partb" moduleName="partb" rtlName="partb_mac_muladd_bkb_U2" latency="0" BRAM="-1" DSP="-1" FF="-1" LUT="-1" fileDirectory="C:\Users\Patel\Downloads\ECE527\exp\MP3"><\/item>
<item  id="113" filename="PartB/partb.cpp" linenumber="33" name="tmp_18" contextFuncName="partb" moduleName="partb" rtlName="tmp_18_fu_628_p1" latency="0" BRAM="-1" DSP="-1" FF="-1" LUT="-1" fileDirectory="C:\Users\Patel\Downloads\ECE527\exp\MP3"><\/item>
<item  id="114" filename="PartB/partb.cpp" linenumber="33" name="tmp_10" contextFuncName="partb" moduleName="partb" rtlName="partb_mac_muladd_bkb_U2" latency="0" BRAM="-1" DSP="-1" FF="-1" LUT="-1" fileDirectory="C:\Users\Patel\Downloads\ECE527\exp\MP3"><\/item>
<item  id="115" filename="PartB/partb.cpp" linenumber="33" name="tmp_12_cast" contextFuncName="partb" moduleName="partb" rtlName="tmp_12_cast_fu_638_p1" latency="0" BRAM="-1" DSP="-1" FF="-1" LUT="-1" fileDirectory="C:\Users\Patel\Downloads\ECE527\exp\MP3"><\/item>
<item  id="118" filename="PartB/partb.cpp" linenumber="31" name="j_3" contextFuncName="partb" moduleName="partb" rtlName="j_3_fu_632_p2" latency="0" BRAM="-1" DSP="-1" FF="0" LUT="38" fileDirectory="C:\Users\Patel\Downloads\ECE527\exp\MP3"><\/item>
<item  id="126" filename="PartB/partb.cpp" linenumber="40" name="j6_cast" contextFuncName="partb" moduleName="partb" rtlName="j6_cast_fu_642_p1" latency="0" BRAM="-1" DSP="-1" FF="-1" LUT="-1" fileDirectory="C:\Users\Patel\Downloads\ECE527\exp\MP3"><\/item>
<item  id="127" filename="PartB/partb.cpp" linenumber="40" name="tmp_12" contextFuncName="partb" moduleName="partb" rtlName="tmp_12_fu_646_p2" latency="0" BRAM="-1" DSP="-1" FF="0" LUT="18" fileDirectory="C:\Users\Patel\Downloads\ECE527\exp\MP3"><\/item>
<item  id="132" filename="PartB/partb.cpp" linenumber="38" name="i_4" contextFuncName="partb" moduleName="partb" rtlName="i_4_fu_662_p2" latency="0" BRAM="-1" DSP="-1" FF="0" LUT="38" fileDirectory="C:\Users\Patel\Downloads\ECE527\exp\MP3"><\/item>
<item  id="133" filename="PartB/partb.cpp" linenumber="40" name="j6_mid2" contextFuncName="partb" moduleName="partb" rtlName="j6_mid2_fu_680_p3" latency="0" BRAM="-1" DSP="-1" FF="0" LUT="31" fileDirectory="C:\Users\Patel\Downloads\ECE527\exp\MP3"><\/item>
<item  id="134" filename="PartB/partb.cpp" linenumber="47" name="tmp_12_mid2_v" contextFuncName="partb" moduleName="partb" rtlName="tmp_12_mid2_v_fu_668_p3" latency="0" BRAM="-1" DSP="-1" FF="0" LUT="31" fileDirectory="C:\Users\Patel\Downloads\ECE527\exp\MP3"><\/item>
<item  id="135" filename="PartB/partb.cpp" linenumber="47" name="tmp_20" contextFuncName="partb" moduleName="partb" rtlName="tmp_20_fu_676_p1" latency="0" BRAM="-1" DSP="-1" FF="-1" LUT="-1" fileDirectory="C:\Users\Patel\Downloads\ECE527\exp\MP3"><\/item>
<item  id="136" filename="PartB/partb.cpp" linenumber="47" name="tmp_13" contextFuncName="partb" moduleName="partb" rtlName="partb_mul_mul_8nscud_U3" latency="0" BRAM="-1" DSP="-1" FF="-1" LUT="-1" fileDirectory="C:\Users\Patel\Downloads\ECE527\exp\MP3"><\/item>
<item  id="137" filename="PartB/partb.cpp" linenumber="49" name="tmp_23" contextFuncName="partb" moduleName="partb" rtlName="tmp_23_fu_687_p1" latency="0" BRAM="-1" DSP="-1" FF="-1" LUT="-1" fileDirectory="C:\Users\Patel\Downloads\ECE527\exp\MP3"><\/item>
<item  id="138" filename="PartB/partb.cpp" linenumber="49" name="tmp_14" contextFuncName="partb" moduleName="partb" rtlName="tmp_14_fu_691_p2" latency="0" BRAM="-1" DSP="-1" FF="0" LUT="21" fileDirectory="C:\Users\Patel\Downloads\ECE527\exp\MP3"><\/item>
<item  id="139" filename="PartB/partb.cpp" linenumber="49" name="tmp_16_cast" contextFuncName="partb" moduleName="partb" rtlName="tmp_16_cast_fu_696_p1" latency="0" BRAM="-1" DSP="-1" FF="-1" LUT="-1" fileDirectory="C:\Users\Patel\Downloads\ECE527\exp\MP3"><\/item>
<item  id="155" filename="PartB/partb.cpp" linenumber="43" name="tmp_37" contextFuncName="partb" moduleName="partb" rtlName="tmp_37_fu_776_p2" latency="0" BRAM="-1" DSP="-1" FF="0" LUT="18" fileDirectory="C:\Users\Patel\Downloads\ECE527\exp\MP3"><\/item>
<item  id="160" filename="PartB/partb.cpp" linenumber="47" name="tmp_40" contextFuncName="partb" moduleName="partb" rtlName="tmp_40_fu_781_p1" latency="0" BRAM="-1" DSP="-1" FF="-1" LUT="-1" fileDirectory="C:\Users\Patel\Downloads\ECE527\exp\MP3"><\/item>
<item  id="161" filename="PartB/partb.cpp" linenumber="47" name="tmp_22" contextFuncName="partb" moduleName="partb" rtlName="tmp_22_fu_785_p2" latency="0" BRAM="-1" DSP="-1" FF="0" LUT="21" fileDirectory="C:\Users\Patel\Downloads\ECE527\exp\MP3"><\/item>
<item  id="162" filename="PartB/partb.cpp" linenumber="47" name="tmp_24_cast" contextFuncName="partb" moduleName="partb" rtlName="tmp_24_cast_fu_790_p1" latency="0" BRAM="-1" DSP="-1" FF="-1" LUT="-1" fileDirectory="C:\Users\Patel\Downloads\ECE527\exp\MP3"><\/item>
<item  id="164" filename="PartB/partb.cpp" linenumber="47" name="tmp_24" contextFuncName="partb" moduleName="partb" rtlName="partb_mac_muladd_bkb_U4" latency="0" BRAM="-1" DSP="-1" FF="-1" LUT="-1" fileDirectory="C:\Users\Patel\Downloads\ECE527\exp\MP3"><\/item>
<item  id="165" filename="PartB/partb.cpp" linenumber="47" name="tmp_26" contextFuncName="partb" moduleName="partb" rtlName="partb_mac_muladd_bkb_U4" latency="0" BRAM="-1" DSP="-1" FF="-1" LUT="-1" fileDirectory="C:\Users\Patel\Downloads\ECE527\exp\MP3"><\/item>
<item  id="166" filename="PartB/partb.cpp" linenumber="47" name="tmp_27_cast" contextFuncName="partb" moduleName="partb" rtlName="tmp_27_cast_fu_795_p1" latency="0" BRAM="-1" DSP="-1" FF="-1" LUT="-1" fileDirectory="C:\Users\Patel\Downloads\ECE527\exp\MP3"><\/item>
<item  id="170" filename="PartB/partb.cpp" linenumber="47" name="tmp_25" contextFuncName="partb" moduleName="partb" rtlName="tmp_25_fu_834_p2" latency="0" BRAM="-1" DSP="3" FF="0" LUT="20" fileDirectory="C:\Users\Patel\Downloads\ECE527\exp\MP3"><\/item>
<item  id="171" filename="PartB/partb.cpp" linenumber="47" name="sum_1" contextFuncName="partb" moduleName="partb" rtlName="sum_1_fu_842_p2" latency="0" BRAM="-1" DSP="-1" FF="0" LUT="39" fileDirectory="C:\Users\Patel\Downloads\ECE527\exp\MP3"><\/item>
<item  id="173" filename="PartB/partb.cpp" linenumber="43" name="k_1_s" contextFuncName="partb" moduleName="partb" rtlName="k_1_s_fu_799_p2" latency="0" BRAM="-1" DSP="-1" FF="0" LUT="32" fileDirectory="C:\Users\Patel\Downloads\ECE527\exp\MP3"><\/item>
<item  id="174" filename="PartB/partb.cpp" linenumber="43" name="tmp_17_1" contextFuncName="partb" moduleName="partb" rtlName="tmp_17_1_fu_805_p2" latency="0" BRAM="-1" DSP="-1" FF="0" LUT="18" fileDirectory="C:\Users\Patel\Downloads\ECE527\exp\MP3"><\/item>
<item  id="177" filename="PartB/partb.cpp" linenumber="47" name="tmp_41" contextFuncName="partb" moduleName="partb" rtlName="tmp_41_fu_810_p1" latency="0" BRAM="-1" DSP="-1" FF="-1" LUT="-1" fileDirectory="C:\Users\Patel\Downloads\ECE527\exp\MP3"><\/item>
<item  id="178" filename="PartB/partb.cpp" linenumber="47" name="tmp_27" contextFuncName="partb" moduleName="partb" rtlName="tmp_27_fu_814_p2" latency="0" BRAM="-1" DSP="-1" FF="0" LUT="21" fileDirectory="C:\Users\Patel\Downloads\ECE527\exp\MP3"><\/item>
<item  id="179" filename="PartB/partb.cpp" linenumber="47" name="tmp_28_cast" contextFuncName="partb" moduleName="partb" rtlName="tmp_28_cast_fu_819_p1" latency="0" BRAM="-1" DSP="-1" FF="-1" LUT="-1" fileDirectory="C:\Users\Patel\Downloads\ECE527\exp\MP3"><\/item>
<item  id="181" filename="PartB/partb.cpp" linenumber="47" name="tmp_28" contextFuncName="partb" moduleName="partb" rtlName="partb_mac_muladd_bkb_U5" latency="0" BRAM="-1" DSP="-1" FF="-1" LUT="-1" fileDirectory="C:\Users\Patel\Downloads\ECE527\exp\MP3"><\/item>
<item  id="182" filename="PartB/partb.cpp" linenumber="47" name="tmp_29" contextFuncName="partb" moduleName="partb" rtlName="partb_mac_muladd_bkb_U5" latency="0" BRAM="-1" DSP="-1" FF="-1" LUT="-1" fileDirectory="C:\Users\Patel\Downloads\ECE527\exp\MP3"><\/item>
<item  id="183" filename="PartB/partb.cpp" linenumber="47" name="tmp_30_cast" contextFuncName="partb" moduleName="partb" rtlName="tmp_30_cast_fu_824_p1" latency="0" BRAM="-1" DSP="-1" FF="-1" LUT="-1" fileDirectory="C:\Users\Patel\Downloads\ECE527\exp\MP3"><\/item>
<item  id="187" filename="PartB/partb.cpp" linenumber="47" name="tmp_20_1" contextFuncName="partb" moduleName="partb" rtlName="tmp_20_1_fu_838_p2" latency="0" BRAM="-1" DSP="3" FF="0" LUT="20" fileDirectory="C:\Users\Patel\Downloads\ECE527\exp\MP3"><\/item>
<item  id="188" filename="PartB/partb.cpp" linenumber="47" name="sum_1_1" contextFuncName="partb" moduleName="partb" rtlName="sum_1_1_fu_847_p2" latency="0" BRAM="-1" DSP="-1" FF="0" LUT="39" fileDirectory="C:\Users\Patel\Downloads\ECE527\exp\MP3"><\/item>
<item  id="189" filename="PartB/partb.cpp" linenumber="43" name="k_1_1" contextFuncName="partb" moduleName="partb" rtlName="k_1_1_fu_828_p2" latency="0" BRAM="-1" DSP="-1" FF="0" LUT="39" fileDirectory="C:\Users\Patel\Downloads\ECE527\exp\MP3"><\/item>
<item  id="194" filename="PartB/partb.cpp" linenumber="40" name="j_4" contextFuncName="partb" moduleName="partb" rtlName="j_4_fu_852_p2" latency="0" BRAM="-1" DSP="-1" FF="0" LUT="38" fileDirectory="C:\Users\Patel\Downloads\ECE527\exp\MP3"><\/item>
<item  id="203" filename="PartB/partb.cpp" linenumber="56" name="j8_cast" contextFuncName="partb" moduleName="partb" rtlName="j8_cast_fu_857_p1" latency="0" BRAM="-1" DSP="-1" FF="-1" LUT="-1" fileDirectory="C:\Users\Patel\Downloads\ECE527\exp\MP3"><\/item>
<item  id="204" filename="PartB/partb.cpp" linenumber="56" name="tmp_16" contextFuncName="partb" moduleName="partb" rtlName="tmp_16_fu_861_p2" latency="0" BRAM="-1" DSP="-1" FF="0" LUT="18" fileDirectory="C:\Users\Patel\Downloads\ECE527\exp\MP3"><\/item>
<item  id="209" filename="PartB/partb.cpp" linenumber="53" name="i_5" contextFuncName="partb" moduleName="partb" rtlName="i_5_fu_877_p2" latency="0" BRAM="-1" DSP="-1" FF="0" LUT="38" fileDirectory="C:\Users\Patel\Downloads\ECE527\exp\MP3"><\/item>
<item  id="211" filename="PartB/partb.cpp" linenumber="56" name="j8_mid2" contextFuncName="partb" moduleName="partb" rtlName="j8_mid2_fu_883_p3" latency="0" BRAM="-1" DSP="-1" FF="0" LUT="31" fileDirectory="C:\Users\Patel\Downloads\ECE527\exp\MP3"><\/item>
<item  id="213" filename="PartB/partb.cpp" linenumber="58" name="tmp_16_mid2_v" contextFuncName="partb" moduleName="partb" rtlName="tmp_16_mid2_v_fu_891_p3" latency="0" BRAM="-1" DSP="-1" FF="0" LUT="31" fileDirectory="C:\Users\Patel\Downloads\ECE527\exp\MP3"><\/item>
<item  id="214" filename="PartB/partb.cpp" linenumber="58" name="tmp_38" contextFuncName="partb" moduleName="partb" rtlName="tmp_38_fu_899_p1" latency="0" BRAM="-1" DSP="-1" FF="-1" LUT="-1" fileDirectory="C:\Users\Patel\Downloads\ECE527\exp\MP3"><\/item>
<item  id="215" filename="PartB/partb.cpp" linenumber="58" name="tmp_17" contextFuncName="partb" moduleName="partb" rtlName="partb_mac_muladd_bkb_U6" latency="0" BRAM="-1" DSP="-1" FF="-1" LUT="-1" fileDirectory="C:\Users\Patel\Downloads\ECE527\exp\MP3"><\/item>
<item  id="216" filename="PartB/partb.cpp" linenumber="58" name="tmp_39" contextFuncName="partb" moduleName="partb" rtlName="tmp_39_fu_903_p1" latency="0" BRAM="-1" DSP="-1" FF="-1" LUT="-1" fileDirectory="C:\Users\Patel\Downloads\ECE527\exp\MP3"><\/item>
<item  id="217" filename="PartB/partb.cpp" linenumber="58" name="tmp_19" contextFuncName="partb" moduleName="partb" rtlName="partb_mac_muladd_bkb_U6" latency="0" BRAM="-1" DSP="-1" FF="-1" LUT="-1" fileDirectory="C:\Users\Patel\Downloads\ECE527\exp\MP3"><\/item>
<item  id="218" filename="PartB/partb.cpp" linenumber="58" name="tmp_21_cast" contextFuncName="partb" moduleName="partb" rtlName="tmp_21_cast_fu_913_p1" latency="0" BRAM="-1" DSP="-1" FF="-1" LUT="-1" fileDirectory="C:\Users\Patel\Downloads\ECE527\exp\MP3"><\/item>
<item  id="223" filename="PartB/partb.cpp" linenumber="56" name="j_5" contextFuncName="partb" moduleName="partb" rtlName="j_5_fu_907_p2" latency="0" BRAM="-1" DSP="-1" FF="0" LUT="38" fileDirectory="C:\Users\Patel\Downloads\ECE527\exp\MP3"><\/item>
<\/annotationInfo>
</annotationInfo>
