<profile>

<section name = "Vivado HLS Report for 'partb'" level="0">
<item name = "Date">Fri Oct  5 01:05:18 2018
</item>
<item name = "Version">2018.2 (Build 2258646 on Thu Jun 14 20:25:20 MDT 2018)</item>
<item name = "Project">PartB</item>
<item name = "Solution">solution2</item>
<item name = "Product family">zynq</item>
<item name = "Target device">xc7z020clg484-1</item>
</section>

<section name = "Performance Estimates" level="0">
<item name = "Timing (ns)">
<section name = "" level="1">
<item name = "Summary"><table name="" hasTotal="0">
<keys size="4">Clock, Target, Estimated, Uncertainty</keys>
<column name="ap_clk">10.00, 9.634, 1.25</column>
</table>
</item>
</section>
</item>
<item name = "Latency (clock cycles)">
<section name = "" level="1">
<item name = "Summary"><table name="" hasTotal="0">
<keys size="6">, min, max, min, max, Type</keys>
<column name="">?, ?, ?, ?, none</column>
</table>
</item>
<item name = "Detail">
<section name = "" level="1">
<item name = "Instance"><table name="" hasTotal="0">
<keys size="7">Instance, Module, min, max, min, max, Type</keys>
</table>
</item>
<item name = "Loop"><table name="" hasTotal="0">
<keys size="8">Loop Name, min, max, Latency, achieved, target, Count, Pipelined</keys>
<column name="- Loop 1">?, ?, ?, -, -, ?, no</column>
<column name=" + Loop 1.1">?, ?, 2, -, -, ?, no</column>
<column name="- Loop 2">?, ?, 3, 1, 1, ?, yes</column>
<column name="- Loop 3">?, ?, 2, 1, 1, ?, yes</column>
<column name="- Loop 4">?, ?, ?, -, -, ?, no</column>
<column name=" + Loop 4.1">?, ?, 4, 1, 1, ?, yes</column>
<column name="- Loop 5">?, ?, 3, 1, 1, ?, yes</column>
</table>
</item>
</section>
</item>
</section>
</item>
</section>
</profile>
