<profile>

<section name = "Vivado HLS Report for 'partb'" level="0">
<item name = "Date">Fri Oct  5 01:05:19 2018
</item>
<item name = "Version">2018.2 (Build 2258646 on Thu Jun 14 20:25:20 MDT 2018)</item>
<item name = "Project">PartB</item>
<item name = "Solution">solution2</item>
<item name = "Product family">zynq</item>
<item name = "Target device">xc7z020clg484-1</item>
</section>

<section name = "Performance Estimates" level="0">
<item name = "Timing (ns)">
<section name = "" level="1">
<item name = "Summary"><table name="" hasTotal="0">
<keys size="4">Clock, Target, Estimated, Uncertainty</keys>
<column name="ap_clk">10.00, 9.634, 1.25</column>
</table>
</item>
</section>
</item>
<item name = "Latency (clock cycles)">
<section name = "" level="1">
<item name = "Summary"><table name="" hasTotal="0">
<keys size="6">, min, max, min, max, Type</keys>
<column name="">?, ?, ?, ?, none</column>
</table>
</item>
<item name = "Detail">
<section name = "" level="1">
<item name = "Instance"><table name="" hasTotal="0">
<keys size="7">Instance, Module, min, max, min, max, Type</keys>
</table>
</item>
<item name = "Loop"><table name="" hasTotal="0">
<keys size="8">Loop Name, min, max, Latency, achieved, target, Count, Pipelined</keys>
<column name="- Loop 1">?, ?, ?, -, -, ?, no</column>
<column name=" + Loop 1.1">?, ?, 2, -, -, ?, no</column>
<column name="- Loop 2">?, ?, 3, 1, 1, ?, yes</column>
<column name="- Loop 3">?, ?, 2, 1, 1, ?, yes</column>
<column name="- Loop 4">?, ?, ?, -, -, ?, no</column>
<column name=" + Loop 4.1">?, ?, 4, 1, 1, ?, yes</column>
<column name="- Loop 5">?, ?, 3, 1, 1, ?, yes</column>
</table>
</item>
</section>
</item>
</section>
</item>
</section>

<section name = "Utilization Estimates" level="0">
<item name = "Summary"><table name="" hasTotal="1">
<keys size="5">Name, BRAM_18K, DSP48E, FF, LUT</keys>
<column name="DSP">-, 6, -, -</column>
<column name="Expression">-, 12, 0, 1717</column>
<column name="FIFO">-, -, -, -</column>
<column name="Instance">-, -, -, -</column>
<column name="Memory">96, -, 0, 0</column>
<column name="Multiplexer">-, -, -, 380</column>
<column name="Register">0, -, 1840, 64</column>
<specialColumn name="Available">280, 220, 106400, 53200</specialColumn>
<specialColumn name="Utilization (%)">34, 8, 1, 4</specialColumn>
</table>
</item>
<item name = "Detail">
<section name = "" level="1">
<item name = "Instance"><table name="" hasTotal="1">
<keys size="6">Instance, Module, BRAM_18K, DSP48E, FF, LUT</keys>
</table>
</item>
<item name = "DSP48"><table name="" hasTotal="0">
<keys size="3">Instance, Module, Expression</keys>
<column name="partb_mac_muladd_bkb_U1">partb_mac_muladd_bkb, i0 * i1 + i2</column>
<column name="partb_mac_muladd_bkb_U2">partb_mac_muladd_bkb, i0 * i1 + i2</column>
<column name="partb_mac_muladd_bkb_U4">partb_mac_muladd_bkb, i0 * i1 + i2</column>
<column name="partb_mac_muladd_bkb_U5">partb_mac_muladd_bkb, i0 * i1 + i2</column>
<column name="partb_mac_muladd_bkb_U6">partb_mac_muladd_bkb, i0 * i1 + i2</column>
<column name="partb_mul_mul_8nscud_U3">partb_mul_mul_8nscud, i0 * i1</column>
</table>
</item>
<item name = "Memory"><table name="" hasTotal="1">
<keys size="9">Memory, Module, BRAM_18K, FF, LUT, Words, Bits, Banks, W*Bits*Banks</keys>
<column name="A_i_U">partb_A_i, 32, 0, 0, 10000, 32, 1, 320000</column>
<column name="B_i_U">partb_A_i, 32, 0, 0, 10000, 32, 1, 320000</column>
<column name="C_i_U">partb_C_i, 32, 0, 0, 10000, 32, 1, 320000</column>
</table>
</item>
<item name = "FIFO"><table name="" hasTotal="1">
<keys size="7">Name, BRAM_18K, FF, LUT, Depth, Bits, Size:D*B</keys>
</table>
</item>
<item name = "Expression"><table name="" hasTotal="1">
<keys size="7">Variable Name, Operation, DSP48E, FF, LUT, Bitwidth P0, Bitwidth P1</keys>
<column name="bound4_fu_576_p2">*, 3, 0, 20, 32, 32</column>
<column name="bound_fu_475_p2">*, 3, 0, 20, 32, 32</column>
<column name="tmp_20_1_fu_838_p2">*, 3, 0, 20, 32, 32</column>
<column name="tmp_25_fu_834_p2">*, 3, 0, 20, 32, 32</column>
<column name="i_1_fu_463_p2">+, 0, 0, 38, 1, 31</column>
<column name="i_2_fu_530_p2">+, 0, 0, 38, 1, 31</column>
<column name="i_3_fu_602_p2">+, 0, 0, 38, 1, 31</column>
<column name="i_4_fu_662_p2">+, 0, 0, 38, 1, 31</column>
<column name="i_5_fu_877_p2">+, 0, 0, 38, 1, 31</column>
<column name="indvar_flatten_next1_fu_596_p2">+, 0, 0, 71, 64, 1</column>
<column name="indvar_flatten_next2_fu_871_p2">+, 0, 0, 71, 64, 1</column>
<column name="indvar_flatten_next3_fu_656_p2">+, 0, 0, 71, 64, 1</column>
<column name="indvar_flatten_next_fu_524_p2">+, 0, 0, 71, 64, 1</column>
<column name="j_1_fu_490_p2">+, 0, 0, 38, 31, 1</column>
<column name="j_2_fu_560_p2">+, 0, 0, 38, 1, 31</column>
<column name="j_3_fu_632_p2">+, 0, 0, 38, 1, 31</column>
<column name="j_4_fu_852_p2">+, 0, 0, 38, 31, 1</column>
<column name="j_5_fu_907_p2">+, 0, 0, 38, 1, 31</column>
<column name="k_1_1_fu_828_p2">+, 0, 0, 39, 2, 32</column>
<column name="nA_op_op_fu_708_p2">+, 0, 0, 39, 1, 32</column>
<column name="next_mul_fu_448_p2">+, 0, 0, 45, 7, 38</column>
<column name="sum_1_1_fu_847_p2">+, 0, 0, 39, 32, 32</column>
<column name="sum_1_fu_842_p2">+, 0, 0, 39, 32, 32</column>
<column name="tmp_14_fu_691_p2">+, 0, 0, 21, 15, 15</column>
<column name="tmp_22_fu_785_p2">+, 0, 0, 21, 15, 15</column>
<column name="tmp_27_fu_814_p2">+, 0, 0, 21, 15, 15</column>
<column name="tmp_5_fu_500_p2">+, 0, 0, 21, 15, 15</column>
<column name="p_neg_t_fu_736_p2">-, 0, 0, 38, 1, 31</column>
<column name="exitcond_flatten1_fu_591_p2">icmp, 0, 0, 29, 64, 64</column>
<column name="exitcond_flatten2_fu_651_p2">icmp, 0, 0, 29, 64, 64</column>
<column name="exitcond_flatten3_fu_866_p2">icmp, 0, 0, 29, 64, 64</column>
<column name="exitcond_flatten_fu_519_p2">icmp, 0, 0, 29, 64, 64</column>
<column name="tmp_12_fu_646_p2">icmp, 0, 0, 18, 32, 32</column>
<column name="tmp_16_fu_861_p2">icmp, 0, 0, 18, 32, 32</column>
<column name="tmp_17_1_fu_805_p2">icmp, 0, 0, 18, 32, 32</column>
<column name="tmp_2_fu_485_p2">icmp, 0, 0, 18, 32, 32</column>
<column name="tmp_37_fu_776_p2">icmp, 0, 0, 18, 32, 32</column>
<column name="tmp_6_fu_586_p2">icmp, 0, 0, 18, 32, 32</column>
<column name="tmp_8_fu_514_p2">icmp, 0, 0, 18, 32, 32</column>
<column name="tmp_fu_458_p2">icmp, 0, 0, 18, 32, 32</column>
<column name="ap_predicate_tran18to19_state15">or, 0, 0, 2, 1, 1</column>
<column name="k_1_s_fu_799_p2">or, 0, 0, 32, 32, 1</column>
<column name="j2_mid2_fu_536_p3">select, 0, 0, 31, 1, 31</column>
<column name="j4_mid2_fu_608_p3">select, 0, 0, 31, 1, 31</column>
<column name="j6_mid2_fu_680_p3">select, 0, 0, 31, 1, 31</column>
<column name="j8_mid2_fu_883_p3">select, 0, 0, 31, 1, 31</column>
<column name="tmp_12_mid2_v_fu_668_p3">select, 0, 0, 31, 1, 31</column>
<column name="tmp_16_mid2_v_fu_891_p3">select, 0, 0, 31, 1, 31</column>
<column name="tmp_34_fu_752_p3">select, 0, 0, 31, 1, 31</column>
<column name="tmp_35_fu_760_p3">select, 0, 0, 31, 1, 1</column>
<column name="tmp_5_mid2_v_fu_616_p3">select, 0, 0, 31, 1, 31</column>
<column name="tmp_7_mid2_v_fu_544_p3">select, 0, 0, 31, 1, 31</column>
<column name="ap_enable_pp0">xor, 0, 0, 2, 1, 2</column>
<column name="ap_enable_pp1">xor, 0, 0, 2, 1, 2</column>
<column name="ap_enable_pp2">xor, 0, 0, 2, 1, 2</column>
<column name="ap_enable_pp3">xor, 0, 0, 2, 1, 2</column>
<column name="ap_enable_reg_pp0_iter1">xor, 0, 0, 2, 2, 1</column>
<column name="ap_enable_reg_pp1_iter1">xor, 0, 0, 2, 2, 1</column>
<column name="ap_enable_reg_pp3_iter1">xor, 0, 0, 2, 2, 1</column>
<column name="p_neg_fu_721_p2">xor, 0, 0, 32, 32, 2</column>
</table>
</item>
<item name = "Multiplexer"><table name="" hasTotal="1">
<keys size="5">Name, LUT, Input Size, Bits, Total Bits</keys>
<column name="A_i_address0">15, 3, 14, 42</column>
<column name="B_i_address0">15, 3, 14, 42</column>
<column name="C_i_address0">21, 4, 14, 56</column>
<column name="C_i_d0">15, 3, 32, 96</column>
<column name="ap_NS_fsm">65, 16, 1, 16</column>
<column name="ap_enable_reg_pp0_iter1">9, 2, 1, 2</column>
<column name="ap_enable_reg_pp0_iter2">9, 2, 1, 2</column>
<column name="ap_enable_reg_pp1_iter1">15, 3, 1, 3</column>
<column name="ap_enable_reg_pp2_iter3">9, 2, 1, 2</column>
<column name="ap_enable_reg_pp3_iter1">9, 2, 1, 2</column>
<column name="ap_enable_reg_pp3_iter2">9, 2, 1, 2</column>
<column name="ap_phi_mux_i1_phi_fu_292_p4">9, 2, 31, 62</column>
<column name="ap_phi_mux_i3_phi_fu_325_p4">9, 2, 31, 62</column>
<column name="ap_phi_mux_i7_phi_fu_426_p4">9, 2, 31, 62</column>
<column name="i1_reg_288">9, 2, 31, 62</column>
<column name="i3_reg_321">9, 2, 31, 62</column>
<column name="i5_reg_354">9, 2, 31, 62</column>
<column name="i7_reg_422">9, 2, 31, 62</column>
<column name="i_reg_244">9, 2, 31, 62</column>
<column name="indvar_flatten1_reg_310">9, 2, 64, 128</column>
<column name="indvar_flatten2_reg_343">9, 2, 64, 128</column>
<column name="indvar_flatten3_reg_411">9, 2, 64, 128</column>
<column name="indvar_flatten_reg_277">9, 2, 64, 128</column>
<column name="j2_reg_299">9, 2, 31, 62</column>
<column name="j4_reg_332">9, 2, 31, 62</column>
<column name="j6_reg_365">9, 2, 31, 62</column>
<column name="j8_reg_433">9, 2, 31, 62</column>
<column name="j_reg_266">9, 2, 31, 62</column>
<column name="k_reg_377">9, 2, 32, 64</column>
<column name="phi_mul_reg_255">9, 2, 38, 76</column>
<column name="sum_lcssa_reg_400">9, 2, 32, 64</column>
<column name="sum_reg_388">9, 2, 32, 64</column>
</table>
</item>
<item name = "Register"><table name="" hasTotal="1">
<keys size="5">Name, FF, LUT, Bits, Const Bits</keys>
<column name="A_i_load_1_reg_1209">32, 0, 32, 0</column>
<column name="A_i_load_reg_1199">32, 0, 32, 0</column>
<column name="B_i_load_1_reg_1214">32, 0, 32, 0</column>
<column name="B_i_load_reg_1204">32, 0, 32, 0</column>
<column name="C_i_addr_1_reg_1156">14, 0, 14, 0</column>
<column name="ap_CS_fsm">15, 0, 15, 0</column>
<column name="ap_enable_reg_pp0_iter0">1, 0, 1, 0</column>
<column name="ap_enable_reg_pp0_iter1">1, 0, 1, 0</column>
<column name="ap_enable_reg_pp0_iter2">1, 0, 1, 0</column>
<column name="ap_enable_reg_pp1_iter0">1, 0, 1, 0</column>
<column name="ap_enable_reg_pp1_iter1">1, 0, 1, 0</column>
<column name="ap_enable_reg_pp2_iter0">1, 0, 1, 0</column>
<column name="ap_enable_reg_pp2_iter1">1, 0, 1, 0</column>
<column name="ap_enable_reg_pp2_iter2">1, 0, 1, 0</column>
<column name="ap_enable_reg_pp2_iter3">1, 0, 1, 0</column>
<column name="ap_enable_reg_pp3_iter0">1, 0, 1, 0</column>
<column name="ap_enable_reg_pp3_iter1">1, 0, 1, 0</column>
<column name="ap_enable_reg_pp3_iter2">1, 0, 1, 0</column>
<column name="bound4_reg_1078">64, 0, 64, 0</column>
<column name="bound_reg_1016">64, 0, 64, 0</column>
<column name="exitcond_flatten1_reg_1085">1, 0, 1, 0</column>
<column name="exitcond_flatten3_reg_1244">1, 0, 1, 0</column>
<column name="exitcond_flatten3_reg_1244_pp3_iter1_reg">1, 0, 1, 0</column>
<column name="exitcond_flatten_reg_1039">1, 0, 1, 0</column>
<column name="exitcond_flatten_reg_1039_pp0_iter1_reg">1, 0, 1, 0</column>
<column name="i1_reg_288">31, 0, 31, 0</column>
<column name="i3_reg_321">31, 0, 31, 0</column>
<column name="i5_reg_354">31, 0, 31, 0</column>
<column name="i7_reg_422">31, 0, 31, 0</column>
<column name="i_1_reg_1011">31, 0, 31, 0</column>
<column name="i_reg_244">31, 0, 31, 0</column>
<column name="indvar_flatten1_reg_310">64, 0, 64, 0</column>
<column name="indvar_flatten2_reg_343">64, 0, 64, 0</column>
<column name="indvar_flatten3_reg_411">64, 0, 64, 0</column>
<column name="indvar_flatten_next3_reg_1123">64, 0, 64, 0</column>
<column name="indvar_flatten_reg_277">64, 0, 64, 0</column>
<column name="j2_reg_299">31, 0, 31, 0</column>
<column name="j4_reg_332">31, 0, 31, 0</column>
<column name="j6_mid2_reg_1145">31, 0, 31, 0</column>
<column name="j6_reg_365">31, 0, 31, 0</column>
<column name="j8_reg_433">31, 0, 31, 0</column>
<column name="j_1_reg_1024">31, 0, 31, 0</column>
<column name="j_reg_266">31, 0, 31, 0</column>
<column name="k_reg_377">32, 0, 32, 0</column>
<column name="next_mul_reg_1002">38, 0, 38, 0</column>
<column name="phi_mul_reg_255">38, 0, 38, 0</column>
<column name="sum_lcssa_reg_400">32, 0, 32, 0</column>
<column name="sum_reg_388">32, 0, 32, 0</column>
<column name="tmp_11_reg_1058">15, 0, 15, 0</column>
<column name="tmp_12_mid2_v_reg_1128">31, 0, 31, 0</column>
<column name="tmp_12_reg_1114">1, 0, 1, 0</column>
<column name="tmp_13_reg_1138">15, 0, 15, 0</column>
<column name="tmp_15_reg_1099">15, 0, 15, 0</column>
<column name="tmp_16_mid2_v_reg_1253">31, 0, 31, 0</column>
<column name="tmp_17_1_reg_1180">1, 0, 1, 0</column>
<column name="tmp_18_reg_1104">15, 0, 15, 0</column>
<column name="tmp_1_reg_997">15, 0, 15, 0</column>
<column name="tmp_20_1_reg_1224">32, 0, 32, 0</column>
<column name="tmp_20_reg_1133">15, 0, 15, 0</column>
<column name="tmp_21_cast_reg_1273">64, 0, 64, 0</column>
<column name="tmp_23_reg_1150">15, 0, 15, 0</column>
<column name="tmp_25_reg_1219">32, 0, 32, 0</column>
<column name="tmp_36_reg_1161">31, 0, 32, 1</column>
<column name="tmp_37_reg_1166">1, 0, 1, 0</column>
<column name="tmp_38_reg_1258">15, 0, 15, 0</column>
<column name="tmp_39_reg_1263">15, 0, 15, 0</column>
<column name="tmp_4_reg_1053">15, 0, 15, 0</column>
<column name="tmp_5_cast_reg_1029">15, 0, 64, 49</column>
<column name="tmp_5_mid2_v_reg_1094">31, 0, 31, 0</column>
<column name="tmp_7_mid2_v_reg_1048">31, 0, 31, 0</column>
<column name="tmp_9_cast_reg_1068">64, 0, 64, 0</column>
<column name="tmp_17_1_reg_1180">64, 32, 1, 0</column>
<column name="tmp_37_reg_1166">64, 32, 1, 0</column>
</table>
</item>
</section>
</item>
</section>

<section name = "Interface" level="0">
<item name = "Summary"><table name="" hasTotal="0">
<keys size="6">RTL Ports, Dir, Bits, Protocol, Source Object, C Type</keys>
<column name="ap_clk">in, 1, ap_ctrl_hs, partb, return value</column>
<column name="ap_rst">in, 1, ap_ctrl_hs, partb, return value</column>
<column name="ap_start">in, 1, ap_ctrl_hs, partb, return value</column>
<column name="ap_done">out, 1, ap_ctrl_hs, partb, return value</column>
<column name="ap_idle">out, 1, ap_ctrl_hs, partb, return value</column>
<column name="ap_ready">out, 1, ap_ctrl_hs, partb, return value</column>
<column name="A_address0">out, 14, ap_memory, A, array</column>
<column name="A_ce0">out, 1, ap_memory, A, array</column>
<column name="A_q0">in, 32, ap_memory, A, array</column>
<column name="B_address0">out, 14, ap_memory, B, array</column>
<column name="B_ce0">out, 1, ap_memory, B, array</column>
<column name="B_q0">in, 32, ap_memory, B, array</column>
<column name="C_address0">out, 14, ap_memory, C, array</column>
<column name="C_ce0">out, 1, ap_memory, C, array</column>
<column name="C_we0">out, 1, ap_memory, C, array</column>
<column name="C_d0">out, 32, ap_memory, C, array</column>
<column name="mA">in, 32, ap_none, mA, scalar</column>
<column name="nA">in, 32, ap_none, nA, scalar</column>
<column name="mB">in, 32, ap_none, mB, scalar</column>
<column name="nB">in, 32, ap_none, nB, scalar</column>
<column name="mC">in, 32, ap_none, mC, scalar</column>
<column name="nC">in, 32, ap_none, nC, scalar</column>
</table>
</item>
</section>
</profile>
