<stg><name>partb</name>


<trans_list>

<trans id="226" from="1" to="2">
<condition id="102">
<or_exp><and_exp></and_exp></or_exp>
</condition>
</trans>

<trans id="227" from="2" to="3">
<condition id="104">
<or_exp><and_exp><literal name="tmp" val="1"/>
</and_exp></or_exp>
</condition>
</trans>

<trans id="232" from="2" to="5">
<condition id="112">
<or_exp><and_exp><literal name="tmp" val="0"/>
</and_exp></or_exp>
</condition>
</trans>

<trans id="228" from="3" to="4">
<condition id="105">
<or_exp><and_exp><literal name="tmp_2" val="1"/>
</and_exp></or_exp>
</condition>
</trans>

<trans id="231" from="3" to="2">
<condition id="110">
<or_exp><and_exp><literal name="tmp_2" val="0"/>
</and_exp></or_exp>
</condition>
</trans>

<trans id="230" from="4" to="3">
<condition id="108">
<or_exp><and_exp></and_exp></or_exp>
</condition>
</trans>

<trans id="270" from="5" to="8">
<condition id="161">
<or_exp><and_exp><literal name="exitcond_flatten" val="1"/>
</and_exp></or_exp>
</condition>
</trans>

<trans id="271" from="5" to="6">
<condition id="164">
<or_exp><and_exp><literal name="exitcond_flatten" val="0"/>
</and_exp></or_exp>
</condition>
</trans>

<trans id="268" from="6" to="7">
<condition id="162">
<or_exp><and_exp></and_exp></or_exp>
</condition>
</trans>

<trans id="269" from="7" to="5">
<condition id="163">
<or_exp><and_exp></and_exp></or_exp>
</condition>
</trans>

<trans id="238" from="8" to="9">
<condition id="121">
<or_exp><and_exp></and_exp></or_exp>
</condition>
</trans>

<trans id="274" from="9" to="11">
<condition id="165">
<or_exp><and_exp><literal name="exitcond_flatten1" val="1"/>
</and_exp></or_exp>
</condition>
</trans>

<trans id="275" from="9" to="10">
<condition id="167">
<or_exp><and_exp><literal name="exitcond_flatten1" val="0"/>
</and_exp></or_exp>
</condition>
</trans>

<trans id="273" from="10" to="9">
<condition id="166">
<or_exp><and_exp></and_exp></or_exp>
</condition>
</trans>

<trans id="243" from="11" to="12">
<condition id="129">
<or_exp><and_exp></and_exp></or_exp>
</condition>
</trans>

<trans id="244" from="12" to="13">
<condition id="130">
<or_exp><and_exp><literal name="exitcond_flatten2" val="0"/>
</and_exp></or_exp>
</condition>
</trans>

<trans id="261" from="12" to="20">
<condition id="153">
<or_exp><and_exp><literal name="exitcond_flatten2" val="1"/>
</and_exp></or_exp>
</condition>
</trans>

<trans id="246" from="13" to="14">
<condition id="132">
<or_exp><and_exp></and_exp></or_exp>
</condition>
</trans>

<trans id="247" from="14" to="15">
<condition id="134">
<or_exp><and_exp></and_exp></or_exp>
</condition>
</trans>

<trans id="277" from="15" to="16">
<condition id="168">
<or_exp><and_exp></and_exp></or_exp>
</condition>
</trans>

<trans id="278" from="16" to="17">
<condition id="169">
<or_exp><and_exp></and_exp></or_exp>
</condition>
</trans>

<trans id="279" from="17" to="18">
<condition id="170">
<or_exp><and_exp></and_exp></or_exp>
</condition>
</trans>

<trans id="280" from="18" to="19">
<condition id="171">
<or_exp><and_exp><literal name="tmp_37" val="1"/>
</and_exp><and_exp><literal name="tmp_37" val="0"/>
<literal name="tmp_17_1" val="0"/>
</and_exp></or_exp>
</condition>
</trans>

<trans id="281" from="18" to="15">
<condition id="172">
<or_exp><and_exp><literal name="tmp_37" val="0"/>
<literal name="tmp_17_1" val="1"/>
</and_exp></or_exp>
</condition>
</trans>

<trans id="260" from="19" to="12">
<condition id="151">
<or_exp><and_exp></and_exp></or_exp>
</condition>
</trans>

<trans id="285" from="20" to="23">
<condition id="173">
<or_exp><and_exp><literal name="exitcond_flatten3" val="1"/>
</and_exp></or_exp>
</condition>
</trans>

<trans id="286" from="20" to="21">
<condition id="176">
<or_exp><and_exp><literal name="exitcond_flatten3" val="0"/>
</and_exp></or_exp>
</condition>
</trans>

<trans id="283" from="21" to="22">
<condition id="174">
<or_exp><and_exp></and_exp></or_exp>
</condition>
</trans>

<trans id="284" from="22" to="20">
<condition id="175">
<or_exp><and_exp></and_exp></or_exp>
</condition>
</trans>
</trans_list>



<state_list>

<state id="1" st_id="1">

<operation id="24" st_id="1" stage="1" lat="1">
<core>NULL</core>
<MemPortIdVec></MemPortIdVec>
<condition id="77">
<or_exp><and_exp></and_exp></or_exp>
</condition>

<Node id="10" bw="0" op_0_bw="0" op_1_bw="32">
<![CDATA[
:0  call void (...)* @_ssdm_op_SpecBitsMap([10000 x i32]* %A) nounwind, !map !7

]]></Node>
<StgValue><ssdm name=""/></StgValue>
</operation>

<operation id="25" st_id="1" stage="1" lat="1">
<core>NULL</core>
<MemPortIdVec></MemPortIdVec>
<condition id="77">
<or_exp><and_exp></and_exp></or_exp>
</condition>

<Node id="11" bw="0" op_0_bw="0" op_1_bw="32">
<![CDATA[
:1  call void (...)* @_ssdm_op_SpecBitsMap([10000 x i32]* %B) nounwind, !map !13

]]></Node>
<StgValue><ssdm name=""/></StgValue>
</operation>

<operation id="26" st_id="1" stage="1" lat="1">
<core>NULL</core>
<MemPortIdVec></MemPortIdVec>
<condition id="77">
<or_exp><and_exp></and_exp></or_exp>
</condition>

<Node id="12" bw="0" op_0_bw="0" op_1_bw="32">
<![CDATA[
:2  call void (...)* @_ssdm_op_SpecBitsMap([10000 x i32]* %C) nounwind, !map !17

]]></Node>
<StgValue><ssdm name=""/></StgValue>
</operation>

<operation id="27" st_id="1" stage="1" lat="1">
<core>NULL</core>
<MemPortIdVec></MemPortIdVec>
<condition id="77">
<or_exp><and_exp></and_exp></or_exp>
</condition>

<Node id="13" bw="0" op_0_bw="0" op_1_bw="32">
<![CDATA[
:3  call void (...)* @_ssdm_op_SpecBitsMap(i32 %mA) nounwind, !map !21

]]></Node>
<StgValue><ssdm name=""/></StgValue>
</operation>

<operation id="28" st_id="1" stage="1" lat="1">
<core>NULL</core>
<MemPortIdVec></MemPortIdVec>
<condition id="77">
<or_exp><and_exp></and_exp></or_exp>
</condition>

<Node id="14" bw="0" op_0_bw="0" op_1_bw="32">
<![CDATA[
:4  call void (...)* @_ssdm_op_SpecBitsMap(i32 %nA) nounwind, !map !27

]]></Node>
<StgValue><ssdm name=""/></StgValue>
</operation>

<operation id="29" st_id="1" stage="1" lat="1">
<core>NULL</core>
<MemPortIdVec></MemPortIdVec>
<condition id="77">
<or_exp><and_exp></and_exp></or_exp>
</condition>

<Node id="15" bw="0" op_0_bw="0" op_1_bw="32">
<![CDATA[
:5  call void (...)* @_ssdm_op_SpecBitsMap(i32 %mB) nounwind, !map !31

]]></Node>
<StgValue><ssdm name=""/></StgValue>
</operation>

<operation id="30" st_id="1" stage="1" lat="1">
<core>NULL</core>
<MemPortIdVec></MemPortIdVec>
<condition id="77">
<or_exp><and_exp></and_exp></or_exp>
</condition>

<Node id="16" bw="0" op_0_bw="0" op_1_bw="32">
<![CDATA[
:6  call void (...)* @_ssdm_op_SpecBitsMap(i32 %nB) nounwind, !map !35

]]></Node>
<StgValue><ssdm name=""/></StgValue>
</operation>

<operation id="31" st_id="1" stage="1" lat="1">
<core>NULL</core>
<MemPortIdVec></MemPortIdVec>
<condition id="77">
<or_exp><and_exp></and_exp></or_exp>
</condition>

<Node id="17" bw="0" op_0_bw="0" op_1_bw="32">
<![CDATA[
:7  call void (...)* @_ssdm_op_SpecBitsMap(i32 %mC) nounwind, !map !39

]]></Node>
<StgValue><ssdm name=""/></StgValue>
</operation>

<operation id="32" st_id="1" stage="1" lat="1">
<core>NULL</core>
<MemPortIdVec></MemPortIdVec>
<condition id="77">
<or_exp><and_exp></and_exp></or_exp>
</condition>

<Node id="18" bw="0" op_0_bw="0" op_1_bw="32">
<![CDATA[
:8  call void (...)* @_ssdm_op_SpecBitsMap(i32 %nC) nounwind, !map !43

]]></Node>
<StgValue><ssdm name=""/></StgValue>
</operation>

<operation id="33" st_id="1" stage="1" lat="1">
<core>NULL</core>
<MemPortIdVec></MemPortIdVec>
<condition id="77">
<or_exp><and_exp></and_exp></or_exp>
</condition>

<Node id="19" bw="0" op_0_bw="0" op_1_bw="0">
<![CDATA[
:9  call void (...)* @_ssdm_op_SpecTopModule([6 x i8]* @partb_str) nounwind

]]></Node>
<StgValue><ssdm name=""/></StgValue>
</operation>

<operation id="34" st_id="1" stage="1" lat="1">
<core>NULL</core>
<MemPortIdVec></MemPortIdVec>
<condition id="77">
<or_exp><and_exp></and_exp></or_exp>
</condition>

<Node id="20" bw="32" op_0_bw="32" op_1_bw="32">
<![CDATA[
:10  %nC_read = call i32 @_ssdm_op_Read.ap_auto.i32(i32 %nC) nounwind

]]></Node>
<StgValue><ssdm name="nC_read"/></StgValue>
</operation>

<operation id="35" st_id="1" stage="1" lat="1">
<core>NULL</core>
<MemPortIdVec></MemPortIdVec>
<condition id="77">
<or_exp><and_exp></and_exp></or_exp>
</condition>

<Node id="21" bw="32" op_0_bw="32" op_1_bw="32">
<![CDATA[
:11  %mC_read = call i32 @_ssdm_op_Read.ap_auto.i32(i32 %mC) nounwind

]]></Node>
<StgValue><ssdm name="mC_read"/></StgValue>
</operation>

<operation id="36" st_id="1" stage="1" lat="1">
<core>NULL</core>
<MemPortIdVec></MemPortIdVec>
<condition id="77">
<or_exp><and_exp></and_exp></or_exp>
</condition>

<Node id="22" bw="32" op_0_bw="32" op_1_bw="32">
<![CDATA[
:12  %nB_read = call i32 @_ssdm_op_Read.ap_auto.i32(i32 %nB) nounwind

]]></Node>
<StgValue><ssdm name="nB_read"/></StgValue>
</operation>

<operation id="37" st_id="1" stage="1" lat="1">
<core>NULL</core>
<MemPortIdVec></MemPortIdVec>
<condition id="77">
<or_exp><and_exp></and_exp></or_exp>
</condition>

<Node id="23" bw="32" op_0_bw="32" op_1_bw="32">
<![CDATA[
:13  %mB_read = call i32 @_ssdm_op_Read.ap_auto.i32(i32 %mB) nounwind

]]></Node>
<StgValue><ssdm name="mB_read"/></StgValue>
</operation>

<operation id="38" st_id="1" stage="1" lat="1">
<core>NULL</core>
<MemPortIdVec></MemPortIdVec>
<condition id="77">
<or_exp><and_exp></and_exp></or_exp>
</condition>

<Node id="24" bw="32" op_0_bw="32" op_1_bw="32">
<![CDATA[
:14  %nA_read = call i32 @_ssdm_op_Read.ap_auto.i32(i32 %nA) nounwind

]]></Node>
<StgValue><ssdm name="nA_read"/></StgValue>
</operation>

<operation id="39" st_id="1" stage="1" lat="1">
<core>NULL</core>
<MemPortIdVec></MemPortIdVec>
<condition id="77">
<or_exp><and_exp></and_exp></or_exp>
</condition>

<Node id="25" bw="32" op_0_bw="32" op_1_bw="32">
<![CDATA[
:15  %mA_read = call i32 @_ssdm_op_Read.ap_auto.i32(i32 %mA) nounwind

]]></Node>
<StgValue><ssdm name="mA_read"/></StgValue>
</operation>

<operation id="40" st_id="1" stage="1" lat="1">
<core>RAM</core>
<MemPortIdVec></MemPortIdVec>
<condition id="77">
<or_exp><and_exp></and_exp></or_exp>
</condition>

<Node id="26" bw="32" op_0_bw="64">
<![CDATA[
:16  %A_i = alloca [10000 x i32], align 4

]]></Node>
<StgValue><ssdm name="A_i"/></StgValue>
</operation>

<operation id="41" st_id="1" stage="1" lat="1">
<core>RAM</core>
<MemPortIdVec></MemPortIdVec>
<condition id="77">
<or_exp><and_exp></and_exp></or_exp>
</condition>

<Node id="27" bw="32" op_0_bw="64">
<![CDATA[
:17  %B_i = alloca [10000 x i32], align 4

]]></Node>
<StgValue><ssdm name="B_i"/></StgValue>
</operation>

<operation id="42" st_id="1" stage="1" lat="1">
<core>RAM</core>
<MemPortIdVec></MemPortIdVec>
<condition id="77">
<or_exp><and_exp></and_exp></or_exp>
</condition>

<Node id="28" bw="32" op_0_bw="64">
<![CDATA[
:18  %C_i = alloca [10000 x i32], align 4

]]></Node>
<StgValue><ssdm name="C_i"/></StgValue>
</operation>

<operation id="43" st_id="1" stage="1" lat="1">
<core>NULL</core>
<MemPortIdVec></MemPortIdVec>
<condition id="77">
<or_exp><and_exp></and_exp></or_exp>
</condition>

<Node id="29" bw="0" op_0_bw="0">
<![CDATA[
:19  br label %.loopexit

]]></Node>
<StgValue><ssdm name=""/></StgValue>
</operation>
</state>

<state id="2" st_id="2">

<operation id="44" st_id="2" stage="1" lat="1">
<core>NULL</core>
<MemPortIdVec></MemPortIdVec>
<condition id="78">
<or_exp><and_exp></and_exp></or_exp>
</condition>

<Node id="31" bw="31" op_0_bw="31" op_1_bw="0">
<![CDATA[
.loopexit:0  %i = phi i31 [ 0, %0 ], [ %i_1, %.loopexit.loopexit ]

]]></Node>
<StgValue><ssdm name="i"/></StgValue>
</operation>

<operation id="45" st_id="2" stage="1" lat="1">
<core>NULL</core>
<MemPortIdVec></MemPortIdVec>
<condition id="78">
<or_exp><and_exp></and_exp></or_exp>
</condition>

<Node id="32" bw="38" op_0_bw="38" op_1_bw="0">
<![CDATA[
.loopexit:1  %phi_mul = phi i38 [ 0, %0 ], [ %next_mul, %.loopexit.loopexit ]

]]></Node>
<StgValue><ssdm name="phi_mul"/></StgValue>
</operation>

<operation id="46" st_id="2" stage="1" lat="1">
<core>NULL</core>
<MemPortIdVec></MemPortIdVec>
<condition id="78">
<or_exp><and_exp></and_exp></or_exp>
</condition>

<Node id="33" bw="15" op_0_bw="38">
<![CDATA[
.loopexit:2  %tmp_1 = trunc i38 %phi_mul to i15

]]></Node>
<StgValue><ssdm name="tmp_1"/></StgValue>
</operation>

<operation id="47" st_id="2" stage="1" lat="1">
<core>AddSub</core>
<MemPortIdVec></MemPortIdVec>
<condition id="78">
<or_exp><and_exp></and_exp></or_exp>
</condition>

<Node id="34" bw="38" op_0_bw="38" op_1_bw="38">
<![CDATA[
.loopexit:3  %next_mul = add i38 100, %phi_mul

]]></Node>
<StgValue><ssdm name="next_mul"/></StgValue>
</operation>

<operation id="48" st_id="2" stage="1" lat="1">
<core>NULL</core>
<MemPortIdVec></MemPortIdVec>
<condition id="78">
<or_exp><and_exp></and_exp></or_exp>
</condition>

<Node id="35" bw="32" op_0_bw="31">
<![CDATA[
.loopexit:4  %i_cast = zext i31 %i to i32

]]></Node>
<StgValue><ssdm name="i_cast"/></StgValue>
</operation>

<operation id="49" st_id="2" stage="1" lat="1">
<core>Cmp</core>
<MemPortIdVec></MemPortIdVec>
<condition id="78">
<or_exp><and_exp></and_exp></or_exp>
</condition>

<Node id="36" bw="1" op_0_bw="32" op_1_bw="32">
<![CDATA[
.loopexit:5  %tmp = icmp slt i32 %i_cast, %mA_read

]]></Node>
<StgValue><ssdm name="tmp"/></StgValue>
</operation>

<operation id="50" st_id="2" stage="1" lat="1">
<core>AddSub</core>
<MemPortIdVec></MemPortIdVec>
<condition id="78">
<or_exp><and_exp></and_exp></or_exp>
</condition>

<Node id="37" bw="31" op_0_bw="31" op_1_bw="31">
<![CDATA[
.loopexit:6  %i_1 = add i31 1, %i

]]></Node>
<StgValue><ssdm name="i_1"/></StgValue>
</operation>

<operation id="51" st_id="2" stage="1" lat="1">
<core>NULL</core>
<MemPortIdVec></MemPortIdVec>
<condition id="78">
<or_exp><and_exp></and_exp></or_exp>
</condition>

<Node id="38" bw="0" op_0_bw="1" op_1_bw="0" op_2_bw="0">
<![CDATA[
.loopexit:7  br i1 %tmp, label %.preheader6.preheader, label %.preheader5.preheader

]]></Node>
<StgValue><ssdm name=""/></StgValue>
</operation>

<operation id="52" st_id="2" stage="1" lat="1">
<core>NULL</core>
<MemPortIdVec></MemPortIdVec>
<condition id="80">
<or_exp><and_exp><literal name="tmp" val="1"/>
</and_exp></or_exp>
</condition>

<Node id="40" bw="0" op_0_bw="0">
<![CDATA[
.preheader6.preheader:0  br label %.preheader6

]]></Node>
<StgValue><ssdm name=""/></StgValue>
</operation>

<operation id="53" st_id="2" stage="1" lat="1">
<core>NULL</core>
<MemPortIdVec></MemPortIdVec>
<condition id="82">
<or_exp><and_exp><literal name="tmp" val="0"/>
</and_exp></or_exp>
</condition>

<Node id="59" bw="64" op_0_bw="32">
<![CDATA[
.preheader5.preheader:0  %cast = zext i32 %mB_read to i64

]]></Node>
<StgValue><ssdm name="cast"/></StgValue>
</operation>

<operation id="54" st_id="2" stage="1" lat="1">
<core>NULL</core>
<MemPortIdVec></MemPortIdVec>
<condition id="82">
<or_exp><and_exp><literal name="tmp" val="0"/>
</and_exp></or_exp>
</condition>

<Node id="60" bw="64" op_0_bw="32">
<![CDATA[
.preheader5.preheader:1  %cast1 = zext i32 %nB_read to i64

]]></Node>
<StgValue><ssdm name="cast1"/></StgValue>
</operation>

<operation id="55" st_id="2" stage="1" lat="1">
<core>Mul</core>
<MemPortIdVec></MemPortIdVec>
<condition id="82">
<or_exp><and_exp><literal name="tmp" val="0"/>
</and_exp></or_exp>
</condition>

<Node id="61" bw="64" op_0_bw="64" op_1_bw="64">
<![CDATA[
.preheader5.preheader:2  %bound = mul i64 %cast1, %cast

]]></Node>
<StgValue><ssdm name="bound"/></StgValue>
</operation>

<operation id="56" st_id="2" stage="1" lat="1">
<core>NULL</core>
<MemPortIdVec></MemPortIdVec>
<condition id="82">
<or_exp><and_exp><literal name="tmp" val="0"/>
</and_exp></or_exp>
</condition>

<Node id="62" bw="0" op_0_bw="0">
<![CDATA[
.preheader5.preheader:3  br label %2

]]></Node>
<StgValue><ssdm name=""/></StgValue>
</operation>
</state>

<state id="3" st_id="3">

<operation id="57" st_id="3" stage="1" lat="1">
<core>NULL</core>
<MemPortIdVec></MemPortIdVec>
<condition id="83">
<or_exp><and_exp></and_exp></or_exp>
</condition>

<Node id="42" bw="31" op_0_bw="31" op_1_bw="0">
<![CDATA[
.preheader6:0  %j = phi i31 [ %j_1, %1 ], [ 0, %.preheader6.preheader ]

]]></Node>
<StgValue><ssdm name="j"/></StgValue>
</operation>

<operation id="58" st_id="3" stage="1" lat="1">
<core>NULL</core>
<MemPortIdVec></MemPortIdVec>
<condition id="83">
<or_exp><and_exp></and_exp></or_exp>
</condition>

<Node id="43" bw="32" op_0_bw="31">
<![CDATA[
.preheader6:1  %j_cast = zext i31 %j to i32

]]></Node>
<StgValue><ssdm name="j_cast"/></StgValue>
</operation>

<operation id="59" st_id="3" stage="1" lat="1">
<core>Cmp</core>
<MemPortIdVec></MemPortIdVec>
<condition id="83">
<or_exp><and_exp></and_exp></or_exp>
</condition>

<Node id="44" bw="1" op_0_bw="32" op_1_bw="32">
<![CDATA[
.preheader6:2  %tmp_2 = icmp slt i32 %j_cast, %nA_read

]]></Node>
<StgValue><ssdm name="tmp_2"/></StgValue>
</operation>

<operation id="60" st_id="3" stage="1" lat="1">
<core>AddSub</core>
<MemPortIdVec></MemPortIdVec>
<condition id="83">
<or_exp><and_exp></and_exp></or_exp>
</condition>

<Node id="45" bw="31" op_0_bw="31" op_1_bw="31">
<![CDATA[
.preheader6:3  %j_1 = add i31 %j, 1

]]></Node>
<StgValue><ssdm name="j_1"/></StgValue>
</operation>

<operation id="61" st_id="3" stage="1" lat="1">
<core>NULL</core>
<MemPortIdVec></MemPortIdVec>
<condition id="83">
<or_exp><and_exp></and_exp></or_exp>
</condition>

<Node id="46" bw="0" op_0_bw="1" op_1_bw="0" op_2_bw="0">
<![CDATA[
.preheader6:4  br i1 %tmp_2, label %1, label %.loopexit.loopexit

]]></Node>
<StgValue><ssdm name=""/></StgValue>
</operation>

<operation id="62" st_id="3" stage="1" lat="1">
<core>NULL</core>
<MemPortIdVec></MemPortIdVec>
<condition id="85">
<or_exp><and_exp><literal name="tmp_2" val="1"/>
</and_exp></or_exp>
</condition>

<Node id="48" bw="15" op_0_bw="31">
<![CDATA[
:0  %tmp_3 = trunc i31 %j to i15

]]></Node>
<StgValue><ssdm name="tmp_3"/></StgValue>
</operation>

<operation id="63" st_id="3" stage="1" lat="1">
<core>AddSub</core>
<MemPortIdVec></MemPortIdVec>
<condition id="85">
<or_exp><and_exp><literal name="tmp_2" val="1"/>
</and_exp></or_exp>
</condition>

<Node id="49" bw="15" op_0_bw="15" op_1_bw="15">
<![CDATA[
:1  %tmp_5 = add i15 %tmp_1, %tmp_3

]]></Node>
<StgValue><ssdm name="tmp_5"/></StgValue>
</operation>

<operation id="64" st_id="3" stage="1" lat="1">
<core>NULL</core>
<MemPortIdVec></MemPortIdVec>
<condition id="85">
<or_exp><and_exp><literal name="tmp_2" val="1"/>
</and_exp></or_exp>
</condition>

<Node id="50" bw="64" op_0_bw="15">
<![CDATA[
:2  %tmp_5_cast = zext i15 %tmp_5 to i64

]]></Node>
<StgValue><ssdm name="tmp_5_cast"/></StgValue>
</operation>

<operation id="65" st_id="3" stage="1" lat="1">
<core>NULL</core>
<MemPortIdVec></MemPortIdVec>
<condition id="85">
<or_exp><and_exp><literal name="tmp_2" val="1"/>
</and_exp></or_exp>
</condition>

<Node id="51" bw="14" op_0_bw="32" op_1_bw="64" op_2_bw="64">
<![CDATA[
:3  %A_addr = getelementptr [10000 x i32]* %A, i64 0, i64 %tmp_5_cast

]]></Node>
<StgValue><ssdm name="A_addr"/></StgValue>
</operation>

<operation id="66" st_id="3" stage="2" lat="2">
<core>RAM</core>
<MemPortIdVec></MemPortIdVec>
<condition id="85">
<or_exp><and_exp><literal name="tmp_2" val="1"/>
</and_exp></or_exp>
</condition>

<Node id="53" bw="32" op_0_bw="14">
<![CDATA[
:5  %A_load = load i32* %A_addr, align 4

]]></Node>
<StgValue><ssdm name="A_load"/></StgValue>
</operation>

<operation id="67" st_id="3" stage="1" lat="1">
<core>NULL</core>
<MemPortIdVec></MemPortIdVec>
<condition id="87">
<or_exp><and_exp><literal name="tmp_2" val="0"/>
</and_exp></or_exp>
</condition>

<Node id="57" bw="0" op_0_bw="0">
<![CDATA[
.loopexit.loopexit:0  br label %.loopexit

]]></Node>
<StgValue><ssdm name=""/></StgValue>
</operation>
</state>

<state id="4" st_id="4">

<operation id="68" st_id="4" stage="1" lat="1">
<core>NULL</core>
<MemPortIdVec></MemPortIdVec>
<condition id="88">
<or_exp><and_exp></and_exp></or_exp>
</condition>

<Node id="52" bw="14" op_0_bw="32" op_1_bw="64" op_2_bw="64">
<![CDATA[
:4  %A_i_addr = getelementptr [10000 x i32]* %A_i, i64 0, i64 %tmp_5_cast

]]></Node>
<StgValue><ssdm name="A_i_addr"/></StgValue>
</operation>

<operation id="69" st_id="4" stage="1" lat="2">
<core>RAM</core>
<MemPortIdVec></MemPortIdVec>
<condition id="88">
<or_exp><and_exp></and_exp></or_exp>
</condition>

<Node id="53" bw="32" op_0_bw="14">
<![CDATA[
:5  %A_load = load i32* %A_addr, align 4

]]></Node>
<StgValue><ssdm name="A_load"/></StgValue>
</operation>

<operation id="70" st_id="4" stage="1" lat="1">
<core>RAM</core>
<MemPortIdVec></MemPortIdVec>
<condition id="88">
<or_exp><and_exp></and_exp></or_exp>
</condition>

<Node id="54" bw="0" op_0_bw="32" op_1_bw="14">
<![CDATA[
:6  store i32 %A_load, i32* %A_i_addr, align 4

]]></Node>
<StgValue><ssdm name=""/></StgValue>
</operation>

<operation id="71" st_id="4" stage="1" lat="1">
<core>NULL</core>
<MemPortIdVec></MemPortIdVec>
<condition id="88">
<or_exp><and_exp></and_exp></or_exp>
</condition>

<Node id="55" bw="0" op_0_bw="0">
<![CDATA[
:7  br label %.preheader6

]]></Node>
<StgValue><ssdm name=""/></StgValue>
</operation>
</state>

<state id="5" st_id="5">

<operation id="72" st_id="5" stage="1" lat="1">
<core>NULL</core>
<MemPortIdVec></MemPortIdVec>
<condition id="-1">
<or_exp><and_exp></and_exp></or_exp>
</condition>

<Node id="64" bw="64" op_0_bw="64" op_1_bw="0">
<![CDATA[
:0  %indvar_flatten = phi i64 [ 0, %.preheader5.preheader ], [ %indvar_flatten_next, %.preheader5 ]

]]></Node>
<StgValue><ssdm name="indvar_flatten"/></StgValue>
</operation>

<operation id="73" st_id="5" stage="1" lat="1">
<core>NULL</core>
<MemPortIdVec></MemPortIdVec>
<condition id="-1">
<or_exp><and_exp></and_exp></or_exp>
</condition>

<Node id="65" bw="31" op_0_bw="31" op_1_bw="0">
<![CDATA[
:1  %i1 = phi i31 [ 0, %.preheader5.preheader ], [ %tmp_7_mid2_v, %.preheader5 ]

]]></Node>
<StgValue><ssdm name="i1"/></StgValue>
</operation>

<operation id="74" st_id="5" stage="1" lat="1">
<core>NULL</core>
<MemPortIdVec></MemPortIdVec>
<condition id="-1">
<or_exp><and_exp></and_exp></or_exp>
</condition>

<Node id="66" bw="31" op_0_bw="31" op_1_bw="0">
<![CDATA[
:2  %j2 = phi i31 [ 0, %.preheader5.preheader ], [ %j_2, %.preheader5 ]

]]></Node>
<StgValue><ssdm name="j2"/></StgValue>
</operation>

<operation id="75" st_id="5" stage="1" lat="1">
<core>NULL</core>
<MemPortIdVec></MemPortIdVec>
<condition id="-1">
<or_exp><and_exp></and_exp></or_exp>
</condition>

<Node id="67" bw="0" op_0_bw="0" op_1_bw="32" op_2_bw="32" op_3_bw="32" op_4_bw="32" op_5_bw="0">
<![CDATA[
:3  call void (...)* @_ssdm_op_SpecPipeline(i32 -1, i32 1, i32 1, i32 0, [1 x i8]* @p_str1) nounwind

]]></Node>
<StgValue><ssdm name=""/></StgValue>
</operation>

<operation id="76" st_id="5" stage="1" lat="1">
<core>NULL</core>
<MemPortIdVec></MemPortIdVec>
<condition id="-1">
<or_exp><and_exp></and_exp></or_exp>
</condition>

<Node id="68" bw="32" op_0_bw="31">
<![CDATA[
:4  %j2_cast = zext i31 %j2 to i32

]]></Node>
<StgValue><ssdm name="j2_cast"/></StgValue>
</operation>

<operation id="77" st_id="5" stage="1" lat="1">
<core>Cmp</core>
<MemPortIdVec></MemPortIdVec>
<condition id="-1">
<or_exp><and_exp></and_exp></or_exp>
</condition>

<Node id="69" bw="1" op_0_bw="32" op_1_bw="32">
<![CDATA[
:5  %tmp_8 = icmp slt i32 %j2_cast, %nB_read

]]></Node>
<StgValue><ssdm name="tmp_8"/></StgValue>
</operation>

<operation id="78" st_id="5" stage="1" lat="1">
<core>Cmp</core>
<MemPortIdVec></MemPortIdVec>
<condition id="-1">
<or_exp><and_exp></and_exp></or_exp>
</condition>

<Node id="70" bw="1" op_0_bw="64" op_1_bw="64">
<![CDATA[
:6  %exitcond_flatten = icmp eq i64 %indvar_flatten, %bound

]]></Node>
<StgValue><ssdm name="exitcond_flatten"/></StgValue>
</operation>

<operation id="79" st_id="5" stage="1" lat="1">
<core>AddSub</core>
<MemPortIdVec></MemPortIdVec>
<condition id="-1">
<or_exp><and_exp></and_exp></or_exp>
</condition>

<Node id="71" bw="64" op_0_bw="64" op_1_bw="64">
<![CDATA[
:7  %indvar_flatten_next = add i64 %indvar_flatten, 1

]]></Node>
<StgValue><ssdm name="indvar_flatten_next"/></StgValue>
</operation>

<operation id="80" st_id="5" stage="1" lat="1">
<core>NULL</core>
<MemPortIdVec></MemPortIdVec>
<condition id="-1">
<or_exp><and_exp></and_exp></or_exp>
</condition>

<Node id="72" bw="0" op_0_bw="1" op_1_bw="0" op_2_bw="0">
<![CDATA[
:8  br i1 %exitcond_flatten, label %.preheader4.preheader, label %.preheader5

]]></Node>
<StgValue><ssdm name=""/></StgValue>
</operation>

<operation id="81" st_id="5" stage="1" lat="1">
<core>AddSub</core>
<MemPortIdVec></MemPortIdVec>
<condition id="0">
<or_exp><and_exp><literal name="exitcond_flatten" val="0"/>
</and_exp></or_exp>
</condition>

<Node id="74" bw="31" op_0_bw="31" op_1_bw="31">
<![CDATA[
.preheader5:0  %i_2 = add i31 1, %i1

]]></Node>
<StgValue><ssdm name="i_2"/></StgValue>
</operation>

<operation id="82" st_id="5" stage="1" lat="1">
<core>Sel</core>
<MemPortIdVec></MemPortIdVec>
<condition id="0">
<or_exp><and_exp><literal name="exitcond_flatten" val="0"/>
</and_exp></or_exp>
</condition>

<Node id="76" bw="31" op_0_bw="1" op_1_bw="31" op_2_bw="31">
<![CDATA[
.preheader5:2  %j2_mid2 = select i1 %tmp_8, i31 %j2, i31 0

]]></Node>
<StgValue><ssdm name="j2_mid2"/></StgValue>
</operation>

<operation id="83" st_id="5" stage="1" lat="1">
<core>Sel</core>
<MemPortIdVec></MemPortIdVec>
<condition id="0">
<or_exp><and_exp><literal name="exitcond_flatten" val="0"/>
</and_exp></or_exp>
</condition>

<Node id="78" bw="31" op_0_bw="1" op_1_bw="31" op_2_bw="31">
<![CDATA[
.preheader5:4  %tmp_7_mid2_v = select i1 %tmp_8, i31 %i1, i31 %i_2

]]></Node>
<StgValue><ssdm name="tmp_7_mid2_v"/></StgValue>
</operation>

<operation id="84" st_id="5" stage="1" lat="1">
<core>NULL</core>
<MemPortIdVec></MemPortIdVec>
<condition id="0">
<or_exp><and_exp><literal name="exitcond_flatten" val="0"/>
</and_exp></or_exp>
</condition>

<Node id="79" bw="15" op_0_bw="31">
<![CDATA[
.preheader5:5  %tmp_4 = trunc i31 %tmp_7_mid2_v to i15

]]></Node>
<StgValue><ssdm name="tmp_4"/></StgValue>
</operation>

<operation id="85" st_id="5" stage="1" lat="1">
<core>NULL</core>
<MemPortIdVec></MemPortIdVec>
<condition id="0">
<or_exp><and_exp><literal name="exitcond_flatten" val="0"/>
</and_exp></or_exp>
</condition>

<Node id="81" bw="15" op_0_bw="31">
<![CDATA[
.preheader5:7  %tmp_11 = trunc i31 %j2_mid2 to i15

]]></Node>
<StgValue><ssdm name="tmp_11"/></StgValue>
</operation>

<operation id="86" st_id="5" stage="1" lat="1">
<core>AddSub</core>
<MemPortIdVec></MemPortIdVec>
<condition id="0">
<or_exp><and_exp><literal name="exitcond_flatten" val="0"/>
</and_exp></or_exp>
</condition>

<Node id="88" bw="31" op_0_bw="31" op_1_bw="31">
<![CDATA[
.preheader5:14  %j_2 = add i31 1, %j2_mid2

]]></Node>
<StgValue><ssdm name="j_2"/></StgValue>
</operation>
</state>

<state id="6" st_id="6">

<operation id="87" st_id="6" stage="1" lat="1">
<core>DSP48</core>
<MemPortIdVec></MemPortIdVec>
<condition id="0">
<or_exp><and_exp><literal name="exitcond_flatten" val="0"/>
</and_exp></or_exp>
</condition>

<Node id="80" bw="15" op_0_bw="15" op_1_bw="15">
<![CDATA[
.preheader5:6  %tmp_7 = mul i15 100, %tmp_4

]]></Node>
<StgValue><ssdm name="tmp_7"/></StgValue>
</operation>

<operation id="88" st_id="6" stage="1" lat="1">
<core>DSP48</core>
<MemPortIdVec></MemPortIdVec>
<condition id="0">
<or_exp><and_exp><literal name="exitcond_flatten" val="0"/>
</and_exp></or_exp>
</condition>

<Node id="82" bw="15" op_0_bw="15" op_1_bw="15">
<![CDATA[
.preheader5:8  %tmp_9 = add i15 %tmp_7, %tmp_11

]]></Node>
<StgValue><ssdm name="tmp_9"/></StgValue>
</operation>

<operation id="89" st_id="6" stage="1" lat="1">
<core>NULL</core>
<MemPortIdVec></MemPortIdVec>
<condition id="0">
<or_exp><and_exp><literal name="exitcond_flatten" val="0"/>
</and_exp></or_exp>
</condition>

<Node id="83" bw="64" op_0_bw="15">
<![CDATA[
.preheader5:9  %tmp_9_cast = sext i15 %tmp_9 to i64

]]></Node>
<StgValue><ssdm name="tmp_9_cast"/></StgValue>
</operation>

<operation id="90" st_id="6" stage="1" lat="1">
<core>NULL</core>
<MemPortIdVec></MemPortIdVec>
<condition id="0">
<or_exp><and_exp><literal name="exitcond_flatten" val="0"/>
</and_exp></or_exp>
</condition>

<Node id="84" bw="14" op_0_bw="32" op_1_bw="64" op_2_bw="64">
<![CDATA[
.preheader5:10  %B_addr = getelementptr [10000 x i32]* %B, i64 0, i64 %tmp_9_cast

]]></Node>
<StgValue><ssdm name="B_addr"/></StgValue>
</operation>

<operation id="91" st_id="6" stage="2" lat="2">
<core>RAM</core>
<MemPortIdVec></MemPortIdVec>
<condition id="0">
<or_exp><and_exp><literal name="exitcond_flatten" val="0"/>
</and_exp></or_exp>
</condition>

<Node id="86" bw="32" op_0_bw="14">
<![CDATA[
.preheader5:12  %B_load = load i32* %B_addr, align 4

]]></Node>
<StgValue><ssdm name="B_load"/></StgValue>
</operation>
</state>

<state id="7" st_id="7">

<operation id="92" st_id="7" stage="1" lat="1">
<core>NULL</core>
<MemPortIdVec></MemPortIdVec>
<condition id="0">
<or_exp><and_exp><literal name="exitcond_flatten" val="0"/>
</and_exp></or_exp>
</condition>

<Node id="75" bw="0" op_0_bw="0" op_1_bw="32" op_2_bw="32" op_3_bw="32" op_4_bw="32" op_5_bw="0">
<![CDATA[
.preheader5:1  call void (...)* @_ssdm_op_SpecPipeline(i32 -1, i32 1, i32 1, i32 0, [1 x i8]* @p_str1) nounwind

]]></Node>
<StgValue><ssdm name=""/></StgValue>
</operation>

<operation id="93" st_id="7" stage="1" lat="1">
<core>NULL</core>
<MemPortIdVec></MemPortIdVec>
<condition id="0">
<or_exp><and_exp><literal name="exitcond_flatten" val="0"/>
</and_exp></or_exp>
</condition>

<Node id="77" bw="0" op_0_bw="0" op_1_bw="32" op_2_bw="32" op_3_bw="32" op_4_bw="32" op_5_bw="0">
<![CDATA[
.preheader5:3  call void (...)* @_ssdm_op_SpecPipeline(i32 -1, i32 1, i32 1, i32 0, [1 x i8]* @p_str1) nounwind

]]></Node>
<StgValue><ssdm name=""/></StgValue>
</operation>

<operation id="94" st_id="7" stage="1" lat="1">
<core>NULL</core>
<MemPortIdVec></MemPortIdVec>
<condition id="0">
<or_exp><and_exp><literal name="exitcond_flatten" val="0"/>
</and_exp></or_exp>
</condition>

<Node id="85" bw="14" op_0_bw="32" op_1_bw="64" op_2_bw="64">
<![CDATA[
.preheader5:11  %B_i_addr = getelementptr [10000 x i32]* %B_i, i64 0, i64 %tmp_9_cast

]]></Node>
<StgValue><ssdm name="B_i_addr"/></StgValue>
</operation>

<operation id="95" st_id="7" stage="1" lat="2">
<core>RAM</core>
<MemPortIdVec></MemPortIdVec>
<condition id="0">
<or_exp><and_exp><literal name="exitcond_flatten" val="0"/>
</and_exp></or_exp>
</condition>

<Node id="86" bw="32" op_0_bw="14">
<![CDATA[
.preheader5:12  %B_load = load i32* %B_addr, align 4

]]></Node>
<StgValue><ssdm name="B_load"/></StgValue>
</operation>

<operation id="96" st_id="7" stage="1" lat="1">
<core>RAM</core>
<MemPortIdVec></MemPortIdVec>
<condition id="0">
<or_exp><and_exp><literal name="exitcond_flatten" val="0"/>
</and_exp></or_exp>
</condition>

<Node id="87" bw="0" op_0_bw="32" op_1_bw="14">
<![CDATA[
.preheader5:13  store i32 %B_load, i32* %B_i_addr, align 4

]]></Node>
<StgValue><ssdm name=""/></StgValue>
</operation>

<operation id="97" st_id="7" stage="1" lat="1">
<core>NULL</core>
<MemPortIdVec></MemPortIdVec>
<condition id="0">
<or_exp><and_exp><literal name="exitcond_flatten" val="0"/>
</and_exp></or_exp>
</condition>

<Node id="89" bw="0" op_0_bw="0">
<![CDATA[
.preheader5:15  br label %2

]]></Node>
<StgValue><ssdm name=""/></StgValue>
</operation>
</state>

<state id="8" st_id="8">

<operation id="98" st_id="8" stage="1" lat="1">
<core>NULL</core>
<MemPortIdVec></MemPortIdVec>
<condition id="89">
<or_exp><and_exp></and_exp></or_exp>
</condition>

<Node id="91" bw="64" op_0_bw="32">
<![CDATA[
.preheader4.preheader:0  %cast2 = zext i32 %mC_read to i64

]]></Node>
<StgValue><ssdm name="cast2"/></StgValue>
</operation>

<operation id="99" st_id="8" stage="1" lat="1">
<core>NULL</core>
<MemPortIdVec></MemPortIdVec>
<condition id="89">
<or_exp><and_exp></and_exp></or_exp>
</condition>

<Node id="92" bw="64" op_0_bw="32">
<![CDATA[
.preheader4.preheader:1  %cast3 = zext i32 %nC_read to i64

]]></Node>
<StgValue><ssdm name="cast3"/></StgValue>
</operation>

<operation id="100" st_id="8" stage="1" lat="1">
<core>Mul</core>
<MemPortIdVec></MemPortIdVec>
<condition id="89">
<or_exp><and_exp></and_exp></or_exp>
</condition>

<Node id="93" bw="64" op_0_bw="64" op_1_bw="64">
<![CDATA[
.preheader4.preheader:2  %bound4 = mul i64 %cast3, %cast2

]]></Node>
<StgValue><ssdm name="bound4"/></StgValue>
</operation>

<operation id="101" st_id="8" stage="1" lat="1">
<core>NULL</core>
<MemPortIdVec></MemPortIdVec>
<condition id="89">
<or_exp><and_exp></and_exp></or_exp>
</condition>

<Node id="94" bw="0" op_0_bw="0">
<![CDATA[
.preheader4.preheader:3  br label %3

]]></Node>
<StgValue><ssdm name=""/></StgValue>
</operation>
</state>

<state id="9" st_id="9">

<operation id="102" st_id="9" stage="1" lat="1">
<core>NULL</core>
<MemPortIdVec></MemPortIdVec>
<condition id="-1">
<or_exp><and_exp></and_exp></or_exp>
</condition>

<Node id="96" bw="64" op_0_bw="64" op_1_bw="0">
<![CDATA[
:0  %indvar_flatten1 = phi i64 [ 0, %.preheader4.preheader ], [ %indvar_flatten_next1, %.preheader4 ]

]]></Node>
<StgValue><ssdm name="indvar_flatten1"/></StgValue>
</operation>

<operation id="103" st_id="9" stage="1" lat="1">
<core>NULL</core>
<MemPortIdVec></MemPortIdVec>
<condition id="-1">
<or_exp><and_exp></and_exp></or_exp>
</condition>

<Node id="97" bw="31" op_0_bw="31" op_1_bw="0">
<![CDATA[
:1  %i3 = phi i31 [ 0, %.preheader4.preheader ], [ %tmp_5_mid2_v, %.preheader4 ]

]]></Node>
<StgValue><ssdm name="i3"/></StgValue>
</operation>

<operation id="104" st_id="9" stage="1" lat="1">
<core>NULL</core>
<MemPortIdVec></MemPortIdVec>
<condition id="-1">
<or_exp><and_exp></and_exp></or_exp>
</condition>

<Node id="98" bw="31" op_0_bw="31" op_1_bw="0">
<![CDATA[
:2  %j4 = phi i31 [ 0, %.preheader4.preheader ], [ %j_3, %.preheader4 ]

]]></Node>
<StgValue><ssdm name="j4"/></StgValue>
</operation>

<operation id="105" st_id="9" stage="1" lat="1">
<core>NULL</core>
<MemPortIdVec></MemPortIdVec>
<condition id="-1">
<or_exp><and_exp></and_exp></or_exp>
</condition>

<Node id="99" bw="0" op_0_bw="0" op_1_bw="32" op_2_bw="32" op_3_bw="32" op_4_bw="32" op_5_bw="0">
<![CDATA[
:3  call void (...)* @_ssdm_op_SpecPipeline(i32 -1, i32 1, i32 1, i32 0, [1 x i8]* @p_str1) nounwind

]]></Node>
<StgValue><ssdm name=""/></StgValue>
</operation>

<operation id="106" st_id="9" stage="1" lat="1">
<core>NULL</core>
<MemPortIdVec></MemPortIdVec>
<condition id="-1">
<or_exp><and_exp></and_exp></or_exp>
</condition>

<Node id="100" bw="32" op_0_bw="31">
<![CDATA[
:4  %j4_cast = zext i31 %j4 to i32

]]></Node>
<StgValue><ssdm name="j4_cast"/></StgValue>
</operation>

<operation id="107" st_id="9" stage="1" lat="1">
<core>Cmp</core>
<MemPortIdVec></MemPortIdVec>
<condition id="-1">
<or_exp><and_exp></and_exp></or_exp>
</condition>

<Node id="101" bw="1" op_0_bw="32" op_1_bw="32">
<![CDATA[
:5  %tmp_6 = icmp slt i32 %j4_cast, %nC_read

]]></Node>
<StgValue><ssdm name="tmp_6"/></StgValue>
</operation>

<operation id="108" st_id="9" stage="1" lat="1">
<core>Cmp</core>
<MemPortIdVec></MemPortIdVec>
<condition id="-1">
<or_exp><and_exp></and_exp></or_exp>
</condition>

<Node id="102" bw="1" op_0_bw="64" op_1_bw="64">
<![CDATA[
:6  %exitcond_flatten1 = icmp eq i64 %indvar_flatten1, %bound4

]]></Node>
<StgValue><ssdm name="exitcond_flatten1"/></StgValue>
</operation>

<operation id="109" st_id="9" stage="1" lat="1">
<core>AddSub</core>
<MemPortIdVec></MemPortIdVec>
<condition id="-1">
<or_exp><and_exp></and_exp></or_exp>
</condition>

<Node id="103" bw="64" op_0_bw="64" op_1_bw="64">
<![CDATA[
:7  %indvar_flatten_next1 = add i64 %indvar_flatten1, 1

]]></Node>
<StgValue><ssdm name="indvar_flatten_next1"/></StgValue>
</operation>

<operation id="110" st_id="9" stage="1" lat="1">
<core>NULL</core>
<MemPortIdVec></MemPortIdVec>
<condition id="-1">
<or_exp><and_exp></and_exp></or_exp>
</condition>

<Node id="104" bw="0" op_0_bw="1" op_1_bw="0" op_2_bw="0">
<![CDATA[
:8  br i1 %exitcond_flatten1, label %.preheader2.preheader, label %.preheader4

]]></Node>
<StgValue><ssdm name=""/></StgValue>
</operation>

<operation id="111" st_id="9" stage="1" lat="1">
<core>AddSub</core>
<MemPortIdVec></MemPortIdVec>
<condition id="3">
<or_exp><and_exp><literal name="exitcond_flatten1" val="0"/>
</and_exp></or_exp>
</condition>

<Node id="106" bw="31" op_0_bw="31" op_1_bw="31">
<![CDATA[
.preheader4:0  %i_3 = add i31 1, %i3

]]></Node>
<StgValue><ssdm name="i_3"/></StgValue>
</operation>

<operation id="112" st_id="9" stage="1" lat="1">
<core>Sel</core>
<MemPortIdVec></MemPortIdVec>
<condition id="3">
<or_exp><and_exp><literal name="exitcond_flatten1" val="0"/>
</and_exp></or_exp>
</condition>

<Node id="108" bw="31" op_0_bw="1" op_1_bw="31" op_2_bw="31">
<![CDATA[
.preheader4:2  %j4_mid2 = select i1 %tmp_6, i31 %j4, i31 0

]]></Node>
<StgValue><ssdm name="j4_mid2"/></StgValue>
</operation>

<operation id="113" st_id="9" stage="1" lat="1">
<core>Sel</core>
<MemPortIdVec></MemPortIdVec>
<condition id="3">
<or_exp><and_exp><literal name="exitcond_flatten1" val="0"/>
</and_exp></or_exp>
</condition>

<Node id="110" bw="31" op_0_bw="1" op_1_bw="31" op_2_bw="31">
<![CDATA[
.preheader4:4  %tmp_5_mid2_v = select i1 %tmp_6, i31 %i3, i31 %i_3

]]></Node>
<StgValue><ssdm name="tmp_5_mid2_v"/></StgValue>
</operation>

<operation id="114" st_id="9" stage="1" lat="1">
<core>NULL</core>
<MemPortIdVec></MemPortIdVec>
<condition id="3">
<or_exp><and_exp><literal name="exitcond_flatten1" val="0"/>
</and_exp></or_exp>
</condition>

<Node id="111" bw="15" op_0_bw="31">
<![CDATA[
.preheader4:5  %tmp_15 = trunc i31 %tmp_5_mid2_v to i15

]]></Node>
<StgValue><ssdm name="tmp_15"/></StgValue>
</operation>

<operation id="115" st_id="9" stage="1" lat="1">
<core>NULL</core>
<MemPortIdVec></MemPortIdVec>
<condition id="3">
<or_exp><and_exp><literal name="exitcond_flatten1" val="0"/>
</and_exp></or_exp>
</condition>

<Node id="113" bw="15" op_0_bw="31">
<![CDATA[
.preheader4:7  %tmp_18 = trunc i31 %j4_mid2 to i15

]]></Node>
<StgValue><ssdm name="tmp_18"/></StgValue>
</operation>

<operation id="116" st_id="9" stage="1" lat="1">
<core>AddSub</core>
<MemPortIdVec></MemPortIdVec>
<condition id="3">
<or_exp><and_exp><literal name="exitcond_flatten1" val="0"/>
</and_exp></or_exp>
</condition>

<Node id="118" bw="31" op_0_bw="31" op_1_bw="31">
<![CDATA[
.preheader4:12  %j_3 = add i31 1, %j4_mid2

]]></Node>
<StgValue><ssdm name="j_3"/></StgValue>
</operation>
</state>

<state id="10" st_id="10">

<operation id="117" st_id="10" stage="1" lat="1">
<core>NULL</core>
<MemPortIdVec></MemPortIdVec>
<condition id="3">
<or_exp><and_exp><literal name="exitcond_flatten1" val="0"/>
</and_exp></or_exp>
</condition>

<Node id="107" bw="0" op_0_bw="0" op_1_bw="32" op_2_bw="32" op_3_bw="32" op_4_bw="32" op_5_bw="0">
<![CDATA[
.preheader4:1  call void (...)* @_ssdm_op_SpecPipeline(i32 -1, i32 1, i32 1, i32 0, [1 x i8]* @p_str1) nounwind

]]></Node>
<StgValue><ssdm name=""/></StgValue>
</operation>

<operation id="118" st_id="10" stage="1" lat="1">
<core>NULL</core>
<MemPortIdVec></MemPortIdVec>
<condition id="3">
<or_exp><and_exp><literal name="exitcond_flatten1" val="0"/>
</and_exp></or_exp>
</condition>

<Node id="109" bw="0" op_0_bw="0" op_1_bw="32" op_2_bw="32" op_3_bw="32" op_4_bw="32" op_5_bw="0">
<![CDATA[
.preheader4:3  call void (...)* @_ssdm_op_SpecPipeline(i32 -1, i32 1, i32 1, i32 0, [1 x i8]* @p_str1) nounwind

]]></Node>
<StgValue><ssdm name=""/></StgValue>
</operation>

<operation id="119" st_id="10" stage="1" lat="1">
<core>DSP48</core>
<MemPortIdVec></MemPortIdVec>
<condition id="3">
<or_exp><and_exp><literal name="exitcond_flatten1" val="0"/>
</and_exp></or_exp>
</condition>

<Node id="112" bw="15" op_0_bw="15" op_1_bw="15">
<![CDATA[
.preheader4:6  %tmp_s = mul i15 100, %tmp_15

]]></Node>
<StgValue><ssdm name="tmp_s"/></StgValue>
</operation>

<operation id="120" st_id="10" stage="1" lat="1">
<core>DSP48</core>
<MemPortIdVec></MemPortIdVec>
<condition id="3">
<or_exp><and_exp><literal name="exitcond_flatten1" val="0"/>
</and_exp></or_exp>
</condition>

<Node id="114" bw="15" op_0_bw="15" op_1_bw="15">
<![CDATA[
.preheader4:8  %tmp_10 = add i15 %tmp_s, %tmp_18

]]></Node>
<StgValue><ssdm name="tmp_10"/></StgValue>
</operation>

<operation id="121" st_id="10" stage="1" lat="1">
<core>NULL</core>
<MemPortIdVec></MemPortIdVec>
<condition id="3">
<or_exp><and_exp><literal name="exitcond_flatten1" val="0"/>
</and_exp></or_exp>
</condition>

<Node id="115" bw="64" op_0_bw="15">
<![CDATA[
.preheader4:9  %tmp_12_cast = sext i15 %tmp_10 to i64

]]></Node>
<StgValue><ssdm name="tmp_12_cast"/></StgValue>
</operation>

<operation id="122" st_id="10" stage="1" lat="1">
<core>NULL</core>
<MemPortIdVec></MemPortIdVec>
<condition id="3">
<or_exp><and_exp><literal name="exitcond_flatten1" val="0"/>
</and_exp></or_exp>
</condition>

<Node id="116" bw="14" op_0_bw="32" op_1_bw="64" op_2_bw="64">
<![CDATA[
.preheader4:10  %C_i_addr = getelementptr [10000 x i32]* %C_i, i64 0, i64 %tmp_12_cast

]]></Node>
<StgValue><ssdm name="C_i_addr"/></StgValue>
</operation>

<operation id="123" st_id="10" stage="1" lat="1">
<core>RAM</core>
<MemPortIdVec></MemPortIdVec>
<condition id="3">
<or_exp><and_exp><literal name="exitcond_flatten1" val="0"/>
</and_exp></or_exp>
</condition>

<Node id="117" bw="0" op_0_bw="32" op_1_bw="14">
<![CDATA[
.preheader4:11  store i32 0, i32* %C_i_addr, align 4

]]></Node>
<StgValue><ssdm name=""/></StgValue>
</operation>

<operation id="124" st_id="10" stage="1" lat="1">
<core>NULL</core>
<MemPortIdVec></MemPortIdVec>
<condition id="3">
<or_exp><and_exp><literal name="exitcond_flatten1" val="0"/>
</and_exp></or_exp>
</condition>

<Node id="119" bw="0" op_0_bw="0">
<![CDATA[
.preheader4:13  br label %3

]]></Node>
<StgValue><ssdm name=""/></StgValue>
</operation>
</state>

<state id="11" st_id="11">

<operation id="125" st_id="11" stage="1" lat="1">
<core>NULL</core>
<MemPortIdVec></MemPortIdVec>
<condition id="90">
<or_exp><and_exp></and_exp></or_exp>
</condition>

<Node id="121" bw="0" op_0_bw="0">
<![CDATA[
.preheader2.preheader:0  br label %.preheader2

]]></Node>
<StgValue><ssdm name=""/></StgValue>
</operation>
</state>

<state id="12" st_id="12">

<operation id="126" st_id="12" stage="1" lat="1">
<core>NULL</core>
<MemPortIdVec></MemPortIdVec>
<condition id="91">
<or_exp><and_exp></and_exp></or_exp>
</condition>

<Node id="123" bw="64" op_0_bw="64" op_1_bw="0">
<![CDATA[
.preheader2:0  %indvar_flatten2 = phi i64 [ %indvar_flatten_next3, %5 ], [ 0, %.preheader2.preheader ]

]]></Node>
<StgValue><ssdm name="indvar_flatten2"/></StgValue>
</operation>

<operation id="127" st_id="12" stage="1" lat="1">
<core>NULL</core>
<MemPortIdVec></MemPortIdVec>
<condition id="91">
<or_exp><and_exp></and_exp></or_exp>
</condition>

<Node id="124" bw="31" op_0_bw="31" op_1_bw="0">
<![CDATA[
.preheader2:1  %i5 = phi i31 [ %tmp_12_mid2_v, %5 ], [ 0, %.preheader2.preheader ]

]]></Node>
<StgValue><ssdm name="i5"/></StgValue>
</operation>

<operation id="128" st_id="12" stage="1" lat="1">
<core>NULL</core>
<MemPortIdVec></MemPortIdVec>
<condition id="91">
<or_exp><and_exp></and_exp></or_exp>
</condition>

<Node id="125" bw="31" op_0_bw="31" op_1_bw="0">
<![CDATA[
.preheader2:2  %j6 = phi i31 [ %j_4, %5 ], [ 0, %.preheader2.preheader ]

]]></Node>
<StgValue><ssdm name="j6"/></StgValue>
</operation>

<operation id="129" st_id="12" stage="1" lat="1">
<core>NULL</core>
<MemPortIdVec></MemPortIdVec>
<condition id="91">
<or_exp><and_exp></and_exp></or_exp>
</condition>

<Node id="126" bw="32" op_0_bw="31">
<![CDATA[
.preheader2:3  %j6_cast = zext i31 %j6 to i32

]]></Node>
<StgValue><ssdm name="j6_cast"/></StgValue>
</operation>

<operation id="130" st_id="12" stage="1" lat="1">
<core>Cmp</core>
<MemPortIdVec></MemPortIdVec>
<condition id="91">
<or_exp><and_exp></and_exp></or_exp>
</condition>

<Node id="127" bw="1" op_0_bw="32" op_1_bw="32">
<![CDATA[
.preheader2:4  %tmp_12 = icmp slt i32 %j6_cast, %nC_read

]]></Node>
<StgValue><ssdm name="tmp_12"/></StgValue>
</operation>

<operation id="131" st_id="12" stage="1" lat="1">
<core>Cmp</core>
<MemPortIdVec></MemPortIdVec>
<condition id="91">
<or_exp><and_exp></and_exp></or_exp>
</condition>

<Node id="128" bw="1" op_0_bw="64" op_1_bw="64">
<![CDATA[
.preheader2:5  %exitcond_flatten2 = icmp eq i64 %indvar_flatten2, %bound4

]]></Node>
<StgValue><ssdm name="exitcond_flatten2"/></StgValue>
</operation>

<operation id="132" st_id="12" stage="1" lat="1">
<core>AddSub</core>
<MemPortIdVec></MemPortIdVec>
<condition id="91">
<or_exp><and_exp></and_exp></or_exp>
</condition>

<Node id="129" bw="64" op_0_bw="64" op_1_bw="64">
<![CDATA[
.preheader2:6  %indvar_flatten_next3 = add i64 %indvar_flatten2, 1

]]></Node>
<StgValue><ssdm name="indvar_flatten_next3"/></StgValue>
</operation>

<operation id="133" st_id="12" stage="1" lat="1">
<core>NULL</core>
<MemPortIdVec></MemPortIdVec>
<condition id="91">
<or_exp><and_exp></and_exp></or_exp>
</condition>

<Node id="130" bw="0" op_0_bw="1" op_1_bw="0" op_2_bw="0">
<![CDATA[
.preheader2:7  br i1 %exitcond_flatten2, label %.preheader.preheader.preheader, label %.preheader3

]]></Node>
<StgValue><ssdm name=""/></StgValue>
</operation>

<operation id="134" st_id="12" stage="1" lat="1">
<core>AddSub</core>
<MemPortIdVec></MemPortIdVec>
<condition id="93">
<or_exp><and_exp><literal name="exitcond_flatten2" val="0"/>
</and_exp></or_exp>
</condition>

<Node id="132" bw="31" op_0_bw="31" op_1_bw="31">
<![CDATA[
.preheader3:0  %i_4 = add i31 1, %i5

]]></Node>
<StgValue><ssdm name="i_4"/></StgValue>
</operation>

<operation id="135" st_id="12" stage="1" lat="1">
<core>Sel</core>
<MemPortIdVec></MemPortIdVec>
<condition id="93">
<or_exp><and_exp><literal name="exitcond_flatten2" val="0"/>
</and_exp></or_exp>
</condition>

<Node id="134" bw="31" op_0_bw="1" op_1_bw="31" op_2_bw="31">
<![CDATA[
.preheader3:2  %tmp_12_mid2_v = select i1 %tmp_12, i31 %i5, i31 %i_4

]]></Node>
<StgValue><ssdm name="tmp_12_mid2_v"/></StgValue>
</operation>

<operation id="136" st_id="12" stage="1" lat="1">
<core>NULL</core>
<MemPortIdVec></MemPortIdVec>
<condition id="93">
<or_exp><and_exp><literal name="exitcond_flatten2" val="0"/>
</and_exp></or_exp>
</condition>

<Node id="135" bw="15" op_0_bw="31">
<![CDATA[
.preheader3:3  %tmp_20 = trunc i31 %tmp_12_mid2_v to i15

]]></Node>
<StgValue><ssdm name="tmp_20"/></StgValue>
</operation>

<operation id="137" st_id="12" stage="1" lat="1">
<core>NULL</core>
<MemPortIdVec></MemPortIdVec>
<condition id="95">
<or_exp><and_exp><literal name="exitcond_flatten2" val="1"/>
</and_exp></or_exp>
</condition>

<Node id="197" bw="0" op_0_bw="0">
<![CDATA[
.preheader.preheader.preheader:0  br label %.preheader.preheader

]]></Node>
<StgValue><ssdm name=""/></StgValue>
</operation>
</state>

<state id="13" st_id="13">

<operation id="138" st_id="13" stage="1" lat="1">
<core>DSP48</core>
<MemPortIdVec></MemPortIdVec>
<condition id="96">
<or_exp><and_exp></and_exp></or_exp>
</condition>

<Node id="136" bw="15" op_0_bw="15" op_1_bw="15">
<![CDATA[
.preheader3:4  %tmp_13 = mul i15 100, %tmp_20

]]></Node>
<StgValue><ssdm name="tmp_13"/></StgValue>
</operation>
</state>

<state id="14" st_id="14">

<operation id="139" st_id="14" stage="1" lat="1">
<core>Sel</core>
<MemPortIdVec></MemPortIdVec>
<condition id="97">
<or_exp><and_exp></and_exp></or_exp>
</condition>

<Node id="133" bw="31" op_0_bw="1" op_1_bw="31" op_2_bw="31">
<![CDATA[
.preheader3:1  %j6_mid2 = select i1 %tmp_12, i31 %j6, i31 0

]]></Node>
<StgValue><ssdm name="j6_mid2"/></StgValue>
</operation>

<operation id="140" st_id="14" stage="1" lat="1">
<core>NULL</core>
<MemPortIdVec></MemPortIdVec>
<condition id="97">
<or_exp><and_exp></and_exp></or_exp>
</condition>

<Node id="137" bw="15" op_0_bw="31">
<![CDATA[
.preheader3:5  %tmp_23 = trunc i31 %j6_mid2 to i15

]]></Node>
<StgValue><ssdm name="tmp_23"/></StgValue>
</operation>

<operation id="141" st_id="14" stage="1" lat="1">
<core>AddSub</core>
<MemPortIdVec></MemPortIdVec>
<condition id="97">
<or_exp><and_exp></and_exp></or_exp>
</condition>

<Node id="138" bw="15" op_0_bw="15" op_1_bw="15">
<![CDATA[
.preheader3:6  %tmp_14 = add i15 %tmp_23, %tmp_13

]]></Node>
<StgValue><ssdm name="tmp_14"/></StgValue>
</operation>

<operation id="142" st_id="14" stage="1" lat="1">
<core>NULL</core>
<MemPortIdVec></MemPortIdVec>
<condition id="97">
<or_exp><and_exp></and_exp></or_exp>
</condition>

<Node id="139" bw="64" op_0_bw="15">
<![CDATA[
.preheader3:7  %tmp_16_cast = sext i15 %tmp_14 to i64

]]></Node>
<StgValue><ssdm name="tmp_16_cast"/></StgValue>
</operation>

<operation id="143" st_id="14" stage="1" lat="1">
<core>NULL</core>
<MemPortIdVec></MemPortIdVec>
<condition id="97">
<or_exp><and_exp></and_exp></or_exp>
</condition>

<Node id="140" bw="14" op_0_bw="32" op_1_bw="64" op_2_bw="64">
<![CDATA[
.preheader3:8  %C_i_addr_1 = getelementptr [10000 x i32]* %C_i, i64 0, i64 %tmp_16_cast

]]></Node>
<StgValue><ssdm name="C_i_addr_1"/></StgValue>
</operation>

<operation id="144" st_id="14" stage="1" lat="1">
<core>NULL</core>
<MemPortIdVec></MemPortIdVec>
<condition id="97">
<or_exp><and_exp></and_exp></or_exp>
</condition>

<Node id="141" bw="1" op_0_bw="1" op_1_bw="32" op_2_bw="32">
<![CDATA[
.preheader3:9  %tmp_31 = call i1 @_ssdm_op_BitSelect.i1.i32.i32(i32 %nA_read, i32 31)

]]></Node>
<StgValue><ssdm name="tmp_31"/></StgValue>
</operation>

<operation id="145" st_id="14" stage="1" lat="1">
<core>AddSub</core>
<MemPortIdVec></MemPortIdVec>
<condition id="97">
<or_exp><and_exp></and_exp></or_exp>
</condition>

<Node id="142" bw="32" op_0_bw="32" op_1_bw="32">
<![CDATA[
.preheader3:10  %nA_op_op = add i32 1, %nA_read

]]></Node>
<StgValue><ssdm name="nA_op_op"/></StgValue>
</operation>

<operation id="146" st_id="14" stage="1" lat="1">
<core>NULL</core>
<MemPortIdVec></MemPortIdVec>
<condition id="97">
<or_exp><and_exp></and_exp></or_exp>
</condition>

<Node id="143" bw="1" op_0_bw="1" op_1_bw="32" op_2_bw="32">
<![CDATA[
.preheader3:11  %tmp_32 = call i1 @_ssdm_op_BitSelect.i1.i32.i32(i32 %nA_op_op, i32 31)

]]></Node>
<StgValue><ssdm name="tmp_32"/></StgValue>
</operation>

<operation id="147" st_id="14" stage="1" lat="1">
<core>LogicGate</core>
<MemPortIdVec></MemPortIdVec>
<condition id="97">
<or_exp><and_exp></and_exp></or_exp>
</condition>

<Node id="144" bw="32" op_0_bw="32" op_1_bw="32">
<![CDATA[
.preheader3:12  %p_neg = xor i32 %nA_read, -1

]]></Node>
<StgValue><ssdm name="p_neg"/></StgValue>
</operation>

<operation id="148" st_id="14" stage="1" lat="1">
<core>NULL</core>
<MemPortIdVec></MemPortIdVec>
<condition id="97">
<or_exp><and_exp></and_exp></or_exp>
</condition>

<Node id="145" bw="31" op_0_bw="31" op_1_bw="32" op_2_bw="32" op_3_bw="32">
<![CDATA[
.preheader3:13  %p_lshr = call i31 @_ssdm_op_PartSelect.i31.i32.i32.i32(i32 %p_neg, i32 1, i32 31)

]]></Node>
<StgValue><ssdm name="p_lshr"/></StgValue>
</operation>

<operation id="149" st_id="14" stage="1" lat="1">
<core>AddSub</core>
<MemPortIdVec></MemPortIdVec>
<condition id="97">
<or_exp><and_exp></and_exp></or_exp>
</condition>

<Node id="146" bw="31" op_0_bw="31" op_1_bw="31">
<![CDATA[
.preheader3:14  %p_neg_t = sub i31 0, %p_lshr

]]></Node>
<StgValue><ssdm name="p_neg_t"/></StgValue>
</operation>

<operation id="150" st_id="14" stage="1" lat="1">
<core>NULL</core>
<MemPortIdVec></MemPortIdVec>
<condition id="97">
<or_exp><and_exp></and_exp></or_exp>
</condition>

<Node id="147" bw="31" op_0_bw="31" op_1_bw="32" op_2_bw="32" op_3_bw="32">
<![CDATA[
.preheader3:15  %tmp_33 = call i31 @_ssdm_op_PartSelect.i31.i32.i32.i32(i32 %nA_op_op, i32 1, i32 31)

]]></Node>
<StgValue><ssdm name="tmp_33"/></StgValue>
</operation>

<operation id="151" st_id="14" stage="1" lat="1">
<core>Sel</core>
<MemPortIdVec></MemPortIdVec>
<condition id="97">
<or_exp><and_exp></and_exp></or_exp>
</condition>

<Node id="148" bw="31" op_0_bw="1" op_1_bw="31" op_2_bw="31">
<![CDATA[
.preheader3:16  %tmp_34 = select i1 %tmp_32, i31 %p_neg_t, i31 %tmp_33

]]></Node>
<StgValue><ssdm name="tmp_34"/></StgValue>
</operation>

<operation id="152" st_id="14" stage="1" lat="1">
<core>Sel</core>
<MemPortIdVec></MemPortIdVec>
<condition id="97">
<or_exp><and_exp></and_exp></or_exp>
</condition>

<Node id="149" bw="31" op_0_bw="1" op_1_bw="31" op_2_bw="31">
<![CDATA[
.preheader3:17  %tmp_35 = select i1 %tmp_31, i31 0, i31 %tmp_34

]]></Node>
<StgValue><ssdm name="tmp_35"/></StgValue>
</operation>

<operation id="153" st_id="14" stage="1" lat="1">
<core>NULL</core>
<MemPortIdVec></MemPortIdVec>
<condition id="97">
<or_exp><and_exp></and_exp></or_exp>
</condition>

<Node id="150" bw="32" op_0_bw="32" op_1_bw="31" op_2_bw="1">
<![CDATA[
.preheader3:18  %tmp_36 = call i32 @_ssdm_op_BitConcatenate.i32.i31.i1(i31 %tmp_35, i1 false)

]]></Node>
<StgValue><ssdm name="tmp_36"/></StgValue>
</operation>

<operation id="154" st_id="14" stage="1" lat="1">
<core>NULL</core>
<MemPortIdVec></MemPortIdVec>
<condition id="97">
<or_exp><and_exp></and_exp></or_exp>
</condition>

<Node id="151" bw="0" op_0_bw="0">
<![CDATA[
.preheader3:19  br label %.preheader1.0

]]></Node>
<StgValue><ssdm name=""/></StgValue>
</operation>
</state>

<state id="15" st_id="15">

<operation id="155" st_id="15" stage="1" lat="1">
<core>NULL</core>
<MemPortIdVec></MemPortIdVec>
<condition id="-1">
<or_exp><and_exp></and_exp></or_exp>
</condition>

<Node id="154" bw="32" op_0_bw="32" op_1_bw="0">
<![CDATA[
.preheader1.0:1  %k = phi i32 [ %k_1_1, %4 ], [ 0, %.preheader3 ]

]]></Node>
<StgValue><ssdm name="k"/></StgValue>
</operation>

<operation id="156" st_id="15" stage="1" lat="1">
<core>Cmp</core>
<MemPortIdVec></MemPortIdVec>
<condition id="-1">
<or_exp><and_exp></and_exp></or_exp>
</condition>

<Node id="155" bw="1" op_0_bw="32" op_1_bw="32">
<![CDATA[
.preheader1.0:2  %tmp_37 = icmp eq i32 %k, %tmp_36

]]></Node>
<StgValue><ssdm name="tmp_37"/></StgValue>
</operation>

<operation id="157" st_id="15" stage="1" lat="1">
<core>NULL</core>
<MemPortIdVec></MemPortIdVec>
<condition id="6">
<or_exp><and_exp><literal name="tmp_37" val="0"/>
</and_exp></or_exp>
</condition>

<Node id="160" bw="15" op_0_bw="32">
<![CDATA[
.preheader1.1:2  %tmp_40 = trunc i32 %k to i15

]]></Node>
<StgValue><ssdm name="tmp_40"/></StgValue>
</operation>

<operation id="158" st_id="15" stage="1" lat="1">
<core>AddSub</core>
<MemPortIdVec></MemPortIdVec>
<condition id="6">
<or_exp><and_exp><literal name="tmp_37" val="0"/>
</and_exp></or_exp>
</condition>

<Node id="161" bw="15" op_0_bw="15" op_1_bw="15">
<![CDATA[
.preheader1.1:3  %tmp_22 = add i15 %tmp_13, %tmp_40

]]></Node>
<StgValue><ssdm name="tmp_22"/></StgValue>
</operation>

<operation id="159" st_id="15" stage="1" lat="1">
<core>NULL</core>
<MemPortIdVec></MemPortIdVec>
<condition id="6">
<or_exp><and_exp><literal name="tmp_37" val="0"/>
</and_exp></or_exp>
</condition>

<Node id="162" bw="64" op_0_bw="15">
<![CDATA[
.preheader1.1:4  %tmp_24_cast = sext i15 %tmp_22 to i64

]]></Node>
<StgValue><ssdm name="tmp_24_cast"/></StgValue>
</operation>

<operation id="160" st_id="15" stage="1" lat="1">
<core>NULL</core>
<MemPortIdVec></MemPortIdVec>
<condition id="6">
<or_exp><and_exp><literal name="tmp_37" val="0"/>
</and_exp></or_exp>
</condition>

<Node id="163" bw="14" op_0_bw="32" op_1_bw="64" op_2_bw="64">
<![CDATA[
.preheader1.1:5  %A_i_addr_1 = getelementptr [10000 x i32]* %A_i, i64 0, i64 %tmp_24_cast

]]></Node>
<StgValue><ssdm name="A_i_addr_1"/></StgValue>
</operation>

<operation id="161" st_id="15" stage="1" lat="1">
<core>DSP48</core>
<MemPortIdVec></MemPortIdVec>
<condition id="6">
<or_exp><and_exp><literal name="tmp_37" val="0"/>
</and_exp></or_exp>
</condition>

<Node id="164" bw="15" op_0_bw="15" op_1_bw="15">
<![CDATA[
.preheader1.1:6  %tmp_24 = mul i15 100, %tmp_40

]]></Node>
<StgValue><ssdm name="tmp_24"/></StgValue>
</operation>

<operation id="162" st_id="15" stage="1" lat="1">
<core>DSP48</core>
<MemPortIdVec></MemPortIdVec>
<condition id="6">
<or_exp><and_exp><literal name="tmp_37" val="0"/>
</and_exp></or_exp>
</condition>

<Node id="165" bw="15" op_0_bw="15" op_1_bw="15">
<![CDATA[
.preheader1.1:7  %tmp_26 = add i15 %tmp_24, %tmp_23

]]></Node>
<StgValue><ssdm name="tmp_26"/></StgValue>
</operation>

<operation id="163" st_id="15" stage="1" lat="1">
<core>NULL</core>
<MemPortIdVec></MemPortIdVec>
<condition id="6">
<or_exp><and_exp><literal name="tmp_37" val="0"/>
</and_exp></or_exp>
</condition>

<Node id="166" bw="64" op_0_bw="15">
<![CDATA[
.preheader1.1:8  %tmp_27_cast = sext i15 %tmp_26 to i64

]]></Node>
<StgValue><ssdm name="tmp_27_cast"/></StgValue>
</operation>

<operation id="164" st_id="15" stage="1" lat="1">
<core>NULL</core>
<MemPortIdVec></MemPortIdVec>
<condition id="6">
<or_exp><and_exp><literal name="tmp_37" val="0"/>
</and_exp></or_exp>
</condition>

<Node id="167" bw="14" op_0_bw="32" op_1_bw="64" op_2_bw="64">
<![CDATA[
.preheader1.1:9  %B_i_addr_1 = getelementptr [10000 x i32]* %B_i, i64 0, i64 %tmp_27_cast

]]></Node>
<StgValue><ssdm name="B_i_addr_1"/></StgValue>
</operation>

<operation id="165" st_id="15" stage="2" lat="2">
<core>RAM</core>
<MemPortIdVec></MemPortIdVec>
<condition id="6">
<or_exp><and_exp><literal name="tmp_37" val="0"/>
</and_exp></or_exp>
</condition>

<Node id="168" bw="32" op_0_bw="14">
<![CDATA[
.preheader1.1:10  %A_i_load = load i32* %A_i_addr_1, align 8

]]></Node>
<StgValue><ssdm name="A_i_load"/></StgValue>
</operation>

<operation id="166" st_id="15" stage="2" lat="2">
<core>RAM</core>
<MemPortIdVec></MemPortIdVec>
<condition id="6">
<or_exp><and_exp><literal name="tmp_37" val="0"/>
</and_exp></or_exp>
</condition>

<Node id="169" bw="32" op_0_bw="14">
<![CDATA[
.preheader1.1:11  %B_i_load = load i32* %B_i_addr_1, align 4

]]></Node>
<StgValue><ssdm name="B_i_load"/></StgValue>
</operation>

<operation id="167" st_id="15" stage="1" lat="1">
<core>NULL</core>
<MemPortIdVec></MemPortIdVec>
<condition id="6">
<or_exp><and_exp><literal name="tmp_37" val="0"/>
</and_exp></or_exp>
</condition>

<Node id="173" bw="32" op_0_bw="32" op_1_bw="32">
<![CDATA[
.preheader1.1:15  %k_1_s = or i32 %k, 1

]]></Node>
<StgValue><ssdm name="k_1_s"/></StgValue>
</operation>

<operation id="168" st_id="15" stage="1" lat="1">
<core>Cmp</core>
<MemPortIdVec></MemPortIdVec>
<condition id="6">
<or_exp><and_exp><literal name="tmp_37" val="0"/>
</and_exp></or_exp>
</condition>

<Node id="174" bw="1" op_0_bw="32" op_1_bw="32">
<![CDATA[
.preheader1.1:16  %tmp_17_1 = icmp slt i32 %k_1_s, %nA_read

]]></Node>
<StgValue><ssdm name="tmp_17_1"/></StgValue>
</operation>

<operation id="169" st_id="15" stage="1" lat="1">
<core>NULL</core>
<MemPortIdVec></MemPortIdVec>
<condition id="98">
<or_exp><and_exp><literal name="tmp_37" val="0"/>
<literal name="tmp_17_1" val="1"/>
</and_exp></or_exp>
</condition>

<Node id="177" bw="15" op_0_bw="32">
<![CDATA[
:0  %tmp_41 = trunc i32 %k_1_s to i15

]]></Node>
<StgValue><ssdm name="tmp_41"/></StgValue>
</operation>

<operation id="170" st_id="15" stage="1" lat="1">
<core>AddSub</core>
<MemPortIdVec></MemPortIdVec>
<condition id="98">
<or_exp><and_exp><literal name="tmp_37" val="0"/>
<literal name="tmp_17_1" val="1"/>
</and_exp></or_exp>
</condition>

<Node id="178" bw="15" op_0_bw="15" op_1_bw="15">
<![CDATA[
:1  %tmp_27 = add i15 %tmp_13, %tmp_41

]]></Node>
<StgValue><ssdm name="tmp_27"/></StgValue>
</operation>

<operation id="171" st_id="15" stage="1" lat="1">
<core>NULL</core>
<MemPortIdVec></MemPortIdVec>
<condition id="98">
<or_exp><and_exp><literal name="tmp_37" val="0"/>
<literal name="tmp_17_1" val="1"/>
</and_exp></or_exp>
</condition>

<Node id="179" bw="64" op_0_bw="15">
<![CDATA[
:2  %tmp_28_cast = sext i15 %tmp_27 to i64

]]></Node>
<StgValue><ssdm name="tmp_28_cast"/></StgValue>
</operation>

<operation id="172" st_id="15" stage="1" lat="1">
<core>NULL</core>
<MemPortIdVec></MemPortIdVec>
<condition id="98">
<or_exp><and_exp><literal name="tmp_37" val="0"/>
<literal name="tmp_17_1" val="1"/>
</and_exp></or_exp>
</condition>

<Node id="180" bw="14" op_0_bw="32" op_1_bw="64" op_2_bw="64">
<![CDATA[
:3  %A_i_addr_2 = getelementptr [10000 x i32]* %A_i, i64 0, i64 %tmp_28_cast

]]></Node>
<StgValue><ssdm name="A_i_addr_2"/></StgValue>
</operation>

<operation id="173" st_id="15" stage="1" lat="1">
<core>DSP48</core>
<MemPortIdVec></MemPortIdVec>
<condition id="98">
<or_exp><and_exp><literal name="tmp_37" val="0"/>
<literal name="tmp_17_1" val="1"/>
</and_exp></or_exp>
</condition>

<Node id="181" bw="15" op_0_bw="15" op_1_bw="15">
<![CDATA[
:4  %tmp_28 = mul i15 100, %tmp_41

]]></Node>
<StgValue><ssdm name="tmp_28"/></StgValue>
</operation>

<operation id="174" st_id="15" stage="1" lat="1">
<core>DSP48</core>
<MemPortIdVec></MemPortIdVec>
<condition id="98">
<or_exp><and_exp><literal name="tmp_37" val="0"/>
<literal name="tmp_17_1" val="1"/>
</and_exp></or_exp>
</condition>

<Node id="182" bw="15" op_0_bw="15" op_1_bw="15">
<![CDATA[
:5  %tmp_29 = add i15 %tmp_28, %tmp_23

]]></Node>
<StgValue><ssdm name="tmp_29"/></StgValue>
</operation>

<operation id="175" st_id="15" stage="1" lat="1">
<core>NULL</core>
<MemPortIdVec></MemPortIdVec>
<condition id="98">
<or_exp><and_exp><literal name="tmp_37" val="0"/>
<literal name="tmp_17_1" val="1"/>
</and_exp></or_exp>
</condition>

<Node id="183" bw="64" op_0_bw="15">
<![CDATA[
:6  %tmp_30_cast = sext i15 %tmp_29 to i64

]]></Node>
<StgValue><ssdm name="tmp_30_cast"/></StgValue>
</operation>

<operation id="176" st_id="15" stage="1" lat="1">
<core>NULL</core>
<MemPortIdVec></MemPortIdVec>
<condition id="98">
<or_exp><and_exp><literal name="tmp_37" val="0"/>
<literal name="tmp_17_1" val="1"/>
</and_exp></or_exp>
</condition>

<Node id="184" bw="14" op_0_bw="32" op_1_bw="64" op_2_bw="64">
<![CDATA[
:7  %B_i_addr_2 = getelementptr [10000 x i32]* %B_i, i64 0, i64 %tmp_30_cast

]]></Node>
<StgValue><ssdm name="B_i_addr_2"/></StgValue>
</operation>

<operation id="177" st_id="15" stage="2" lat="2">
<core>RAM</core>
<MemPortIdVec></MemPortIdVec>
<condition id="98">
<or_exp><and_exp><literal name="tmp_37" val="0"/>
<literal name="tmp_17_1" val="1"/>
</and_exp></or_exp>
</condition>

<Node id="185" bw="32" op_0_bw="14">
<![CDATA[
:8  %A_i_load_1 = load i32* %A_i_addr_2, align 4

]]></Node>
<StgValue><ssdm name="A_i_load_1"/></StgValue>
</operation>

<operation id="178" st_id="15" stage="2" lat="2">
<core>RAM</core>
<MemPortIdVec></MemPortIdVec>
<condition id="98">
<or_exp><and_exp><literal name="tmp_37" val="0"/>
<literal name="tmp_17_1" val="1"/>
</and_exp></or_exp>
</condition>

<Node id="186" bw="32" op_0_bw="14">
<![CDATA[
:9  %B_i_load_1 = load i32* %B_i_addr_2, align 4

]]></Node>
<StgValue><ssdm name="B_i_load_1"/></StgValue>
</operation>

<operation id="179" st_id="15" stage="1" lat="1">
<core>AddSub</core>
<MemPortIdVec></MemPortIdVec>
<condition id="98">
<or_exp><and_exp><literal name="tmp_37" val="0"/>
<literal name="tmp_17_1" val="1"/>
</and_exp></or_exp>
</condition>

<Node id="189" bw="32" op_0_bw="32" op_1_bw="32">
<![CDATA[
:12  %k_1_1 = add nsw i32 2, %k

]]></Node>
<StgValue><ssdm name="k_1_1"/></StgValue>
</operation>
</state>

<state id="16" st_id="16">

<operation id="180" st_id="16" stage="1" lat="2">
<core>RAM</core>
<MemPortIdVec></MemPortIdVec>
<condition id="6">
<or_exp><and_exp><literal name="tmp_37" val="0"/>
</and_exp></or_exp>
</condition>

<Node id="168" bw="32" op_0_bw="14">
<![CDATA[
.preheader1.1:10  %A_i_load = load i32* %A_i_addr_1, align 8

]]></Node>
<StgValue><ssdm name="A_i_load"/></StgValue>
</operation>

<operation id="181" st_id="16" stage="1" lat="2">
<core>RAM</core>
<MemPortIdVec></MemPortIdVec>
<condition id="6">
<or_exp><and_exp><literal name="tmp_37" val="0"/>
</and_exp></or_exp>
</condition>

<Node id="169" bw="32" op_0_bw="14">
<![CDATA[
.preheader1.1:11  %B_i_load = load i32* %B_i_addr_1, align 4

]]></Node>
<StgValue><ssdm name="B_i_load"/></StgValue>
</operation>

<operation id="182" st_id="16" stage="1" lat="2">
<core>RAM</core>
<MemPortIdVec></MemPortIdVec>
<condition id="98">
<or_exp><and_exp><literal name="tmp_37" val="0"/>
<literal name="tmp_17_1" val="1"/>
</and_exp></or_exp>
</condition>

<Node id="185" bw="32" op_0_bw="14">
<![CDATA[
:8  %A_i_load_1 = load i32* %A_i_addr_2, align 4

]]></Node>
<StgValue><ssdm name="A_i_load_1"/></StgValue>
</operation>

<operation id="183" st_id="16" stage="1" lat="2">
<core>RAM</core>
<MemPortIdVec></MemPortIdVec>
<condition id="98">
<or_exp><and_exp><literal name="tmp_37" val="0"/>
<literal name="tmp_17_1" val="1"/>
</and_exp></or_exp>
</condition>

<Node id="186" bw="32" op_0_bw="14">
<![CDATA[
:9  %B_i_load_1 = load i32* %B_i_addr_2, align 4

]]></Node>
<StgValue><ssdm name="B_i_load_1"/></StgValue>
</operation>
</state>

<state id="17" st_id="17">

<operation id="184" st_id="17" stage="1" lat="1">
<core>Mul</core>
<MemPortIdVec></MemPortIdVec>
<condition id="6">
<or_exp><and_exp><literal name="tmp_37" val="0"/>
</and_exp></or_exp>
</condition>

<Node id="170" bw="32" op_0_bw="32" op_1_bw="32">
<![CDATA[
.preheader1.1:12  %tmp_25 = mul nsw i32 %B_i_load, %A_i_load

]]></Node>
<StgValue><ssdm name="tmp_25"/></StgValue>
</operation>

<operation id="185" st_id="17" stage="1" lat="1">
<core>Mul</core>
<MemPortIdVec></MemPortIdVec>
<condition id="98">
<or_exp><and_exp><literal name="tmp_37" val="0"/>
<literal name="tmp_17_1" val="1"/>
</and_exp></or_exp>
</condition>

<Node id="187" bw="32" op_0_bw="32" op_1_bw="32">
<![CDATA[
:10  %tmp_20_1 = mul nsw i32 %B_i_load_1, %A_i_load_1

]]></Node>
<StgValue><ssdm name="tmp_20_1"/></StgValue>
</operation>
</state>

<state id="18" st_id="18">

<operation id="186" st_id="18" stage="1" lat="1">
<core>NULL</core>
<MemPortIdVec></MemPortIdVec>
<condition id="-1">
<or_exp><and_exp></and_exp></or_exp>
</condition>

<Node id="153" bw="32" op_0_bw="32" op_1_bw="0">
<![CDATA[
.preheader1.0:0  %sum = phi i32 [ %sum_1_1, %4 ], [ 0, %.preheader3 ]

]]></Node>
<StgValue><ssdm name="sum"/></StgValue>
</operation>

<operation id="187" st_id="18" stage="1" lat="1">
<core>NULL</core>
<MemPortIdVec></MemPortIdVec>
<condition id="-1">
<or_exp><and_exp></and_exp></or_exp>
</condition>

<Node id="156" bw="0" op_0_bw="1" op_1_bw="0" op_2_bw="0">
<![CDATA[
.preheader1.0:3  br i1 %tmp_37, label %5, label %.preheader1.1

]]></Node>
<StgValue><ssdm name=""/></StgValue>
</operation>

<operation id="188" st_id="18" stage="1" lat="1">
<core>NULL</core>
<MemPortIdVec></MemPortIdVec>
<condition id="6">
<or_exp><and_exp><literal name="tmp_37" val="0"/>
</and_exp></or_exp>
</condition>

<Node id="158" bw="32" op_0_bw="32" op_1_bw="0">
<![CDATA[
.preheader1.1:0  %tmp_21 = call i32 (...)* @_ssdm_op_SpecRegionBegin([12 x i8]* @p_str3) nounwind

]]></Node>
<StgValue><ssdm name="tmp_21"/></StgValue>
</operation>

<operation id="189" st_id="18" stage="1" lat="1">
<core>NULL</core>
<MemPortIdVec></MemPortIdVec>
<condition id="6">
<or_exp><and_exp><literal name="tmp_37" val="0"/>
</and_exp></or_exp>
</condition>

<Node id="159" bw="0" op_0_bw="0" op_1_bw="32" op_2_bw="32" op_3_bw="32" op_4_bw="32" op_5_bw="0">
<![CDATA[
.preheader1.1:1  call void (...)* @_ssdm_op_SpecPipeline(i32 -1, i32 1, i32 1, i32 0, [1 x i8]* @p_str1) nounwind

]]></Node>
<StgValue><ssdm name=""/></StgValue>
</operation>

<operation id="190" st_id="18" stage="1" lat="1">
<core>AddSub</core>
<MemPortIdVec></MemPortIdVec>
<condition id="6">
<or_exp><and_exp><literal name="tmp_37" val="0"/>
</and_exp></or_exp>
</condition>

<Node id="171" bw="32" op_0_bw="32" op_1_bw="32">
<![CDATA[
.preheader1.1:13  %sum_1 = add nsw i32 %tmp_25, %sum

]]></Node>
<StgValue><ssdm name="sum_1"/></StgValue>
</operation>

<operation id="191" st_id="18" stage="1" lat="1">
<core>NULL</core>
<MemPortIdVec></MemPortIdVec>
<condition id="6">
<or_exp><and_exp><literal name="tmp_37" val="0"/>
</and_exp></or_exp>
</condition>

<Node id="172" bw="32" op_0_bw="32" op_1_bw="0" op_2_bw="32">
<![CDATA[
.preheader1.1:14  %empty = call i32 (...)* @_ssdm_op_SpecRegionEnd([12 x i8]* @p_str3, i32 %tmp_21) nounwind

]]></Node>
<StgValue><ssdm name="empty"/></StgValue>
</operation>

<operation id="192" st_id="18" stage="1" lat="1">
<core>NULL</core>
<MemPortIdVec></MemPortIdVec>
<condition id="6">
<or_exp><and_exp><literal name="tmp_37" val="0"/>
</and_exp></or_exp>
</condition>

<Node id="175" bw="0" op_0_bw="1" op_1_bw="0" op_2_bw="0">
<![CDATA[
.preheader1.1:17  br i1 %tmp_17_1, label %4, label %5

]]></Node>
<StgValue><ssdm name=""/></StgValue>
</operation>

<operation id="193" st_id="18" stage="1" lat="1">
<core>AddSub</core>
<MemPortIdVec></MemPortIdVec>
<condition id="98">
<or_exp><and_exp><literal name="tmp_37" val="0"/>
<literal name="tmp_17_1" val="1"/>
</and_exp></or_exp>
</condition>

<Node id="188" bw="32" op_0_bw="32" op_1_bw="32">
<![CDATA[
:11  %sum_1_1 = add nsw i32 %tmp_20_1, %sum_1

]]></Node>
<StgValue><ssdm name="sum_1_1"/></StgValue>
</operation>

<operation id="194" st_id="18" stage="1" lat="1">
<core>NULL</core>
<MemPortIdVec></MemPortIdVec>
<condition id="98">
<or_exp><and_exp><literal name="tmp_37" val="0"/>
<literal name="tmp_17_1" val="1"/>
</and_exp></or_exp>
</condition>

<Node id="190" bw="0" op_0_bw="0">
<![CDATA[
:13  br label %.preheader1.0

]]></Node>
<StgValue><ssdm name=""/></StgValue>
</operation>
</state>

<state id="19" st_id="19">

<operation id="195" st_id="19" stage="1" lat="1">
<core>NULL</core>
<MemPortIdVec></MemPortIdVec>
<condition id="99">
<or_exp><and_exp></and_exp></or_exp>
</condition>

<Node id="192" bw="32" op_0_bw="32" op_1_bw="0">
<![CDATA[
:0  %sum_lcssa = phi i32 [ %sum, %.preheader1.0 ], [ %sum_1, %.preheader1.1 ]

]]></Node>
<StgValue><ssdm name="sum_lcssa"/></StgValue>
</operation>

<operation id="196" st_id="19" stage="1" lat="1">
<core>RAM</core>
<MemPortIdVec></MemPortIdVec>
<condition id="99">
<or_exp><and_exp></and_exp></or_exp>
</condition>

<Node id="193" bw="0" op_0_bw="32" op_1_bw="14">
<![CDATA[
:1  store i32 %sum_lcssa, i32* %C_i_addr_1, align 4

]]></Node>
<StgValue><ssdm name=""/></StgValue>
</operation>

<operation id="197" st_id="19" stage="1" lat="1">
<core>AddSub</core>
<MemPortIdVec></MemPortIdVec>
<condition id="99">
<or_exp><and_exp></and_exp></or_exp>
</condition>

<Node id="194" bw="31" op_0_bw="31" op_1_bw="31">
<![CDATA[
:2  %j_4 = add i31 %j6_mid2, 1

]]></Node>
<StgValue><ssdm name="j_4"/></StgValue>
</operation>

<operation id="198" st_id="19" stage="1" lat="1">
<core>NULL</core>
<MemPortIdVec></MemPortIdVec>
<condition id="99">
<or_exp><and_exp></and_exp></or_exp>
</condition>

<Node id="195" bw="0" op_0_bw="0">
<![CDATA[
:3  br label %.preheader2

]]></Node>
<StgValue><ssdm name=""/></StgValue>
</operation>
</state>

<state id="20" st_id="20">

<operation id="199" st_id="20" stage="1" lat="1">
<core>NULL</core>
<MemPortIdVec></MemPortIdVec>
<condition id="-1">
<or_exp><and_exp></and_exp></or_exp>
</condition>

<Node id="199" bw="64" op_0_bw="64" op_1_bw="0">
<![CDATA[
.preheader.preheader:0  %indvar_flatten3 = phi i64 [ %indvar_flatten_next2, %.preheader ], [ 0, %.preheader.preheader.preheader ]

]]></Node>
<StgValue><ssdm name="indvar_flatten3"/></StgValue>
</operation>

<operation id="200" st_id="20" stage="1" lat="1">
<core>NULL</core>
<MemPortIdVec></MemPortIdVec>
<condition id="-1">
<or_exp><and_exp></and_exp></or_exp>
</condition>

<Node id="200" bw="31" op_0_bw="31" op_1_bw="0">
<![CDATA[
.preheader.preheader:1  %i7 = phi i31 [ %tmp_16_mid2_v, %.preheader ], [ 0, %.preheader.preheader.preheader ]

]]></Node>
<StgValue><ssdm name="i7"/></StgValue>
</operation>

<operation id="201" st_id="20" stage="1" lat="1">
<core>NULL</core>
<MemPortIdVec></MemPortIdVec>
<condition id="-1">
<or_exp><and_exp></and_exp></or_exp>
</condition>

<Node id="201" bw="31" op_0_bw="31" op_1_bw="0">
<![CDATA[
.preheader.preheader:2  %j8 = phi i31 [ %j_5, %.preheader ], [ 0, %.preheader.preheader.preheader ]

]]></Node>
<StgValue><ssdm name="j8"/></StgValue>
</operation>

<operation id="202" st_id="20" stage="1" lat="1">
<core>NULL</core>
<MemPortIdVec></MemPortIdVec>
<condition id="-1">
<or_exp><and_exp></and_exp></or_exp>
</condition>

<Node id="202" bw="0" op_0_bw="0" op_1_bw="32" op_2_bw="32" op_3_bw="32" op_4_bw="32" op_5_bw="0">
<![CDATA[
.preheader.preheader:3  call void (...)* @_ssdm_op_SpecPipeline(i32 -1, i32 1, i32 1, i32 0, [1 x i8]* @p_str1) nounwind

]]></Node>
<StgValue><ssdm name=""/></StgValue>
</operation>

<operation id="203" st_id="20" stage="1" lat="1">
<core>NULL</core>
<MemPortIdVec></MemPortIdVec>
<condition id="-1">
<or_exp><and_exp></and_exp></or_exp>
</condition>

<Node id="203" bw="32" op_0_bw="31">
<![CDATA[
.preheader.preheader:4  %j8_cast = zext i31 %j8 to i32

]]></Node>
<StgValue><ssdm name="j8_cast"/></StgValue>
</operation>

<operation id="204" st_id="20" stage="1" lat="1">
<core>Cmp</core>
<MemPortIdVec></MemPortIdVec>
<condition id="-1">
<or_exp><and_exp></and_exp></or_exp>
</condition>

<Node id="204" bw="1" op_0_bw="32" op_1_bw="32">
<![CDATA[
.preheader.preheader:5  %tmp_16 = icmp slt i32 %j8_cast, %nC_read

]]></Node>
<StgValue><ssdm name="tmp_16"/></StgValue>
</operation>

<operation id="205" st_id="20" stage="1" lat="1">
<core>Cmp</core>
<MemPortIdVec></MemPortIdVec>
<condition id="-1">
<or_exp><and_exp></and_exp></or_exp>
</condition>

<Node id="205" bw="1" op_0_bw="64" op_1_bw="64">
<![CDATA[
.preheader.preheader:6  %exitcond_flatten3 = icmp eq i64 %indvar_flatten3, %bound4

]]></Node>
<StgValue><ssdm name="exitcond_flatten3"/></StgValue>
</operation>

<operation id="206" st_id="20" stage="1" lat="1">
<core>AddSub</core>
<MemPortIdVec></MemPortIdVec>
<condition id="-1">
<or_exp><and_exp></and_exp></or_exp>
</condition>

<Node id="206" bw="64" op_0_bw="64" op_1_bw="64">
<![CDATA[
.preheader.preheader:7  %indvar_flatten_next2 = add i64 %indvar_flatten3, 1

]]></Node>
<StgValue><ssdm name="indvar_flatten_next2"/></StgValue>
</operation>

<operation id="207" st_id="20" stage="1" lat="1">
<core>NULL</core>
<MemPortIdVec></MemPortIdVec>
<condition id="-1">
<or_exp><and_exp></and_exp></or_exp>
</condition>

<Node id="207" bw="0" op_0_bw="1" op_1_bw="0" op_2_bw="0">
<![CDATA[
.preheader.preheader:8  br i1 %exitcond_flatten3, label %6, label %.preheader

]]></Node>
<StgValue><ssdm name=""/></StgValue>
</operation>

<operation id="208" st_id="20" stage="1" lat="1">
<core>AddSub</core>
<MemPortIdVec></MemPortIdVec>
<condition id="12">
<or_exp><and_exp><literal name="exitcond_flatten3" val="0"/>
</and_exp></or_exp>
</condition>

<Node id="209" bw="31" op_0_bw="31" op_1_bw="31">
<![CDATA[
.preheader:0  %i_5 = add i31 1, %i7

]]></Node>
<StgValue><ssdm name="i_5"/></StgValue>
</operation>

<operation id="209" st_id="20" stage="1" lat="1">
<core>Sel</core>
<MemPortIdVec></MemPortIdVec>
<condition id="12">
<or_exp><and_exp><literal name="exitcond_flatten3" val="0"/>
</and_exp></or_exp>
</condition>

<Node id="211" bw="31" op_0_bw="1" op_1_bw="31" op_2_bw="31">
<![CDATA[
.preheader:2  %j8_mid2 = select i1 %tmp_16, i31 %j8, i31 0

]]></Node>
<StgValue><ssdm name="j8_mid2"/></StgValue>
</operation>

<operation id="210" st_id="20" stage="1" lat="1">
<core>Sel</core>
<MemPortIdVec></MemPortIdVec>
<condition id="12">
<or_exp><and_exp><literal name="exitcond_flatten3" val="0"/>
</and_exp></or_exp>
</condition>

<Node id="213" bw="31" op_0_bw="1" op_1_bw="31" op_2_bw="31">
<![CDATA[
.preheader:4  %tmp_16_mid2_v = select i1 %tmp_16, i31 %i7, i31 %i_5

]]></Node>
<StgValue><ssdm name="tmp_16_mid2_v"/></StgValue>
</operation>

<operation id="211" st_id="20" stage="1" lat="1">
<core>NULL</core>
<MemPortIdVec></MemPortIdVec>
<condition id="12">
<or_exp><and_exp><literal name="exitcond_flatten3" val="0"/>
</and_exp></or_exp>
</condition>

<Node id="214" bw="15" op_0_bw="31">
<![CDATA[
.preheader:5  %tmp_38 = trunc i31 %tmp_16_mid2_v to i15

]]></Node>
<StgValue><ssdm name="tmp_38"/></StgValue>
</operation>

<operation id="212" st_id="20" stage="1" lat="1">
<core>NULL</core>
<MemPortIdVec></MemPortIdVec>
<condition id="12">
<or_exp><and_exp><literal name="exitcond_flatten3" val="0"/>
</and_exp></or_exp>
</condition>

<Node id="216" bw="15" op_0_bw="31">
<![CDATA[
.preheader:7  %tmp_39 = trunc i31 %j8_mid2 to i15

]]></Node>
<StgValue><ssdm name="tmp_39"/></StgValue>
</operation>

<operation id="213" st_id="20" stage="1" lat="1">
<core>AddSub</core>
<MemPortIdVec></MemPortIdVec>
<condition id="12">
<or_exp><and_exp><literal name="exitcond_flatten3" val="0"/>
</and_exp></or_exp>
</condition>

<Node id="223" bw="31" op_0_bw="31" op_1_bw="31">
<![CDATA[
.preheader:14  %j_5 = add i31 1, %j8_mid2

]]></Node>
<StgValue><ssdm name="j_5"/></StgValue>
</operation>
</state>

<state id="21" st_id="21">

<operation id="214" st_id="21" stage="1" lat="1">
<core>DSP48</core>
<MemPortIdVec></MemPortIdVec>
<condition id="12">
<or_exp><and_exp><literal name="exitcond_flatten3" val="0"/>
</and_exp></or_exp>
</condition>

<Node id="215" bw="15" op_0_bw="15" op_1_bw="15">
<![CDATA[
.preheader:6  %tmp_17 = mul i15 100, %tmp_38

]]></Node>
<StgValue><ssdm name="tmp_17"/></StgValue>
</operation>

<operation id="215" st_id="21" stage="1" lat="1">
<core>DSP48</core>
<MemPortIdVec></MemPortIdVec>
<condition id="12">
<or_exp><and_exp><literal name="exitcond_flatten3" val="0"/>
</and_exp></or_exp>
</condition>

<Node id="217" bw="15" op_0_bw="15" op_1_bw="15">
<![CDATA[
.preheader:8  %tmp_19 = add i15 %tmp_17, %tmp_39

]]></Node>
<StgValue><ssdm name="tmp_19"/></StgValue>
</operation>

<operation id="216" st_id="21" stage="1" lat="1">
<core>NULL</core>
<MemPortIdVec></MemPortIdVec>
<condition id="12">
<or_exp><and_exp><literal name="exitcond_flatten3" val="0"/>
</and_exp></or_exp>
</condition>

<Node id="218" bw="64" op_0_bw="15">
<![CDATA[
.preheader:9  %tmp_21_cast = sext i15 %tmp_19 to i64

]]></Node>
<StgValue><ssdm name="tmp_21_cast"/></StgValue>
</operation>

<operation id="217" st_id="21" stage="1" lat="1">
<core>NULL</core>
<MemPortIdVec></MemPortIdVec>
<condition id="12">
<or_exp><and_exp><literal name="exitcond_flatten3" val="0"/>
</and_exp></or_exp>
</condition>

<Node id="220" bw="14" op_0_bw="32" op_1_bw="64" op_2_bw="64">
<![CDATA[
.preheader:11  %C_i_addr_2 = getelementptr [10000 x i32]* %C_i, i64 0, i64 %tmp_21_cast

]]></Node>
<StgValue><ssdm name="C_i_addr_2"/></StgValue>
</operation>

<operation id="218" st_id="21" stage="2" lat="2">
<core>RAM</core>
<MemPortIdVec></MemPortIdVec>
<condition id="12">
<or_exp><and_exp><literal name="exitcond_flatten3" val="0"/>
</and_exp></or_exp>
</condition>

<Node id="221" bw="32" op_0_bw="14">
<![CDATA[
.preheader:12  %C_i_load = load i32* %C_i_addr_2, align 4

]]></Node>
<StgValue><ssdm name="C_i_load"/></StgValue>
</operation>
</state>

<state id="22" st_id="22">

<operation id="219" st_id="22" stage="1" lat="1">
<core>NULL</core>
<MemPortIdVec></MemPortIdVec>
<condition id="12">
<or_exp><and_exp><literal name="exitcond_flatten3" val="0"/>
</and_exp></or_exp>
</condition>

<Node id="210" bw="0" op_0_bw="0" op_1_bw="32" op_2_bw="32" op_3_bw="32" op_4_bw="32" op_5_bw="0">
<![CDATA[
.preheader:1  call void (...)* @_ssdm_op_SpecPipeline(i32 -1, i32 1, i32 1, i32 0, [1 x i8]* @p_str1) nounwind

]]></Node>
<StgValue><ssdm name=""/></StgValue>
</operation>

<operation id="220" st_id="22" stage="1" lat="1">
<core>NULL</core>
<MemPortIdVec></MemPortIdVec>
<condition id="12">
<or_exp><and_exp><literal name="exitcond_flatten3" val="0"/>
</and_exp></or_exp>
</condition>

<Node id="212" bw="0" op_0_bw="0" op_1_bw="32" op_2_bw="32" op_3_bw="32" op_4_bw="32" op_5_bw="0">
<![CDATA[
.preheader:3  call void (...)* @_ssdm_op_SpecPipeline(i32 -1, i32 1, i32 1, i32 0, [1 x i8]* @p_str1) nounwind

]]></Node>
<StgValue><ssdm name=""/></StgValue>
</operation>

<operation id="221" st_id="22" stage="1" lat="1">
<core>NULL</core>
<MemPortIdVec></MemPortIdVec>
<condition id="12">
<or_exp><and_exp><literal name="exitcond_flatten3" val="0"/>
</and_exp></or_exp>
</condition>

<Node id="219" bw="14" op_0_bw="32" op_1_bw="64" op_2_bw="64">
<![CDATA[
.preheader:10  %C_addr = getelementptr [10000 x i32]* %C, i64 0, i64 %tmp_21_cast

]]></Node>
<StgValue><ssdm name="C_addr"/></StgValue>
</operation>

<operation id="222" st_id="22" stage="1" lat="2">
<core>RAM</core>
<MemPortIdVec></MemPortIdVec>
<condition id="12">
<or_exp><and_exp><literal name="exitcond_flatten3" val="0"/>
</and_exp></or_exp>
</condition>

<Node id="221" bw="32" op_0_bw="14">
<![CDATA[
.preheader:12  %C_i_load = load i32* %C_i_addr_2, align 4

]]></Node>
<StgValue><ssdm name="C_i_load"/></StgValue>
</operation>

<operation id="223" st_id="22" stage="1" lat="1">
<core>RAM</core>
<MemPortIdVec></MemPortIdVec>
<condition id="12">
<or_exp><and_exp><literal name="exitcond_flatten3" val="0"/>
</and_exp></or_exp>
</condition>

<Node id="222" bw="0" op_0_bw="32" op_1_bw="14">
<![CDATA[
.preheader:13  store i32 %C_i_load, i32* %C_addr, align 4

]]></Node>
<StgValue><ssdm name=""/></StgValue>
</operation>

<operation id="224" st_id="22" stage="1" lat="1">
<core>NULL</core>
<MemPortIdVec></MemPortIdVec>
<condition id="12">
<or_exp><and_exp><literal name="exitcond_flatten3" val="0"/>
</and_exp></or_exp>
</condition>

<Node id="224" bw="0" op_0_bw="0">
<![CDATA[
.preheader:15  br label %.preheader.preheader

]]></Node>
<StgValue><ssdm name=""/></StgValue>
</operation>
</state>

<state id="23" st_id="23">

<operation id="225" st_id="23" stage="1" lat="1">
<core>NULL</core>
<MemPortIdVec></MemPortIdVec>
<condition id="100">
<or_exp><and_exp></and_exp></or_exp>
</condition>

<Node id="226" bw="0">
<![CDATA[
:0  ret void

]]></Node>
<StgValue><ssdm name=""/></StgValue>
</operation>
</state>
</state_list>


<ports>
</ports>


<dataflows>
</dataflows>


</stg>
